0.012|2026-07-25T12:47:58.008Z|30|Discharging|7561000|336000|NA|NA|NA|1050000|3500000|NA|NA|0|cpu 29172 0 27509 665295 2055 0 1634 0 0 0|795927|50000|3829108|2557768|2470740|177594|108354|123339|4|3.03%|49.42MiB / 3.652GiB
3.015|2026-07-25T12:48:01.055Z|30|Discharging|7561000|356000|NA|NA|NA|1050000|3500000|NA|NA|0|cpu 29206 0 27552 666422 2055 0 1636 0 0 0|795927|50000|3829108|2555324|2470740|178354|108450|123441|4|8.12%|49.43MiB / 3.652GiB
6.016|2026-07-25T12:48:04.012Z|30|Discharging|7561000|297000|NA|NA|NA|1050000|3500000|NA|NA|0|cpu 29273 0 27638 667416 2056 0 1638 0 0 0|795927|50000|3829108|2549272|2470740|178554|108697|123757|4|2.11%|49.43MiB / 3.652GiB
9.015|2026-07-25T12:48:07.063Z|30|Discharging|7575000|267000|NA|NA|NA|1050000|3500000|NA|NA|0|cpu 29307 0 27674 668553 2056 0 1640 0 0 0|795208|49000|3829108|2547252|2470740|178690|108779|123844|4|1.56%|49.43MiB / 3.652GiB
12.015|2026-07-25T12:48:10.057Z|30|Discharging|7575000|287000|NA|NA|NA|1050000|3500000|NA|NA|0|cpu 29339 0 27712 669663 2056 0 1642 0 0 0|796038|50000|3829108|2555448|2470740|178810|108844|123914|4|3.20%|49.42MiB / 3.652GiB
15.014|2026-07-25T12:48:13.055Z|30|Discharging|7575000|287000|NA|NA|NA|1050000|3500000|NA|NA|0|cpu 29371 0 27750 670776 2056 0 1644 0 0 0|796544|49000|3829108|2556868|2470740|178922|108922|124001|4|4.00%|49.43MiB / 3.652GiB
18.014|2026-07-25T12:48:16.011Z|30|Discharging|7533000|336000|NA|NA|NA|1050000|3500000|NA|NA|0|cpu 29437 0 27836 671774 2057 0 1646 0 0 0|797149|50000|3829108|2549076|2470740|179090|109127|124266|4|2.37%|49.43MiB / 3.652GiB
21.014|2026-07-25T12:48:19.053Z|30|Discharging|7533000|287000|NA|NA|NA|1050000|3500000|NA|NA|0|cpu 29477 0 27873 672898 2058 0 1649 0 0 0|795927|49000|3829108|2548972|2470740|179170|109249|124397|4|1.29%|49.43MiB / 3.652GiB
24.015|2026-07-25T12:48:22.056Z|30|Discharging|7547000|306000|NA|NA|NA|1050000|3500000|NA|NA|0|cpu 29505 0 27908 674016 2058 0 1650 0 0 0|796530|49000|3829108|2551496|2470740|179194|109319|124470|4|1.85%|49.43MiB / 3.652GiB
27.014|2026-07-25T12:48:25.059Z|30|Discharging|7547000|306000|NA|NA|NA|1050000|3500000|NA|NA|0|cpu 29535 0 27949 675126 2059 0 1653 0 0 0|796138|49000|3829108|2551760|2470740|179346|109414|124566|4|0.63%|49.42MiB / 3.652GiB
30.014|2026-07-25T12:48:28.123Z|30|Discharging|7547000|326000|NA|NA|NA|1050000|3500000|NA|NA|0|cpu 29586 0 28015 676205 2059 0 1654 0 0 0|795927|49000|3829108|2547888|2470740|179650|109533|124726|4|3.75%|49.43MiB / 3.652GiB
33.015|2026-07-25T12:48:31.065Z|30|Discharging|7547000|287000|NA|NA|NA|1050000|3500000|NA|NA|0|cpu 29632 0 28080 677254 2060 0 1656 0 0 0|795927|49000|3829108|2547216|2470740|179954|109665|124872|4|1.11%|49.43MiB / 3.652GiB
36.016|2026-07-25T12:48:34.054Z|30|Discharging|7519000|287000|NA|NA|NA|1050000|3500000|NA|NA|0|cpu 29666 0 28117 678368 2061 0 1658 0 0 0|795706|49000|3829108|2546964|2470740|180242|109713|124922|4|2.24%|49.43MiB / 3.652GiB
39.014|2026-07-25T12:48:37.052Z|30|Discharging|7519000|277000|NA|NA|NA|1050000|3500000|NA|NA|0|cpu 29695 0 28153 679483 2062 0 1660 0 0 0|795927|49000|3829108|2542700|2470740|180506|109798|125005|4|1.27%|49.43MiB / 3.652GiB
42.014|2026-07-25T12:48:40.065Z|30|Discharging|7533000|297000|NA|NA|NA|1050000|3500000|NA|NA|0|cpu 29725 0 28190 680598 2062 0 1661 0 0 0|795943|49000|3829108|2544656|2470740|180738|109845|125056|4|2.60%|49.42MiB / 3.652GiB
45.014|2026-07-25T12:48:43.056Z|30|Discharging|7533000|316000|NA|NA|NA|1050000|3500000|NA|NA|0|cpu 29757 0 28231 681708 2062 0 1662 0 0 0|795589|49000|3829108|2542592|2470740|180746|109927|125146|4|5.57%|49.45MiB / 3.652GiB
48.015|2026-07-25T12:48:46.012Z|30|Discharging|7533000|306000|NA|NA|NA|1050000|3500000|NA|NA|0|cpu 29825 0 28319 682702 2062 0 1664 0 0 0|795927|49000|3829108|2544400|2470740|180842|110179|125452|4|2.86%|49.68MiB / 3.652GiB
51.014|2026-07-25T12:48:49.061Z|30|Discharging|7547000|326000|NA|NA|NA|1050000|3500000|NA|NA|0|cpu 29861 0 28355 683832 2062 0 1667 0 0 0|795927|49000|3829108|2547676|2470740|180938|110303|125595|4|2.42%|49.43MiB / 3.652GiB
54.014|2026-07-25T12:48:52.058Z|30|Discharging|7533000|306000|NA|NA|NA|1050000|3500000|NA|NA|0|cpu 29896 0 28400 684934 2063 0 1670 0 0 0|795927|49000|3829108|2540288|2470740|181074|110437|125733|4|0.93%|49.43MiB / 3.652GiB
57.014|2026-07-25T12:48:55.090Z|30|Discharging|7533000|257000|NA|NA|NA|1050000|3500000|NA|NA|0|cpu 29932 0 28448 686031 2064 0 1671 0 0 0|795927|48000|3829108|2542720|2470740|181186|110529|125866|4|3.21%|49.43MiB / 3.652GiB
60.015|2026-07-25T12:48:58.067Z|30|Discharging|7533000|475000|NA|NA|NA|1050000|3500000|NA|NA|0|cpu 30164 0 28594 686795 2064 0 1674 0 0 0|795927|49000|3829108|2540060|2470740|181266|110749|126116|4|1.46%|49.43MiB / 3.652GiB
63.014|2026-07-25T12:49:01.055Z|30|Discharging|7519000|287000|NA|NA|NA|1050000|3500000|NA|NA|0|cpu 30200 0 28634 687899 2064 0 1677 0 0 0|796952|49000|3829108|2541772|2470740|181410|110852|126222|4|1.03%|49.43MiB / 3.652GiB
66.014|2026-07-25T12:49:04.054Z|30|Discharging|7519000|306000|NA|NA|NA|1050000|3500000|NA|NA|0|cpu 30233 0 28672 689009 2064 0 1679 0 0 0|795943|48000|3829108|2545264|2470740|181538|110948|126324|4|0.95%|49.43MiB / 3.652GiB
69.014|2026-07-25T12:49:07.069Z|30|Discharging|7506000|306000|NA|NA|NA|1050000|3500000|NA|NA|0|cpu 30261 0 28708 690132 2064 0 1680 0 0 0|795927|48000|3829108|2540244|2470740|181650|110966|126342|4|7.50%|49.43MiB / 3.652GiB
72.014|2026-07-25T12:49:10.069Z|30|Discharging|7506000|346000|NA|NA|NA|1050000|3500000|NA|NA|0|cpu 30333 0 28796 691142 2065 0 1683 0 0 0|796289|48000|3829108|2550448|2470740|181682|111217|126662|4|1.66%|49.44MiB / 3.652GiB
75.014|2026-07-25T12:49:13.054Z|30|Discharging|7519000|257000|NA|NA|NA|1050000|3500000|NA|NA|0|cpu 30368 0 28831 692254 2065 0 1684 0 0 0|796256|48000|3829108|2551032|2470740|181698|111291|126741|4|1.25%|49.43MiB / 3.652GiB
78.015|2026-07-25T12:49:16.063Z|30|Discharging|7519000|297000|NA|NA|NA|1050000|3500000|NA|NA|0|cpu 30396 0 28869 693370 2065 0 1687 0 0 0|795927|48000|3829108|2557484|2470740|181874|111377|126832|4|1.29%|49.43MiB / 3.652GiB
81.014|2026-07-25T12:49:19.054Z|30|Discharging|7519000|297000|NA|NA|NA|1050000|3500000|NA|NA|0|cpu 30432 0 28907 694480 2065 0 1689 0 0 0|795927|48000|3829108|2555372|2470740|181882|111450|126912|4|0.60%|49.43MiB / 3.652GiB
84.014|2026-07-25T12:49:22.074Z|30|Discharging|7519000|306000|NA|NA|NA|1050000|3500000|NA|NA|0|cpu 30457 0 28944 695599 2066 0 1690 0 0 0|795898|49000|3829108|2551912|2470740|181914|111466|126929|4|5.82%|49.43MiB / 3.652GiB
87.014|2026-07-25T12:49:25.062Z|30|Discharging|7506000|326000|NA|NA|NA|1050000|3500000|NA|NA|0|cpu 30527 0 29033 696615 2066 0 1693 0 0 0|795943|48000|3829108|2548676|2470740|181930|111662|127185|4|1.31%|49.68MiB / 3.652GiB
90.015|2026-07-25T12:49:28.054Z|30|Discharging|7506000|326000|NA|NA|NA|1050000|3500000|NA|NA|0|cpu 30560 0 29071 697728 2066 0 1695 0 0 0|795772|48000|3829108|2549316|2470740|182026|111723|127255|4|2.07%|49.43MiB / 3.652GiB
93.014|2026-07-25T12:49:31.056Z|30|Discharging|7519000|287000|NA|NA|NA|1050000|3500000|NA|NA|0|cpu 30593 0 29108 698841 2066 0 1698 0 0 0|796287|48000|3829108|2538392|2470740|182130|111812|127357|4|3.45%|49.43MiB / 3.652GiB
96.014|2026-07-25T12:49:34.071Z|30|Discharging|7519000|277000|NA|NA|NA|1050000|3500000|NA|NA|0|cpu 30626 0 29149 699945 2067 0 1700 0 0 0|795935|48000|3829108|2547152|2470740|182186|111918|127467|4|2.03%|49.67MiB / 3.652GiB
99.015|2026-07-25T12:49:37.063Z|30|Discharging|7519000|297000|NA|NA|NA|1050000|3500000|NA|NA|0|cpu 30696 0 29240 700959 2067 0 1703 0 0 0|796322|48000|3829108|2544992|2470740|182226|112143|127751|4|2.35%|49.43MiB / 3.652GiB
102.014|2026-07-25T12:49:40.051Z|30|Discharging|7519000|306000|NA|NA|NA|1050000|3500000|NA|NA|0|cpu 30729 0 29276 702070 2067 0 1705 0 0 0|795927|48000|3829108|2543944|2470740|182570|112256|127858|4|2.46%|49.67MiB / 3.652GiB
105.014|2026-07-25T12:49:43.054Z|30|Discharging|7519000|277000|NA|NA|NA|1050000|3500000|NA|NA|0|cpu 30761 0 29315 703178 2068 0 1708 0 0 0|796280|48000|3829108|2544280|2470740|182650|112394|127980|4|2.31%|49.43MiB / 3.652GiB
108.014|2026-07-25T12:49:46.060Z|30|Discharging|7492000|316000|NA|NA|NA|1050000|3500000|NA|NA|0|cpu 30794 0 29352 704286 2069 0 1711 0 0 0|796306|48000|3829108|2545144|2470740|183002|112493|128046|4|3.51%|49.45MiB / 3.652GiB
111.014|2026-07-25T12:49:49.059Z|30|Discharging|7492000|306000|NA|NA|NA|1050000|3500000|NA|NA|0|cpu 30871 0 29441 705293 2069 0 1712 0 0 0|796001|48000|3829108|2545592|2470740|183362|112739|128343|4|2.05%|49.44MiB / 3.652GiB
114.014|2026-07-25T12:49:52.052Z|30|Discharging|7506000|316000|NA|NA|NA|1050000|3500000|NA|NA|0|cpu 30902 0 29479 706406 2071 0 1715 0 0 0|795927|48000|3829108|2541664|2470740|183626|112843|128453|4|2.09%|49.45MiB / 3.652GiB
117.014|2026-07-25T12:49:55.053Z|30|Discharging|7506000|326000|NA|NA|NA|1050000|3500000|NA|NA|0|cpu 30933 0 29518 707518 2072 0 1716 0 0 0|795951|48000|3829108|2538832|2470740|183762|112941|128555|4|1.07%|49.45MiB / 3.652GiB
120.014|2026-07-25T12:49:58.059Z|30|Discharging|7492000|267000|NA|NA|NA|1050000|3500000|NA|NA|0|cpu 30963 0 29556 708630 2072 0 1718 0 0 0|795927|48000|3829108|2541448|2470740|183890|113016|128633|4|0.94%|49.45MiB / 3.652GiB
123.014|2026-07-25T12:50:01.001Z|30|Discharging|7492000|267000|NA|NA|NA|1050000|3500000|NA|NA|0|cpu 31030 0 29624 709652 2072 0 1719 0 0 0|796245|48000|3829108|2551156|2470740|183898|113157|128820|4|3.38%|49.45MiB / 3.652GiB
126.014|2026-07-25T12:50:04.054Z|30|Discharging|7492000|287000|NA|NA|NA|1050000|3500000|NA|NA|0|cpu 31072 0 29683 710752 2072 0 1722 0 0 0|795927|48000|3829108|2534372|2470756|183938|113285|128956|4|1.57%|49.45MiB / 3.652GiB
129.014|2026-07-25T12:50:07.055Z|30|Discharging|7492000|306000|NA|NA|NA|1050000|3500000|NA|NA|0|cpu 31102 0 29721 711867 2072 0 1725 0 0 0|796237|48000|3829108|2535128|2470756|184066|113366|129033|4|0.88%|49.7MiB / 3.652GiB
132.014|2026-07-25T12:50:10.063Z|30|Discharging|7506000|287000|NA|NA|NA|1050000|3500000|NA|NA|0|cpu 31134 0 29758 712981 2073 0 1727 0 0 0|795919|48000|3829108|2551688|2470756|184186|113479|129147|4|2.71%|49.45MiB / 3.652GiB
135.015|2026-07-25T12:50:13.053Z|30|Discharging|7506000|336000|NA|NA|NA|1050000|3500000|NA|NA|0|cpu 31168 0 29800 714088 2073 0 1729 0 0 0|795927|48000|3829108|2551612|2470756|184594|113543|129210|4|4.27%|49.45MiB / 3.652GiB
138.014|2026-07-25T12:50:15.999Z|30|Discharging|7519000|366000|NA|NA|NA|1050000|3500000|NA|NA|0|cpu 31244 0 29895 715063 2075 0 1731 0 0 0|795943|48000|3829108|2548824|2470756|185098|113813|129554|4|1.06%|49.45MiB / 3.652GiB
141.014|2026-07-25T12:50:19.064Z|30|Discharging|7519000|287000|NA|NA|NA|1050000|3500000|NA|NA|0|cpu 31274 0 29929 716205 2075 0 1733 0 0 0|795927|48000|3829108|2544504|2470756|185274|113878|129617|4|0.80%|49.45MiB / 3.652GiB
144.014|2026-07-25T12:50:22.055Z|30|Discharging|7506000|306000|NA|NA|NA|1050000|3500000|NA|NA|0|cpu 31310 0 29965 717318 2076 0 1735 0 0 0|795548|48000|3829108|2540752|2470756|185426|113951|129688|4|1.69%|49.45MiB / 3.652GiB
147.014|2026-07-25T12:50:25.055Z|30|Discharging|7506000|297000|NA|NA|NA|1050000|3500000|NA|NA|0|cpu 31341 0 30008 718425 2076 0 1737 0 0 0|795927|47000|3829108|2550440|2470756|185434|114041|129783|4|0.62%|49.45MiB / 3.652GiB
150.014|2026-07-25T12:50:28.034Z|30|Discharging|7506000|287000|NA|NA|NA|1050000|3500000|NA|NA|0|cpu 31389 0 30067 719475 2076 0 1738 0 0 0|795943|48000|3829108|2542396|2470756|185554|114153|129939|4|4.58%|49.45MiB / 3.652GiB
153.014|2026-07-25T12:50:31.052Z|30|Discharging|7506000|386000|NA|NA|NA|1050000|3500000|NA|NA|0|cpu 31442 0 30135 720557 2076 0 1740 0 0 0|797413|47000|3829108|2549164|2470756|185658|114319|130123|4|1.89%|49.45MiB / 3.652GiB
156.014|2026-07-25T12:50:34.060Z|30|Discharging|7506000|306000|NA|NA|NA|1050000|3500000|NA|NA|0|cpu 31474 0 30172 721669 2077 0 1743 0 0 0|795691|47000|3829108|2541112|2470756|185690|114432|130242|4|2.03%|49.69MiB / 3.652GiB
159.014|2026-07-25T12:50:37.058Z|30|Discharging|7506000|277000|NA|NA|NA|1050000|3500000|NA|NA|0|cpu 31505 0 30208 722783 2077 0 1745 0 0 0|795927|48000|3829108|2550472|2470756|185722|114533|130342|4|1.41%|49.45MiB / 3.652GiB
162.014|2026-07-25T12:50:40.058Z|30|Discharging|7506000|267000|NA|NA|NA|1050000|3500000|NA|NA|0|cpu 31536 0 30246 723895 2078 0 1746 0 0 0|795927|47000|3829108|2545936|2470756|186122|114592|130398|4|7.03%|49.45MiB / 3.652GiB
165.015|2026-07-25T12:50:43.000Z|30|Discharging|7506000|346000|NA|NA|NA|1050000|3500000|NA|NA|0|cpu 31613 0 30330 724881 2078 0 1748 0 0 0|795914|47000|3829108|2550724|2470756|186282|114884|130741|4|1.91%|49.45MiB / 3.652GiB
168.015|2026-07-25T12:50:46.054Z|30|Discharging|7506000|297000|NA|NA|NA|1050000|3500000|NA|NA|0|cpu 31644 0 30370 726012 2079 0 1751 0 0 0|795927|47000|3829108|2539520|2470756|186394|114993|130862|4|1.69%|49.7MiB / 3.652GiB
171.014|2026-07-25T12:50:49.052Z|30|Discharging|7492000|277000|NA|NA|NA|1050000|3500000|NA|NA|0|cpu 31674 0 30405 727130 2080 0 1752 0 0 0|795927|47000|3829108|2541096|2470756|186842|115057|130928|4|2.37%|49.45MiB / 3.652GiB
174.014|2026-07-25T12:50:52.061Z|30|Discharging|7492000|316000|NA|NA|NA|1050000|3500000|NA|NA|0|cpu 31703 0 30443 728244 2080 0 1753 0 0 0|796901|47000|3829108|2548248|2470756|186994|115117|130993|4|5.90%|49.46MiB / 3.652GiB
177.015|2026-07-25T12:50:55.009Z|30|Discharging|7492000|297000|NA|NA|NA|1050000|3500000|NA|NA|0|cpu 31773 0 30532 729236 2080 0 1756 0 0 0|795927|48000|3829108|2545760|2470756|187002|115328|131262|4|1.40%|49.46MiB / 3.652GiB
180.014|2026-07-25T12:50:58.055Z|30|Discharging|7492000|297000|NA|NA|NA|1050000|3500000|NA|NA|0|cpu 31806 0 30570 730368 2080 0 1758 0 0 0|795927|47000|3829108|2554072|2470756|187186|115432|131385|4|1.54%|49.46MiB / 3.652GiB
183.014|2026-07-25T12:51:01.070Z|30|Discharging|7492000|336000|NA|NA|NA|1050000|3500000|NA|NA|0|cpu 31838 0 30606 731479 2080 0 1760 0 0 0|795927|47000|3829108|2542616|2470756|187194|115567|131529|4|0.60%|49.46MiB / 3.652GiB
186.014|2026-07-25T12:51:04.059Z|30|Discharging|7492000|287000|NA|NA|NA|1050000|3500000|NA|NA|0|cpu 31870 0 30641 732594 2081 0 1761 0 0 0|795927|47000|3829108|2553160|2470756|187242|115598|131560|4|7.60%|49.46MiB / 3.652GiB
189.014|2026-07-25T12:51:07.064Z|30|Discharging|7492000|346000|NA|NA|NA|1050000|3500000|NA|NA|0|cpu 31936 0 30734 733607 2081 0 1764 0 0 0|796729|47000|3829108|2545476|2470756|187258|115841|131868|4|0.88%|49.7MiB / 3.652GiB
192.014|2026-07-25T12:51:10.064Z|30|Discharging|7492000|297000|NA|NA|NA|1050000|3500000|NA|NA|0|cpu 31969 0 30769 734722 2081 0 1766 0 0 0|795943|47000|3829108|2544996|2470756|187434|115894|131920|4|2.16%|49.46MiB / 3.652GiB
195.014|2026-07-25T12:51:13.060Z|30|Discharging|7492000|287000|NA|NA|NA|1050000|3500000|NA|NA|0|cpu 32001 0 30806 735833 2081 0 1768 0 0 0|796134|48000|3829108|2547640|2470756|187458|116021|132052|4|2.13%|49.46MiB / 3.652GiB
198.015|2026-07-25T12:51:16.052Z|30|Discharging|7492000|306000|NA|NA|NA|1050000|3500000|NA|NA|0|cpu 32035 0 30847 736938 2082 0 1771 0 0 0|795927|48000|3829108|2541792|2470756|187506|116119|132158|4|0.93%|49.45MiB / 3.652GiB
201.014|2026-07-25T12:51:19.000Z|30|Discharging|7492000|316000|NA|NA|NA|1050000|3500000|NA|NA|0|cpu 32094 0 30930 737945 2082 0 1773 0 0 0|795605|48000|3829108|2544556|2470756|187530|116318|132406|4|1.29%|49.46MiB / 3.652GiB
204.014|2026-07-25T12:51:22.069Z|30|Discharging|7492000|287000|NA|NA|NA|1050000|3500000|NA|NA|0|cpu 32126 0 30972 739079 2082 0 1775 0 0 0|795927|48000|3829108|2548404|2470756|187706|116386|132495|4|2.24%|49.46MiB / 3.652GiB
207.014|2026-07-25T12:51:25.055Z|30|Discharging|7492000|287000|NA|NA|NA|1050000|3500000|NA|NA|0|cpu 32164 0 31006 740189 2082 0 1777 0 0 0|795919|47000|3829108|2556540|2470756|187714|116467|132585|4|4.10%|49.46MiB / 3.652GiB
210.016|2026-07-25T12:51:28.053Z|30|Discharging|7492000|346000|NA|NA|NA|1050000|3500000|NA|NA|0|cpu 32197 0 31050 741293 2083 0 1779 0 0 0|796040|47000|3829108|2554080|2470860|187986|116586|132711|4|0.93%|49.45MiB / 3.652GiB
213.014|2026-07-25T12:51:31.073Z|30|Discharging|7492000|277000|NA|NA|NA|1050000|3500000|NA|NA|0|cpu 32263 0 31139 742314 2083 0 1781 0 0 0|795943|48000|3829108|2539520|2470860|188130|116792|132979|4|1.98%|49.46MiB / 3.652GiB
216.014|2026-07-25T12:51:34.056Z|30|Discharging|7492000|316000|NA|NA|NA|1050000|3500000|NA|NA|0|cpu 32298 0 31174 743421 2083 0 1783 0 0 0|796126|48000|3829108|2541820|2470860|188250|116909|133098|4|1.55%|49.46MiB / 3.652GiB
219.015|2026-07-25T12:51:37.056Z|30|Discharging|7492000|287000|NA|NA|NA|1050000|3500000|NA|NA|0|cpu 32333 0 31215 744524 2083 0 1786 0 0 0|795927|48000|3829108|2551700|2470860|188274|117037|133231|4|2.06%|49.46MiB / 3.652GiB
222.015|2026-07-25T12:51:40.053Z|30|Discharging|7492000|326000|NA|NA|NA|1050000|3500000|NA|NA|0|cpu 32368 0 31251 745637 2084 0 1788 0 0 0|795927|48000|3829108|2546880|2470860|188410|117104|133304|4|0.92%|49.46MiB / 3.652GiB
225.013|2026-07-25T12:51:43.063Z|30|Discharging|7478000|316000|NA|NA|NA|1050000|3500000|NA|NA|0|cpu 32436 0 31337 746655 2084 0 1791 0 0 0|796285|48000|3829108|2540680|2470860|188506|117347|133591|4|1.25%|49.46MiB / 3.652GiB
228.015|2026-07-25T12:51:46.064Z|30|Discharging|7506000|316000|NA|NA|NA|1050000|3500000|NA|NA|0|cpu 32468 0 31373 747765 2085 0 1793 0 0 0|795927|47000|3829108|2549452|2470860|188938|117444|133675|4|2.07%|49.46MiB / 3.652GiB
231.014|2026-07-25T12:51:49.074Z|30|Discharging|7506000|297000|NA|NA|NA|1050000|3500000|NA|NA|0|cpu 32501 0 31411 748878 2085 0 1795 0 0 0|796261|47000|3829108|2542956|2470860|189114|117534|133771|4|2.51%|49.46MiB / 3.652GiB
234.014|2026-07-25T12:51:52.054Z|30|Discharging|7506000|287000|NA|NA|NA|1050000|3500000|NA|NA|0|cpu 32539 0 31451 749983 2085 0 1797 0 0 0|795927|47000|3829108|2554120|2470860|189346|117639|133867|4|0.95%|49.46MiB / 3.652GiB
237.015|2026-07-25T12:51:55.014Z|30|Discharging|7492000|257000|NA|NA|NA|1050000|3500000|NA|NA|0|cpu 32605 0 31528 750991 2086 0 1800 0 0 0|795927|47000|3829108|2548512|2470860|189410|117851|134129|4|1.88%|49.47MiB / 3.652GiB
240.014|2026-07-25T12:51:58.071Z|30|Discharging|7492000|346000|NA|NA|NA|1050000|3500000|NA|NA|0|cpu 32642 0 31578 752103 2086 0 1803 0 0 0|795927|47000|3829108|2540892|2470860|189474|118062|134354|4|1.33%|49.46MiB / 3.652GiB
243.015|2026-07-25T12:52:01.061Z|30|Discharging|7492000|297000|NA|NA|NA|1050000|3500000|NA|NA|0|cpu 32679 0 31615 753213 2086 0 1804 0 0 0|795927|47000|3829108|2546868|2470860|189602|118137|134432|4|9.02%|49.47MiB / 3.652GiB
246.014|2026-07-25T12:52:04.005Z|30|Discharging|7492000|346000|NA|NA|NA|1050000|3500000|NA|NA|0|cpu 32748 0 31705 754201 2086 0 1807 0 0 0|795943|47000|3829108|2539932|2470860|189698|118435|134794|4|2.19%|49.47MiB / 3.652GiB
249.014|2026-07-25T12:52:07.055Z|30|Discharging|7492000|306000|NA|NA|NA|1050000|3500000|NA|NA|0|cpu 32782 0 31745 755329 2086 0 1812 0 0 0|795734|46000|3829108|2540688|2471076|189722|118577|134948|4|2.84%|49.46MiB / 3.652GiB
252.015|2026-07-25T12:52:10.064Z|30|Discharging|7492000|287000|NA|NA|NA|1050000|3500000|NA|NA|0|cpu 32813 0 31785 756441 2087 0 1815 0 0 0|795927|46000|3829108|2545040|2471076|189914|118655|135032|4|3.57%|49.47MiB / 3.652GiB
255.015|2026-07-25T12:52:13.061Z|30|Discharging|7492000|306000|NA|NA|NA|1050000|3500000|NA|NA|0|cpu 32884 0 31874 757455 2087 0 1817 0 0 0|795562|46000|3829108|2540952|2471076|189922|118895|135338|4|1.65%|49.71MiB / 3.652GiB
258.014|2026-07-25T12:52:16.060Z|30|Discharging|7492000|297000|NA|NA|NA|1050000|3500000|NA|NA|0|cpu 32914 0 31909 758568 2087 0 1820 0 0 0|796052|46000|3829108|2541348|2471076|189954|118985|135435|4|1.43%|49.47MiB / 3.652GiB
261.016|2026-07-25T12:52:19.057Z|30|Discharging|7464000|287000|NA|NA|NA|1050000|3500000|NA|NA|0|cpu 32951 0 31950 759669 2087 0 1824 0 0 0|795943|47000|3829108|2541904|2471076|189978|119158|135611|4|0.61%|49.46MiB / 3.652GiB
264.014|2026-07-25T12:52:22.095Z|30|Discharging|7464000|306000|NA|NA|NA|1050000|3500000|NA|NA|0|cpu 32983 0 31990 760780 2088 0 1825 0 0 0|795927|47000|3829108|2553680|2471076|190338|119207|135692|4|6.00%|49.47MiB / 3.652GiB
267.014|2026-07-25T12:52:25.057Z|30|Discharging|7464000|376000|NA|NA|NA|1050000|3500000|NA|NA|0|cpu 33052 0 32072 761800 2088 0 1827 0 0 0|795927|46000|3829108|2550380|2471076|190394|119423|135950|4|1.77%|49.47MiB / 3.652GiB
270.014|2026-07-25T12:52:28.054Z|30|Discharging|7492000|267000|NA|NA|NA|1050000|3500000|NA|NA|0|cpu 33083 0 32113 762911 2088 0 1829 0 0 0|795775|46000|3829108|2549660|2471076|190434|119520|136048|4|2.71%|49.47MiB / 3.652GiB
273.015|2026-07-25T12:52:31.054Z|30|Discharging|7492000|306000|NA|NA|NA|1050000|3500000|NA|NA|0|cpu 33115 0 32154 764019 2088 0 1832 0 0 0|795927|46000|3829108|2542836|2471076|190442|119647|136181|4|0.69%|49.46MiB / 3.652GiB
276.014|2026-07-25T12:52:34.014Z|30|Discharging|7492000|316000|NA|NA|NA|1050000|3500000|NA|NA|0|cpu 33176 0 32214 765051 2089 0 1833 0 0 0|795943|47000|3829108|2544752|2471076|190626|119775|136350|4|5.85%|49.46MiB / 3.652GiB
279.015|2026-07-25T12:52:37.054Z|30|Discharging|7492000|376000|NA|NA|NA|1050000|3500000|NA|NA|0|cpu 33226 0 32281 766130 2089 0 1836 0 0 0|795927|46000|3829108|2549388|2471076|190634|120101|136721|4|0.61%|49.46MiB / 3.652GiB
282.014|2026-07-25T12:52:40.081Z|30|Discharging|7478000|316000|NA|NA|NA|1050000|3500000|NA|NA|0|cpu 33259 0 32329 767230 2090 0 1837 0 0 0|795951|47000|3829108|2543684|2471076|190770|120201|136862|4|5.80%|49.47MiB / 3.652GiB
285.014|2026-07-25T12:52:43.065Z|30|Discharging|7478000|376000|NA|NA|NA|1050000|3500000|NA|NA|0|cpu 33327 0 32407 768260 2090 0 1840 0 0 0|795919|47000|3829108|2548296|2471076|190778|120395|137096|4|1.25%|49.47MiB / 3.652GiB
288.014|2026-07-25T12:52:46.056Z|30|Discharging|7492000|316000|NA|NA|NA|1050000|3500000|NA|NA|0|cpu 33358 0 32446 769373 2090 0 1842 0 0 0|796564|46000|3829108|2547988|2471076|190954|120475|137178|4|1.88%|49.47MiB / 3.652GiB
291.014|2026-07-25T12:52:49.055Z|30|Discharging|7492000|277000|NA|NA|NA|1050000|3500000|NA|NA|0|cpu 33393 0 32488 770475 2090 0 1844 0 0 0|795927|46000|3829108|2544060|2471076|191130|120623|137320|4|0.62%|49.47MiB / 3.652GiB
294.014|2026-07-25T12:52:52.076Z|30|Discharging|7492000|277000|NA|NA|NA|1050000|3500000|NA|NA|0|cpu 33427 0 32536 771576 2092 0 1845 0 0 0|796577|47000|3829108|2541476|2471076|191570|120702|137444|4|6.98%|49.47MiB / 3.652GiB
297.015|2026-07-25T12:52:55.056Z|30|Discharging|7492000|336000|NA|NA|NA|1050000|3500000|NA|NA|0|cpu 33488 0 32615 772613 2092 0 1847 0 0 0|795927|47000|3829108|2546196|2471076|191578|120896|137673|4|0.84%|49.47MiB / 3.652GiB
300.014|2026-07-25T12:52:58.070Z|30|Discharging|7492000|267000|NA|NA|NA|1050000|3500000|NA|NA|0|cpu 33519 0 32650 773732 2092 0 1849 0 0 0|795927|47000|3829108|2542428|2471076|191618|120954|137734|4|1.94%|49.48MiB / 3.652GiB
303.014|2026-07-25T12:53:01.055Z|30|Discharging|7492000|316000|NA|NA|NA|1050000|3500000|NA|NA|0|cpu 33557 0 32693 774830 2092 0 1852 0 0 0|796319|47000|3829108|2546772|2471076|191666|121094|137880|4|0.64%|49.47MiB / 3.652GiB
306.014|2026-07-25T12:53:04.087Z|30|Discharging|7492000|297000|NA|NA|NA|1050000|3500000|NA|NA|0|cpu 33597 0 32745 775919 2093 0 1852 0 0 0|795943|48000|3829108|2537200|2471076|191786|121198|138032|4|3.62%|49.48MiB / 3.652GiB
309.014|2026-07-25T12:53:07.057Z|30|Discharging|7492000|316000|NA|NA|NA|1050000|3500000|NA|NA|0|cpu 33652 0 32814 776973 2093 0 1853 0 0 0|795927|47000|3829108|2538828|2471076|191906|121297|138141|4|1.84%|49.7MiB / 3.652GiB
312.014|2026-07-25T12:53:10.054Z|30|Discharging|7464000|267000|NA|NA|NA|1050000|3500000|NA|NA|0|cpu 33681 0 32852 778092 2093 0 1855 0 0 0|796665|46000|3829108|2540972|2471076|191954|121362|138214|4|1.08%|49.48MiB / 3.652GiB
315.015|2026-07-25T12:53:13.065Z|30|Discharging|7464000|287000|NA|NA|NA|1050000|3500000|NA|NA|0|cpu 33709 0 32891 779207 2093 0 1856 0 0 0|795943|46000|3829108|2549628|2471076|191970|121425|138275|4|1.62%|49.47MiB / 3.652GiB
318.014|2026-07-25T12:53:16.063Z|30|Discharging|7506000|277000|NA|NA|NA|1050000|3500000|NA|NA|0|cpu 33743 0 32926 780322 2094 0 1857 0 0 0|795935|46000|3829108|2548664|2471076|192178|121488|138343|4|2.67%|49.47MiB / 3.652GiB
321.014|2026-07-25T12:53:19.056Z|30|Discharging|7506000|306000|NA|NA|NA|1050000|3500000|NA|NA|0|cpu 33777 0 32964 781434 2094 0 1859 0 0 0|795927|46000|3829108|2551656|2471076|192186|121573|138431|4|1.40%|49.47MiB / 3.652GiB
324.014|2026-07-25T12:53:22.056Z|30|Discharging|7506000|287000|NA|NA|NA|1050000|3500000|NA|NA|0|cpu 33804 0 33001 782552 2094 0 1860 0 0 0|795927|46000|3829108|2549700|2471076|192210|121611|138457|4|3.16%|49.49MiB / 3.652GiB
327.015|2026-07-25T12:53:25.078Z|30|Discharging|7492000|326000|NA|NA|NA|1050000|3500000|NA|NA|0|cpu 33868 0 33096 783563 2096 0 1863 0 0 0|795754|46000|3829108|2539744|2471076|192722|121835|138731|4|1.97%|49.55MiB / 3.652GiB
330.014|2026-07-25T12:53:28.055Z|30|Discharging|7492000|297000|NA|NA|NA|1050000|3500000|NA|NA|0|cpu 33903 0 33133 784672 2096 0 1864 0 0 0|796316|46000|3829108|2539624|2471076|192802|121928|138830|4|3.30%|49.55MiB / 3.652GiB
333.014|2026-07-25T12:53:31.057Z|30|Discharging|7492000|267000|NA|NA|NA|1050000|3500000|NA|NA|0|cpu 33936 0 33170 785781 2098 0 1866 0 0 0|795927|46000|3829108|2550256|2471076|193194|122091|139004|4|1.42%|49.55MiB / 3.652GiB
336.015|2026-07-25T12:53:34.053Z|30|Discharging|7492000|287000|NA|NA|NA|1050000|3500000|NA|NA|0|cpu 33967 0 33214 786888 2098 0 1868 0 0 0|795927|46000|3829108|2546648|2471076|193298|122151|139068|4|8.13%|49.55MiB / 3.652GiB
339.016|2026-07-25T12:53:37.017Z|30|Discharging|7450000|366000|NA|NA|NA|1050000|3500000|NA|NA|0|cpu 34035 0 33301 787881 2098 0 1871 0 0 0|795951|46000|3829108|2543644|2471076|193370|122415|139391|4|1.25%|49.56MiB / 3.652GiB
342.015|2026-07-25T12:53:40.057Z|30|Discharging|7450000|306000|NA|NA|NA|1050000|3500000|NA|NA|0|cpu 34072 0 33338 789013 2099 0 1873 0 0 0|795927|46000|3829108|2544456|2471076|193554|122505|139482|4|2.49%|49.56MiB / 3.652GiB
345.014|2026-07-25T12:53:43.054Z|30|Discharging|7464000|267000|NA|NA|NA|1050000|3500000|NA|NA|0|cpu 34101 0 33375 790130 2099 0 1875 0 0 0|796422|46000|3829108|2553576|2471076|193562|122611|139590|4|2.18%|49.55MiB / 3.652GiB
348.015|2026-07-25T12:53:46.055Z|30|Discharging|7464000|326000|NA|NA|NA|1050000|3500000|NA|NA|0|cpu 34133 0 33416 791241 2099 0 1876 0 0 0|795927|46000|3829108|2538664|2471076|193642|122668|139651|4|6.87%|49.56MiB / 3.652GiB
351.015|2026-07-25T12:53:49.001Z|30|Discharging|7478000|297000|NA|NA|NA|1050000|3500000|NA|NA|0|cpu 34203 0 33502 792234 2099 0 1878 0 0 0|795927|46000|3829108|2542620|2471076|193746|122911|139960|4|2.28%|49.8MiB / 3.652GiB
354.015|2026-07-25T12:53:52.065Z|30|Discharging|7478000|336000|NA|NA|NA|1050000|3500000|NA|NA|0|cpu 34234 0 33539 793369 2100 0 1880 0 0 0|795943|46000|3829108|2546340|2471076|193954|123054|140099|4|2.23%|49.8MiB / 3.652GiB
357.015|2026-07-25T12:53:55.056Z|30|Discharging|7492000|287000|NA|NA|NA|1050000|3500000|NA|NA|0|cpu 34271 0 33583 794470 2100 0 1882 0 0 0|795927|46000|3829108|2544676|2471076|194098|123168|140221|4|0.63%|49.55MiB / 3.652GiB
360.014|2026-07-25T12:53:58.112Z|30|Discharging|7492000|287000|NA|NA|NA|1050000|3500000|NA|NA|0|cpu 34305 0 33633 795568 2101 0 1883 0 0 0|795927|47000|3829108|2557288|2471076|194378|123272|140365|4|2.72%|49.56MiB / 3.652GiB
363.016|2026-07-25T12:54:01.054Z|30|Discharging|7492000|445000|NA|NA|NA|1050000|3500000|NA|NA|0|cpu 34544 0 33780 796325 2101 0 1885 0 0 0|795927|46000|3829108|2533888|2471076|194482|123456|140570|4|1.87%|49.58MiB / 3.652GiB
366.014|2026-07-25T12:54:04.055Z|30|Discharging|7464000|287000|NA|NA|NA|1050000|3500000|NA|NA|0|cpu 34577 0 33819 797434 2101 0 1886 0 0 0|795943|46000|3829108|2559400|2471076|194634|123544|140672|4|1.90%|49.56MiB / 3.652GiB
369.015|2026-07-25T12:54:07.051Z|30|Discharging|7464000|267000|NA|NA|NA|1050000|3500000|NA|NA|0|cpu 34605 0 33853 798553 2101 0 1887 0 0 0|795927|46000|3829108|2559348|2471076|194738|123612|140742|4|2.42%|49.56MiB / 3.652GiB
372.014|2026-07-25T12:54:10.057Z|29|Discharging|7492000|306000|NA|NA|NA|1015000|3500000|NA|NA|0|cpu 34636 0 33890 799665 2102 0 1889 0 0 0|795783|46000|3829108|2569176|2471076|194962|123718|140852|4|0.88%|49.8MiB / 3.652GiB
375.014|2026-07-25T12:54:13.028Z|29|Discharging|7492000|306000|NA|NA|NA|1015000|3500000|NA|NA|0|cpu 34701 0 33958 800690 2102 0 1890 0 0 0|795935|46000|3829108|2560316|2471076|194970|123875|141054|4|4.63%|49.57MiB / 3.652GiB
378.014|2026-07-25T12:54:16.060Z|29|Discharging|7464000|297000|NA|NA|NA|1015000|3500000|NA|NA|0|cpu 34744 0 34018 801788 2103 0 1893 0 0 0|796303|46000|3829108|2553432|2471076|195010|124072|141276|4|2.07%|49.58MiB / 3.652GiB
381.014|2026-07-25T12:54:19.058Z|29|Discharging|7464000|297000|NA|NA|NA|1015000|3500000|NA|NA|0|cpu 34778 0 34055 802900 2103 0 1894 0 0 0|796711|46000|3829108|2555880|2471076|195026|124183|141395|4|0.88%|49.56MiB / 3.652GiB
384.014|2026-07-25T12:54:22.066Z|29|Discharging|7478000|287000|NA|NA|NA|1015000|3500000|NA|NA|0|cpu 34806 0 34090 804019 2103 0 1895 0 0 0|796317|46000|3829108|2557404|2471076|195210|124218|141430|4|9.30%|49.56MiB / 3.652GiB
387.014|2026-07-25T12:54:25.058Z|29|Discharging|7478000|346000|NA|NA|NA|1015000|3500000|NA|NA|0|cpu 34878 0 34182 805026 2103 0 1898 0 0 0|795927|46000|3829108|2555472|2471076|195226|124488|141768|4|1.91%|49.56MiB / 3.652GiB
390.015|2026-07-25T12:54:28.060Z|29|Discharging|7478000|326000|NA|NA|NA|1015000|3500000|NA|NA|0|cpu 34909 0 34219 806137 2104 0 1901 0 0 0|795927|46000|3829108|2555932|2471076|195362|124632|141924|4|2.62%|49.56MiB / 3.652GiB
393.014|2026-07-25T12:54:31.043Z|29|Discharging|7478000|306000|NA|NA|NA|1015000|3500000|NA|NA|0|cpu 34942 0 34255 807247 2104 0 1903 0 0 0|795927|46000|3829108|2553036|2471076|195506|124690|141985|4|2.80%|49.57MiB / 3.652GiB
396.014|2026-07-25T12:54:34.057Z|29|Discharging|7492000|366000|NA|NA|NA|1015000|3500000|NA|NA|0|cpu 35012 0 34343 808265 2104 0 1904 0 0 0|795927|47000|3829108|2543664|2471076|195538|124916|142271|4|3.01%|49.59MiB / 3.652GiB
399.014|2026-07-25T12:54:37.062Z|29|Discharging|7492000|287000|NA|NA|NA|1015000|3500000|NA|NA|0|cpu 35044 0 34384 809374 2104 0 1907 0 0 0|795927|46000|3829108|2550084|2471076|195562|125041|142410|4|2.39%|49.58MiB / 3.652GiB
402.014|2026-07-25T12:54:40.057Z|29|Discharging|7464000|267000|NA|NA|NA|1015000|3500000|NA|NA|0|cpu 35079 0 34418 810488 2105 0 1909 0 0 0|796282|46000|3829108|2542028|2471076|195786|125164|142539|4|1.79%|49.56MiB / 3.652GiB
405.014|2026-07-25T12:54:43.055Z|29|Discharging|7464000|287000|NA|NA|NA|1015000|3500000|NA|NA|0|cpu 35110 0 34457 811603 2105 0 1911 0 0 0|797013|46000|3829108|2541224|2471076|195794|125226|142602|4|6.51%|49.57MiB / 3.652GiB
408.015|2026-07-25T12:54:45.998Z|29|Discharging|7464000|346000|NA|NA|NA|1015000|3500000|NA|NA|0|cpu 35179 0 34547 812591 2105 0 1913 0 0 0|795935|46000|3829108|2540372|2471076|195826|125454|142895|4|2.09%|49.57MiB / 3.652GiB
411.014|2026-07-25T12:54:49.071Z|29|Discharging|7492000|306000|NA|NA|NA|1015000|3500000|NA|NA|0|cpu 35208 0 34584 813730 2105 0 1915 0 0 0|795927|46000|3829108|2545884|2471076|195842|125551|142997|4|1.76%|49.57MiB / 3.652GiB
414.014|2026-07-25T12:54:52.053Z|29|Discharging|7464000|257000|NA|NA|NA|1015000|3500000|NA|NA|0|cpu 35240 0 34619 814843 2106 0 1917 0 0 0|796122|46000|3829108|2544472|2471076|196018|125628|143077|4|1.60%|49.58MiB / 3.652GiB
417.014|2026-07-25T12:54:55.061Z|29|Discharging|7464000|287000|NA|NA|NA|1015000|3500000|NA|NA|0|cpu 35270 0 34659 815957 2106 0 1919 0 0 0|795927|46000|3829108|2549956|2471076|196162|125710|143158|4|0.88%|49.57MiB / 3.652GiB
420.014|2026-07-25T12:54:58.057Z|29|Discharging|7464000|267000|NA|NA|NA|1015000|3500000|NA|NA|0|cpu 35296 0 34699 817072 2107 0 1920 0 0 0|795927|46000|3829108|2551936|2471076|196578|125747|143187|4|7.39%|49.57MiB / 3.652GiB
423.015|2026-07-25T12:55:01.001Z|29|Discharging|7492000|346000|NA|NA|NA|1015000|3500000|NA|NA|0|cpu 35371 0 34785 818060 2107 0 1922 0 0 0|796083|46000|3829108|2536528|2471076|196586|125962|143459|4|1.85%|49.57MiB / 3.652GiB
426.014|2026-07-25T12:55:04.057Z|29|Discharging|7492000|277000|NA|NA|NA|1015000|3500000|NA|NA|0|cpu 35405 0 34820 819189 2108 0 1925 0 0 0|795979|46000|3829108|2542032|2471076|197058|126096|143600|4|1.91%|49.57MiB / 3.652GiB
429.014|2026-07-25T12:55:07.055Z|29|Discharging|7478000|316000|NA|NA|NA|1015000|3500000|NA|NA|0|cpu 35438 0 34863 820291 2108 0 1927 0 0 0|795545|46000|3829108|2537984|2471076|197066|126235|143742|4|0.61%|49.57MiB / 3.652GiB
432.015|2026-07-25T12:55:10.082Z|29|Discharging|7478000|287000|NA|NA|NA|1015000|3500000|NA|NA|0|cpu 35471 0 34907 821394 2108 0 1929 0 0 0|795951|46000|3829108|2546996|2471076|197546|126340|143894|4|6.18%|49.57MiB / 3.652GiB
435.015|2026-07-25T12:55:13.065Z|29|Discharging|7464000|356000|NA|NA|NA|1015000|3500000|NA|NA|0|cpu 35539 0 34987 822421 2109 0 1932 0 0 0|795927|46000|3829108|2543156|2471076|197650|126536|144131|4|2.32%|49.57MiB / 3.652GiB
438.016|2026-07-25T12:55:16.056Z|29|Discharging|7464000|316000|NA|NA|NA|1015000|3500000|NA|NA|0|cpu 35578 0 35029 823518 2109 0 1935 0 0 0|795927|46000|3829108|2534724|2471076|197666|126700|144308|4|0.89%|49.88MiB / 3.652GiB
441.014|2026-07-25T12:55:19.067Z|29|Discharging|7464000|277000|NA|NA|NA|1015000|3500000|NA|NA|0|cpu 35609 0 35069 824632 2110 0 1936 0 0 0|795927|47000|3829108|2531280|2471076|198050|126742|144370|4|6.10%|49.65MiB / 3.652GiB
444.014|2026-07-25T12:55:22.054Z|29|Discharging|7464000|326000|NA|NA|NA|1015000|3500000|NA|NA|0|cpu 35675 0 35155 825653 2110 0 1939 0 0 0|795927|46000|3829108|2544040|2471076|198210|127019|144701|4|2.27%|49.64MiB / 3.652GiB
447.014|2026-07-25T12:55:25.066Z|29|Discharging|7478000|297000|NA|NA|NA|1015000|3500000|NA|NA|0|cpu 35709 0 35191 826769 2110 0 1941 0 0 0|796298|46000|3829108|2544300|2471076|198210|127130|144816|4|2.36%|49.64MiB / 3.652GiB
450.014|2026-07-25T12:55:28.054Z|29|Discharging|7478000|316000|NA|NA|NA|1015000|3500000|NA|NA|0|cpu 35746 0 35233 827873 2111 0 1943 0 0 0|796238|46000|3829108|2545428|2471076|198266|127199|144895|4|1.80%|49.65MiB / 3.652GiB
453.014|2026-07-25T12:55:31.053Z|29|Discharging|7478000|277000|NA|NA|NA|1015000|3500000|NA|NA|0|cpu 35814 0 35319 828891 2111 0 1944 0 0 0|795927|46000|3829108|2542640|2471076|198386|127393|145149|4|1.30%|49.64MiB / 3.652GiB
456.015|2026-07-25T12:55:34.058Z|29|Discharging|7464000|306000|NA|NA|NA|1015000|3500000|NA|NA|0|cpu 35847 0 35354 830002 2111 0 1947 0 0 0|795927|46000|3829108|2538104|2471076|198626|127522|145293|4|1.55%|49.89MiB / 3.652GiB
459.014|2026-07-25T12:55:37.063Z|29|Discharging|7464000|316000|NA|NA|NA|1015000|3500000|NA|NA|0|cpu 35876 0 35391 831118 2111 0 1949 0 0 0|795927|46000|3829108|2552668|2471076|198634|127627|145401|4|2.32%|49.64MiB / 3.652GiB
462.014|2026-07-25T12:55:40.053Z|29|Discharging|7478000|297000|NA|NA|NA|1015000|3500000|NA|NA|0|cpu 35910 0 35435 832220 2112 0 1951 0 0 0|795556|46000|3829108|2544276|2471076|198666|127677|145455|4|8.93%|49.9MiB / 3.652GiB
465.015|2026-07-25T12:55:42.999Z|29|Discharging|7478000|336000|NA|NA|NA|1015000|3500000|NA|NA|0|cpu 35979 0 35523 833212 2112 0 1954 0 0 0|795935|46000|3829108|2529152|2471076|198682|127988|145843|4|1.71%|49.65MiB / 3.652GiB
468.014|2026-07-25T12:55:46.055Z|29|Discharging|7492000|306000|NA|NA|NA|1015000|3500000|NA|NA|0|cpu 36009 0 35559 834348 2112 0 1957 0 0 0|796094|46000|3829108|2540432|2471076|198882|128104|145975|4|2.60%|49.65MiB / 3.652GiB
471.014|2026-07-25T12:55:49.058Z|29|Discharging|7492000|277000|NA|NA|NA|1015000|3500000|NA|NA|0|cpu 36040 0 35601 835458 2112 0 1958 0 0 0|795927|46000|3829108|2539768|2471076|198898|128167|146039|4|3.46%|49.64MiB / 3.652GiB
474.014|2026-07-25T12:55:52.003Z|29|Discharging|7450000|297000|NA|NA|NA|1015000|3500000|NA|NA|0|cpu 36113 0 35691 836446 2113 0 1959 0 0 0|795927|46000|3829108|2547752|2471076|198994|128389|146315|4|2.71%|49.64MiB / 3.652GiB
477.014|2026-07-25T12:55:55.055Z|29|Discharging|7450000|287000|NA|NA|NA|1015000|3500000|NA|NA|0|cpu 36144 0 35729 837581 2113 0 1963 0 0 0|795927|46000|3829108|2546872|2471076|199090|128537|146474|4|1.81%|49.64MiB / 3.652GiB
480.014|2026-07-25T12:55:58.054Z|29|Discharging|7464000|277000|NA|NA|NA|1015000|3500000|NA|NA|0|cpu 36174 0 35772 838690 2114 0 1965 0 0 0|795927|46000|3829108|2553216|2471076|199338|128671|146607|4|0.93%|49.64MiB / 3.652GiB
483.014|2026-07-25T12:56:01.088Z|29|Discharging|7464000|267000|NA|NA|NA|1015000|3500000|NA|NA|0|cpu 36207 0 35818 839793 2114 0 1966 0 0 0|795943|46000|3829108|2544512|2471076|199346|128743|146713|4|4.86%|49.64MiB / 3.652GiB
486.014|2026-07-25T12:56:04.070Z|29|Discharging|7478000|297000|NA|NA|NA|1015000|3500000|NA|NA|0|cpu 36274 0 35897 840820 2114 0 1969 0 0 0|795927|46000|3829108|2533336|2471076|199746|128965|146976|4|1.56%|49.65MiB / 3.652GiB
489.014|2026-07-25T12:56:07.057Z|29|Discharging|7478000|267000|NA|NA|NA|1015000|3500000|NA|NA|0|cpu 36306 0 35933 841936 2114 0 1971 0 0 0|795927|46000|3829108|2540204|2471076|199754|129025|147036|4|2.80%|49.89MiB / 3.652GiB
492.014|2026-07-25T12:56:10.054Z|29|Discharging|7478000|297000|NA|NA|NA|1015000|3500000|NA|NA|0|cpu 36340 0 35976 843040 2115 0 1973 0 0 0|795786|46000|3829108|2543376|2471076|199794|129158|147176|4|0.92%|49.64MiB / 3.652GiB
495.014|2026-07-25T12:56:13.029Z|29|Discharging|7478000|267000|NA|NA|NA|1015000|3500000|NA|NA|0|cpu 36399 0 36043 844068 2115 0 1974 0 0 0|795927|46000|3829108|2546216|2471076|199810|129294|147355|4|4.67%|49.64MiB / 3.652GiB
498.014|2026-07-25T12:56:16.061Z|29|Discharging|7478000|356000|NA|NA|NA|1015000|3500000|NA|NA|0|cpu 36439 0 36097 845173 2115 0 1976 0 0 0|795722|46000|3829108|2542608|2471076|200034|129452|147528|4|1.66%|49.65MiB / 3.652GiB
501.014|2026-07-25T12:56:19.054Z|29|Discharging|7478000|277000|NA|NA|NA|1015000|3500000|NA|NA|0|cpu 36474 0 36133 846287 2115 0 1978 0 0 0|796085|46000|3829108|2553960|2471076|200042|129559|147640|4|1.90%|49.64MiB / 3.652GiB
504.014|2026-07-25T12:56:22.061Z|29|Discharging|7450000|277000|NA|NA|NA|1015000|3500000|NA|NA|0|cpu 36504 0 36176 847393 2115 0 1981 0 0 0|795927|46000|3829108|2553096|2471076|200122|129667|147755|4|0.94%|49.64MiB / 3.652GiB
507.014|2026-07-25T12:56:25.086Z|29|Discharging|7450000|267000|NA|NA|NA|1015000|3500000|NA|NA|0|cpu 36543 0 36230 848482 2115 0 1982 0 0 0|795943|47000|3829108|2537752|2471076|200130|129770|147908|4|4.28%|49.64MiB / 3.652GiB
510.014|2026-07-25T12:56:28.055Z|29|Discharging|7450000|297000|NA|NA|NA|1015000|3500000|NA|NA|0|cpu 36600 0 36300 849534 2116 0 1983 0 0 0|795951|46000|3829108|2537820|2471076|200322|129911|148067|4|2.00%|49.65MiB / 3.652GiB
513.014|2026-07-25T12:56:31.070Z|29|Discharging|7478000|297000|NA|NA|NA|1015000|3500000|NA|NA|0|cpu 36629 0 36340 850645 2116 0 1986 0 0 0|795927|46000|3829108|2537732|2471076|200338|130015|148180|4|1.60%|49.65MiB / 3.652GiB
516.014|2026-07-25T12:56:34.062Z|29|Discharging|7478000|277000|NA|NA|NA|1015000|3500000|NA|NA|0|cpu 36668 0 36378 851747 2117 0 1989 0 0 0|796349|46000|3829108|2545564|2471076|200434|130151|148325|4|0.98%|49.65MiB / 3.652GiB
519.015|2026-07-25T12:56:37.071Z|29|Discharging|7464000|306000|NA|NA|NA|1015000|3500000|NA|NA|0|cpu 36705 0 36418 852852 2117 0 1991 0 0 0|795927|46000|3829108|2543104|2471076|200522|130254|148407|4|5.21%|49.91MiB / 3.652GiB
522.014|2026-07-25T12:56:40.068Z|29|Discharging|7464000|336000|NA|NA|NA|1015000|3500000|NA|NA|0|cpu 36769 0 36499 853878 2117 0 1993 0 0 0|796997|46000|3829108|2538348|2471076|200554|130492|148680|4|2.38%|49.66MiB / 3.652GiB
525.014|2026-07-25T12:56:43.060Z|29|Discharging|7464000|336000|NA|NA|NA|1015000|3500000|NA|NA|0|cpu 36802 0 36535 854989 2117 0 1996 0 0 0|795927|46000|3829108|2554556|2471076|200570|130593|148791|4|2.86%|49.66MiB / 3.652GiB
528.014|2026-07-25T12:56:46.069Z|29|Discharging|7464000|287000|NA|NA|NA|1015000|3500000|NA|NA|0|cpu 36839 0 36574 856095 2118 0 1998 0 0 0|795927|46000|3829108|2540224|2471076|200850|130720|148926|4|0.90%|49.65MiB / 3.652GiB
531.016|2026-07-25T12:56:49.014Z|29|Discharging|7450000|297000|NA|NA|NA|1015000|3500000|NA|NA|0|cpu 36902 0 36638 857126 2118 0 1999 0 0 0|795927|47000|3829108|2549448|2471076|200922|130849|149100|4|4.17%|49.67MiB / 3.652GiB
534.014|2026-07-25T12:56:52.057Z|29|Discharging|7450000|306000|NA|NA|NA|1015000|3500000|NA|NA|0|cpu 36942 0 36700 858222 2118 0 2001 0 0 0|796096|46000|3829108|2543808|2471076|200930|131023|149295|4|3.38%|49.66MiB / 3.652GiB
537.014|2026-07-25T12:56:55.060Z|29|Discharging|7464000|306000|NA|NA|NA|1015000|3500000|NA|NA|0|cpu 36974 0 36741 859327 2118 0 2004 0 0 0|795743|47000|3829108|2539920|2471076|200994|131213|149503|4|0.61%|49.66MiB / 3.652GiB
540.014|2026-07-25T12:56:58.087Z|29|Discharging|7464000|267000|NA|NA|NA|1015000|3500000|NA|NA|0|cpu 37009 0 36781 860437 2118 0 2005 0 0 0|795943|47000|3829108|2544220|2471076|201186|131264|149580|4|5.01%|49.66MiB / 3.652GiB
543.014|2026-07-25T12:57:01.055Z|29|Discharging|7464000|386000|NA|NA|NA|1015000|3500000|NA|NA|0|cpu 37077 0 36867 861458 2118 0 2006 0 0 0|795717|46000|3829108|2532332|2471076|201186|131459|149808|4|1.11%|49.91MiB / 3.652GiB
546.014|2026-07-25T12:57:04.063Z|29|Discharging|7478000|267000|NA|NA|NA|1015000|3500000|NA|NA|0|cpu 37109 0 36904 862573 2119 0 2008 0 0 0|795927|46000|3829108|2541628|2471076|201266|131495|149841|4|1.11%|49.9MiB / 3.652GiB
549.014|2026-07-25T12:57:07.055Z|29|Discharging|7478000|277000|NA|NA|NA|1015000|3500000|NA|NA|0|cpu 37139 0 36938 863691 2120 0 2008 0 0 0|796283|46000|3829108|2551492|2471076|201570|131504|149850|4|0.77%|49.66MiB / 3.652GiB
552.014|2026-07-25T12:57:10.056Z|29|Discharging|7478000|267000|NA|NA|NA|1015000|3500000|NA|NA|0|cpu 37170 0 36973 864811 2120 0 2009 0 0 0|795927|46000|3829108|2544500|2471076|201890|131512|149861|4|1.27%|49.67MiB / 3.652GiB
555.015|2026-07-25T12:57:13.066Z|29|Discharging|7478000|287000|NA|NA|NA|1015000|3500000|NA|NA|0|cpu 37200 0 37014 865928 2120 0 2010 0 0 0|796592|46000|3829108|2545280|2471076|201914|131541|149890|4|0.44%|49.67MiB / 3.652GiB
558.014|2026-07-25T12:57:16.073Z|29|Discharging|7464000|287000|NA|NA|NA|1015000|3500000|NA|NA|0|cpu 37242 0 37058 867022 2121 0 2011 0 0 0|795927|46000|3829108|2541840|2471076|201962|131626|150006|4|4.30%|49.72MiB / 3.652GiB
561.014|2026-07-25T12:57:19.057Z|29|Discharging|7464000|386000|NA|NA|NA|1015000|3500000|NA|NA|0|cpu 37302 0 37135 868064 2121 0 2012 0 0 0|796334|46000|3829108|2544496|2471076|201986|131718|150124|4|0.75%|49.75MiB / 3.652GiB
564.014|2026-07-25T12:57:22.054Z|29|Discharging|7492000|316000|NA|NA|NA|1015000|3500000|NA|NA|0|cpu 37329 0 37171 869185 2121 0 2013 0 0 0|795927|46000|3829108|2544172|2471076|202354|131738|150142|4|0.78%|49.75MiB / 3.652GiB
567.014|2026-07-25T12:57:25.069Z|29|Discharging|7492000|277000|NA|NA|NA|1015000|3500000|NA|NA|0|cpu 37361 0 37208 870300 2121 0 2014 0 0 0|795927|46000|3829108|2538968|2471388|202362|131773|150180|4|0.72%|50.02MiB / 3.652GiB
570.014|2026-07-25T12:57:28.100Z|29|Discharging|7436000|277000|NA|NA|NA|1015000|3500000|NA|NA|0|cpu 37401 0 37262 871389 2122 0 2015 0 0 0|795927|46000|3829108|2552732|2471388|202514|131856|150312|4|5.14%|50.07MiB / 3.652GiB
573.014|2026-07-25T12:57:31.055Z|29|Discharging|7436000|287000|NA|NA|NA|1015000|3500000|NA|NA|0|cpu 37460 0 37332 872439 2122 0 2017 0 0 0|796282|46000|3829108|2530236|2471388|202650|131997|150473|4|0.72%|50.08MiB / 3.652GiB
576.014|2026-07-25T12:57:34.063Z|29|Discharging|7450000|326000|NA|NA|NA|1015000|3500000|NA|NA|0|cpu 37526 0 37422 873458 2122 0 2018 0 0 0|795927|46000|3829108|2529976|2471388|202762|132185|150719|4|1.99%|50.13MiB / 3.652GiB
579.015|2026-07-25T12:57:37.068Z|29|Discharging|7450000|346000|NA|NA|NA|1015000|3500000|NA|NA|0|cpu 37564 0 37460 874559 2122 0 2020 0 0 0|795927|47000|3829108|2547556|2471388|202770|132389|150946|4|3.73%|50.16MiB / 3.652GiB
582.014|2026-07-25T12:57:40.058Z|29|Discharging|7450000|336000|NA|NA|NA|1015000|3500000|NA|NA|0|cpu 37599 0 37500 875666 2123 0 2022 0 0 0|795943|46000|3829108|2543756|2471388|203018|132497|151062|4|6.53%|50.16MiB / 3.652GiB
585.016|2026-07-25T12:57:42.999Z|29|Discharging|7450000|336000|NA|NA|NA|1015000|3500000|NA|NA|0|cpu 37665 0 37590 876659 2123 0 2024 0 0 0|796619|46000|3829108|2530136|2471388|203058|132768|151405|4|2.09%|50.18MiB / 3.652GiB
588.014|2026-07-25T12:57:46.065Z|29|Discharging|7450000|287000|NA|NA|NA|1015000|3500000|NA|NA|0|cpu 37694 0 37628 877795 2123 0 2026 0 0 0|795935|46000|3829108|2537652|2471388|203090|132851|151491|4|1.23%|50.18MiB / 3.652GiB
591.014|2026-07-25T12:57:49.063Z|29|Discharging|7450000|287000|NA|NA|NA|1015000|3500000|NA|NA|0|cpu 37729 0 37669 878901 2123 0 2029 0 0 0|795927|46000|3829108|2536080|2471388|203098|133006|151651|4|0.95%|50.18MiB / 3.652GiB
594.013|2026-07-25T12:57:52.085Z|29|Discharging|7450000|297000|NA|NA|NA|1015000|3500000|NA|NA|0|cpu 37769 0 37719 879993 2124 0 2030 0 0 0|795927|46000|3829108|2532956|2471388|203274|133108|151804|4|6.12%|50.23MiB / 3.652GiB
597.014|2026-07-25T12:57:55.071Z|29|Discharging|7450000|287000|NA|NA|NA|1015000|3500000|NA|NA|0|cpu 37829 0 37791 881034 2124 0 2034 0 0 0|795941|46000|3829108|2537528|2471388|203594|133443|152171|4|0.92%|50.21MiB / 3.652GiB
600.014|2026-07-25T12:57:58.062Z|29|Discharging|7450000|346000|NA|NA|NA|1015000|3500000|NA|NA|0|cpu 37864 0 37831 882142 2125 0 2034 0 0 0|795927|46000|3829108|2542596|2471388|203826|133474|152209|4|6.73%|50.22MiB / 3.652GiB
603.017|2026-07-25T12:58:01.069Z|29|Discharging|7464000|366000|NA|NA|NA|1015000|3500000|NA|NA|0|cpu 37929 0 37920 883160 2125 0 2036 0 0 0|796930|46000|3829108|2540784|2471388|203850|133714|152521|4|1.55%|50.22MiB / 3.652GiB
606.014|2026-07-25T12:58:04.065Z|29|Discharging|7464000|287000|NA|NA|NA|1015000|3500000|NA|NA|0|cpu 37966 0 37956 884270 2126 0 2038 0 0 0|795655|46000|3829108|2540960|2471388|204322|133792|152600|4|2.75%|50.22MiB / 3.652GiB
609.014|2026-07-25T12:58:07.056Z|29|Discharging|7436000|297000|NA|NA|NA|1015000|3500000|NA|NA|0|cpu 38005 0 37998 885367 2127 0 2040 0 0 0|795927|46000|3829108|2542508|2471388|204498|133955|152771|4|0.92%|50.22MiB / 3.652GiB
612.014|2026-07-25T12:58:10.011Z|29|Discharging|7436000|297000|NA|NA|NA|1015000|3500000|NA|NA|0|cpu 38058 0 38058 886407 2127 0 2042 0 0 0|795927|46000|3829108|2544136|2471388|204898|134082|152944|4|3.87%|50.22MiB / 3.652GiB
615.014|2026-07-25T12:58:13.075Z|29|Discharging|7464000|277000|NA|NA|NA|1015000|3500000|NA|NA|0|cpu 38100 0 38120 887504 2127 0 2046 0 0 0|795927|46000|3829108|2538888|2471388|204906|134293|153170|4|2.83%|50.23MiB / 3.652GiB
618.014|2026-07-25T12:58:16.059Z|29|Discharging|7464000|316000|NA|NA|NA|1015000|3500000|NA|NA|0|cpu 38141 0 38160 888602 2128 0 2048 0 0 0|795927|46000|3829108|2539684|2471388|204954|134462|153343|4|0.62%|50.23MiB / 3.652GiB
621.014|2026-07-25T12:58:19.073Z|29|Discharging|7436000|257000|NA|NA|NA|1015000|3500000|NA|NA|0|cpu 38175 0 38206 889704 2128 0 2049 0 0 0|796292|46000|3829108|2541268|2471388|204970|134533|153443|4|5.18%|50.23MiB / 3.652GiB
624.015|2026-07-25T12:58:22.059Z|29|Discharging|7436000|356000|NA|NA|NA|1015000|3500000|NA|NA|0|cpu 38237 0 38286 890739 2128 0 2051 0 0 0|795550|46000|3829108|2543688|2471388|205082|134722|153657|4|1.84%|50.23MiB / 3.652GiB
627.014|2026-07-25T12:58:25.064Z|29|Discharging|7436000|267000|NA|NA|NA|1015000|3500000|NA|NA|0|cpu 38268 0 38322 891854 2128 0 2053 0 0 0|795927|46000|3829108|2546132|2471388|205178|134836|153774|4|1.68%|50.23MiB / 3.652GiB
630.015|2026-07-25T12:58:28.071Z|29|Discharging|7464000|316000|NA|NA|NA|1015000|3500000|NA|NA|0|cpu 38301 0 38363 892962 2129 0 2055 0 0 0|795723|46000|3829108|2549424|2471388|205250|134938|153876|4|1.40%|50.23MiB / 3.652GiB
633.014|2026-07-25T12:58:31.057Z|29|Discharging|7478000|277000|NA|NA|NA|1015000|3500000|NA|NA|0|cpu 38339 0 38398 894072 2129 0 2056 0 0 0|795927|46000|3829108|2548376|2471420|205266|134999|153937|4|7.37%|50.24MiB / 3.652GiB
636.015|2026-07-25T12:58:34.001Z|29|Discharging|7478000|336000|NA|NA|NA|1015000|3500000|NA|NA|0|cpu 38408 0 38486 895064 2130 0 2058 0 0 0|795927|46000|3829108|2544892|2471420|205434|135214|154212|4|2.15%|50.23MiB / 3.652GiB
639.014|2026-07-25T12:58:37.057Z|29|Discharging|7478000|277000|NA|NA|NA|1015000|3500000|NA|NA|0|cpu 38438 0 38523 896200 2130 0 2060 0 0 0|795927|46000|3829108|2539572|2471420|205442|135317|154319|4|1.53%|50.24MiB / 3.652GiB
642.014|2026-07-25T12:58:40.065Z|29|Discharging|7436000|297000|NA|NA|NA|1015000|3500000|NA|NA|0|cpu 38468 0 38560 897314 2130 0 2062 0 0 0|795927|46000|3829108|2538540|2471420|205482|135435|154440|4|1.03%|50.23MiB / 3.652GiB
645.014|2026-07-25T12:58:43.073Z|29|Discharging|7436000|297000|NA|NA|NA|1015000|3500000|NA|NA|0|cpu 38497 0 38603 898427 2130 0 2064 0 0 0|795927|46000|3829108|2541312|2471420|205498|135512|154527|4|9.22%|50.24MiB / 3.652GiB
648.015|2026-07-25T12:58:46.056Z|29|Discharging|7450000|356000|NA|NA|NA|1015000|3500000|NA|NA|0|cpu 38569 0 38690 899435 2131 0 2066 0 0 0|795927|46000|3829108|2535496|2471420|205682|135782|154872|4|1.81%|50.23MiB / 3.652GiB
651.015|2026-07-25T12:58:49.055Z|29|Discharging|7450000|297000|NA|NA|NA|1015000|3500000|NA|NA|0|cpu 38600 0 38730 900548 2131 0 2068 0 0 0|795927|46000|3829108|2542684|2471420|205698|135875|154968|4|1.79%|50.24MiB / 3.652GiB
654.014|2026-07-25T12:58:52.061Z|29|Discharging|7450000|267000|NA|NA|NA|1015000|3500000|NA|NA|0|cpu 38629 0 38772 901659 2131 0 2070 0 0 0|796258|46000|3829108|2547500|2471420|205906|135992|155094|4|0.62%|50.23MiB / 3.652GiB
657.014|2026-07-25T12:58:55.107Z|29|Discharging|7450000|257000|NA|NA|NA|1015000|3500000|NA|NA|0|cpu 38667 0 38819 902757 2131 0 2071 0 0 0|796123|46000|3829108|2550560|2471420|205922|136093|155236|4|5.75%|50.24MiB / 3.652GiB
660.014|2026-07-25T12:58:58.056Z|29|Discharging|7464000|277000|NA|NA|NA|1015000|3500000|NA|NA|0|cpu 38723 0 38891 903804 2132 0 2073 0 0 0|795927|46000|3829108|2538232|2471420|206002|136261|155432|4|1.69%|50.23MiB / 3.652GiB
663.014|2026-07-25T12:59:01.047Z|29|Discharging|7464000|287000|NA|NA|NA|1015000|3500000|NA|NA|0|cpu 38754 0 38929 904914 2132 0 2076 0 0 0|795927|46000|3829108|2538260|2471420|206010|136358|155534|4|1.91%|50.25MiB / 3.652GiB
666.015|2026-07-25T12:59:04.067Z|29|Discharging|7464000|297000|NA|NA|NA|1015000|3500000|NA|NA|0|cpu 38787 0 38968 906026 2132 0 2077 0 0 0|795951|46000|3829108|2535996|2471420|206114|136469|155649|4|0.60%|50.23MiB / 3.652GiB
669.014|2026-07-25T12:59:07.121Z|29|Discharging|7464000|297000|NA|NA|NA|1015000|3500000|NA|NA|0|cpu 38873 0 39038 907023 2133 0 2079 0 0 0|795943|47000|3829108|2528516|2471420|206258|136608|155821|4|3.73%|50.25MiB / 3.652GiB
672.015|2026-07-25T12:59:10.064Z|29|Discharging|7464000|445000|NA|NA|NA|1015000|3500000|NA|NA|0|cpu 39059 0 39168 907882 2133 0 2082 0 0 0|796291|46000|3829108|2533840|2471420|206450|136787|156027|4|1.73%|50.23MiB / 3.652GiB
675.014|2026-07-25T12:59:13.056Z|29|Discharging|7436000|316000|NA|NA|NA|1015000|3500000|NA|NA|0|cpu 39093 0 39205 908994 2134 0 2084 0 0 0|795927|46000|3829108|2537316|2471420|206538|136877|156124|4|1.21%|50.23MiB / 3.652GiB
678.015|2026-07-25T12:59:16.053Z|29|Discharging|7436000|287000|NA|NA|NA|1015000|3500000|NA|NA|0|cpu 39124 0 39246 910103 2134 0 2087 0 0 0|795927|46000|3829108|2554912|2471420|206594|137014|156267|4|0.92%|50.23MiB / 3.652GiB
681.014|2026-07-25T12:59:19.109Z|29|Discharging|7450000|287000|NA|NA|NA|1015000|3500000|NA|NA|0|cpu 39162 0 39294 911199 2134 0 2088 0 0 0|795919|46000|3829108|2547300|2471420|206770|137111|156421|4|5.71%|50.24MiB / 3.652GiB
684.015|2026-07-25T12:59:22.057Z|29|Discharging|7450000|297000|NA|NA|NA|1015000|3500000|NA|NA|0|cpu 39225 0 39364 912242 2134 0 2091 0 0 0|795927|46000|3829108|2527952|2471420|206786|137306|156646|4|1.16%|50.48MiB / 3.652GiB
687.014|2026-07-25T12:59:25.052Z|29|Discharging|7450000|287000|NA|NA|NA|1015000|3500000|NA|NA|0|cpu 39257 0 39405 913348 2135 0 2095 0 0 0|795927|46000|3829108|2536660|2471420|206882|137479|156826|4|0.61%|50.23MiB / 3.652GiB
690.015|2026-07-25T12:59:28.069Z|29|Discharging|7450000|287000|NA|NA|NA|1015000|3500000|NA|NA|0|cpu 39285 0 39442 914467 2135 0 2095 0 0 0|795927|46000|3829108|2541156|2471420|206970|137508|156870|4|6.72%|50.24MiB / 3.652GiB
693.015|2026-07-25T12:59:31.066Z|29|Discharging|7450000|396000|NA|NA|NA|1015000|3500000|NA|NA|0|cpu 39352 0 39529 915485 2135 0 2097 0 0 0|795698|46000|3829108|2542036|2471420|207002|137760|157167|4|2.21%|50.23MiB / 3.652GiB
696.015|2026-07-25T12:59:34.057Z|29|Discharging|7450000|297000|NA|NA|NA|1015000|3500000|NA|NA|0|cpu 39389 0 39568 916590 2135 0 2100 0 0 0|795927|46000|3829108|2539452|2471420|207018|137862|157274|4|3.06%|50.23MiB / 3.652GiB
699.014|2026-07-25T12:59:37.055Z|29|Discharging|7450000|277000|NA|NA|NA|1015000|3500000|NA|NA|0|cpu 39420 0 39611 917698 2136 0 2102 0 0 0|795927|46000|3829108|2539308|2471420|207194|137994|157410|4|0.62%|50.23MiB / 3.652GiB
702.014|2026-07-25T12:59:40.015Z|29|Discharging|7450000|257000|NA|NA|NA|1015000|3500000|NA|NA|0|cpu 39476 0 39677 918730 2136 0 2103 0 0 0|795927|46000|3829108|2536884|2471420|207202|138129|157588|4|5.34%|50.23MiB / 3.652GiB
705.014|2026-07-25T12:59:43.066Z|29|Discharging|7450000|306000|NA|NA|NA|1015000|3500000|NA|NA|0|cpu 39516 0 39736 919834 2136 0 2107 0 0 0|795927|46000|3829108|2539864|2471420|207250|138315|157794|4|1.47%|50.23MiB / 3.652GiB
708.014|2026-07-25T12:59:46.056Z|29|Discharging|7450000|257000|NA|NA|NA|1015000|3500000|NA|NA|0|cpu 39552 0 39774 920943 2136 0 2109 0 0 0|795943|46000|3829108|2540708|2471420|207258|138394|157874|4|1.57%|50.23MiB / 3.652GiB
711.014|2026-07-25T12:59:49.062Z|29|Discharging|7464000|277000|NA|NA|NA|1015000|3500000|NA|NA|0|cpu 39584 0 39810 922056 2136 0 2110 0 0 0|795756|46000|3829108|2539388|2471420|207362|138474|157967|4|0.97%|50.23MiB / 3.652GiB
714.014|2026-07-25T12:59:52.058Z|29|Discharging|7464000|297000|NA|NA|NA|1015000|3500000|NA|NA|0|cpu 39613 0 39847 923176 2136 0 2111 0 0 0|795927|47000|3829108|2539924|2471420|207450|138512|158005|4|8.58%|50.23MiB / 3.652GiB
717.014|2026-07-25T12:59:55.069Z|29|Discharging|7464000|316000|NA|NA|NA|1015000|3500000|NA|NA|0|cpu 39681 0 39939 924187 2137 0 2113 0 0 0|795943|46000|3829108|2536148|2471420|207514|138754|158320|4|1.88%|50.23MiB / 3.652GiB
720.014|2026-07-25T12:59:58.055Z|29|Discharging|7464000|297000|NA|NA|NA|1015000|3500000|NA|NA|0|cpu 39718 0 39975 925297 2137 0 2116 0 0 0|796046|46000|3829108|2535144|2471420|207538|138854|158426|4|2.12%|50.23MiB / 3.652GiB
723.016|2026-07-25T13:00:01.058Z|29|Discharging|7464000|257000|NA|NA|NA|1015000|3500000|NA|NA|0|cpu 39749 0 40011 926411 2137 0 2118 0 0 0|796288|46000|3829108|2539648|2471420|207714|138969|158544|4|0.90%|50.23MiB / 3.652GiB
726.014|2026-07-25T13:00:04.064Z|29|Discharging|7450000|287000|NA|NA|NA|1015000|3500000|NA|NA|0|cpu 39781 0 40055 927515 2138 0 2119 0 0 0|795927|46000|3829108|2548880|2471420|207978|138998|158576|4|8.18%|50.24MiB / 3.652GiB
729.014|2026-07-25T13:00:07.060Z|29|Discharging|7450000|356000|NA|NA|NA|1015000|3500000|NA|NA|0|cpu 39850 0 40147 928523 2138 0 2121 0 0 0|795927|46000|3829108|2531268|2471420|208154|139270|158913|4|1.68%|50.24MiB / 3.652GiB
732.014|2026-07-25T13:00:10.057Z|29|Discharging|7450000|297000|NA|NA|NA|1015000|3500000|NA|NA|0|cpu 39890 0 40182 929630 2139 0 2124 0 0 0|795935|46000|3829108|2540708|2471420|208482|139416|159039|4|2.80%|50.48MiB / 3.652GiB
735.015|2026-07-25T13:00:13.058Z|29|Discharging|7450000|287000|NA|NA|NA|1015000|3500000|NA|NA|0|cpu 39925 0 40224 930732 2141 0 2126 0 0 0|795943|46000|3829108|2532732|2471420|208986|139540|159164|4|0.62%|50.23MiB / 3.652GiB
738.014|2026-07-25T13:00:16.091Z|29|Discharging|7436000|277000|NA|NA|NA|1015000|3500000|NA|NA|0|cpu 39973 0 40281 931812 2141 0 2128 0 0 0|795927|46000|3829108|2530388|2471420|209234|139650|159319|4|5.83%|50.26MiB / 3.652GiB
741.014|2026-07-25T13:00:19.064Z|29|Discharging|7436000|287000|NA|NA|NA|1015000|3500000|NA|NA|0|cpu 40026 0 40352 932864 2141 0 2131 0 0 0|795927|46000|3829108|2534036|2471420|209338|139860|159552|4|2.36%|50.25MiB / 3.652GiB
744.014|2026-07-25T13:00:22.055Z|29|Discharging|7436000|297000|NA|NA|NA|1015000|3500000|NA|NA|0|cpu 40063 0 40393 933967 2141 0 2134 0 0 0|795935|46000|3829108|2538312|2471420|209346|140037|159740|4|0.93%|50.25MiB / 3.652GiB
747.015|2026-07-25T13:00:25.076Z|29|Discharging|7436000|267000|NA|NA|NA|1015000|3500000|NA|NA|0|cpu 40092 0 40427 935090 2142 0 2134 0 0 0|795645|46000|3829108|2542588|2471420|209570|140051|159758|4|5.60%|50.25MiB / 3.652GiB
750.014|2026-07-25T13:00:28.057Z|29|Discharging|7436000|346000|NA|NA|NA|1015000|3500000|NA|NA|0|cpu 40161 0 40521 936104 2142 0 2136 0 0 0|795943|46000|3829108|2534640|2471420|209578|140264|160042|4|1.56%|50.25MiB / 3.652GiB
753.014|2026-07-25T13:00:31.056Z|29|Discharging|7436000|277000|NA|NA|NA|1015000|3500000|NA|NA|0|cpu 40191 0 40557 937216 2142 0 2139 0 0 0|795545|46000|3829108|2535240|2471420|209682|140378|160167|4|1.64%|50.25MiB / 3.652GiB
756.014|2026-07-25T13:00:34.074Z|29|Discharging|7436000|306000|NA|NA|NA|1015000|3500000|NA|NA|0|cpu 40221 0 40599 938323 2142 0 2142 0 0 0|795927|46000|3829108|2530328|2471420|209770|140515|160314|4|0.91%|50.25MiB / 3.652GiB
759.014|2026-07-25T13:00:37.101Z|29|Discharging|7436000|267000|NA|NA|NA|1015000|3500000|NA|NA|0|cpu 40267 0 40654 939404 2143 0 2143 0 0 0|795911|47000|3829108|2535008|2471420|209930|140640|160493|4|4.46%|50.26MiB / 3.652GiB
762.014|2026-07-25T13:00:40.054Z|29|Discharging|7436000|366000|NA|NA|NA|1015000|3500000|NA|NA|0|cpu 40326 0 40726 940448 2143 0 2146 0 0 0|795927|46000|3829108|2534924|2471420|209946|140818|160687|4|2.14%|50.26MiB / 3.652GiB
765.014|2026-07-25T13:00:43.055Z|29|Discharging|7450000|267000|NA|NA|NA|1015000|3500000|NA|NA|0|cpu 40359 0 40761 941561 2143 0 2148 0 0 0|795927|46000|3829108|2532400|2471420|210186|140964|160842|4|2.28%|50.26MiB / 3.652GiB
768.014|2026-07-25T13:00:46.066Z|29|Discharging|7450000|287000|NA|NA|NA|1015000|3500000|NA|NA|0|cpu 40388 0 40799 942676 2143 0 2149 0 0 0|796224|46000|3829108|2541636|2471420|210202|141015|160896|4|7.72%|50.26MiB / 3.652GiB
771.015|2026-07-25T13:00:48.997Z|29|Discharging|7464000|297000|NA|NA|NA|1015000|3500000|NA|NA|0|cpu 40460 0 40889 943662 2144 0 2152 0 0 0|795927|46000|3829108|2538552|2471420|210258|141260|161195|4|1.25%|50.26MiB / 3.652GiB
774.014|2026-07-25T13:00:52.056Z|29|Discharging|7464000|277000|NA|NA|NA|1015000|3500000|NA|NA|0|cpu 40489 0 40922 944805 2144 0 2153 0 0 0|795927|46000|3829108|2542176|2471420|210298|141313|161253|4|1.57%|50.26MiB / 3.652GiB
777.014|2026-07-25T13:00:55.062Z|29|Discharging|7450000|257000|NA|NA|NA|1015000|3500000|NA|NA|0|cpu 40515 0 40959 945925 2144 0 2154 0 0 0|795927|46000|3829108|2531116|2471420|210474|141358|161303|4|2.24%|50.29MiB / 3.652GiB
780.014|2026-07-25T13:00:58.057Z|29|Discharging|7450000|326000|NA|NA|NA|1015000|3500000|NA|NA|0|cpu 40549 0 41005 947024 2144 0 2157 0 0 0|795825|46000|3829108|2537256|2471420|210490|141521|161467|4|0.96%|50.5MiB / 3.652GiB
783.014|2026-07-25T13:01:01.079Z|29|Discharging|7450000|306000|NA|NA|NA|1015000|3500000|NA|NA|0|cpu 40575 0 41040 948144 2145 0 2157 0 0 0|795927|46000|3829108|2542944|2471420|210714|141545|161501|4|6.21%|50.26MiB / 3.652GiB
786.015|2026-07-25T13:01:04.063Z|28|Discharging|7450000|297000|NA|NA|NA|980000|3500000|NA|NA|0|cpu 40647 0 41128 949158 2145 0 2160 0 0 0|795927|46000|3829108|2534188|2471420|210722|141810|161824|4|1.99%|50.26MiB / 3.652GiB
789.015|2026-07-25T13:01:07.055Z|28|Discharging|7450000|306000|NA|NA|NA|980000|3500000|NA|NA|0|cpu 40678 0 41168 950272 2146 0 2162 0 0 0|796044|46000|3829108|2538660|2471420|210818|141880|161901|4|2.90%|50.26MiB / 3.652GiB
792.015|2026-07-25T13:01:10.051Z|28|Discharging|7450000|306000|NA|NA|NA|980000|3500000|NA|NA|0|cpu 40711 0 41211 951376 2146 0 2164 0 0 0|796254|46000|3829108|2546996|2471420|210834|142011|162040|4|1.07%|50.25MiB / 3.652GiB
795.014|2026-07-25T13:01:13.030Z|28|Discharging|7450000|267000|NA|NA|NA|980000|3500000|NA|NA|0|cpu 40773 0 41280 952398 2146 0 2166 0 0 0|796250|46000|3829108|2534660|2471420|210930|142198|162274|4|2.00%|50.26MiB / 3.652GiB
798.015|2026-07-25T13:01:16.062Z|28|Discharging|7450000|287000|NA|NA|NA|980000|3500000|NA|NA|0|cpu 40813 0 41332 953513 2146 0 2168 0 0 0|796390|46000|3829108|2536788|2471420|211306|142344|162428|4|2.31%|50.25MiB / 3.652GiB
801.015|2026-07-25T13:01:19.053Z|28|Discharging|7450000|326000|NA|NA|NA|980000|3500000|NA|NA|0|cpu 40847 0 41371 954619 2147 0 2170 0 0 0|795943|46000|3829108|2545528|2471420|211410|142472|162564|4|2.85%|50.25MiB / 3.652GiB
804.014|2026-07-25T13:01:22.055Z|28|Discharging|7436000|297000|NA|NA|NA|980000|3500000|NA|NA|0|cpu 40877 0 41408 955734 2147 0 2172 0 0 0|795927|46000|3829108|2541584|2471420|211482|142543|162639|4|2.71%|50.28MiB / 3.652GiB
807.014|2026-07-25T13:01:25.071Z|28|Discharging|7436000|326000|NA|NA|NA|980000|3500000|NA|NA|0|cpu 40942 0 41497 956755 2147 0 2173 0 0 0|796371|46000|3829108|2544608|2471420|211682|142740|162895|4|1.43%|50.27MiB / 3.652GiB
810.014|2026-07-25T13:01:28.057Z|28|Discharging|7436000|277000|NA|NA|NA|980000|3500000|NA|NA|0|cpu 40981 0 41536 957859 2147 0 2175 0 0 0|795927|46000|3829108|2537768|2471420|211706|142849|163014|4|2.06%|50.5MiB / 3.652GiB
813.014|2026-07-25T13:01:31.060Z|28|Discharging|7436000|306000|NA|NA|NA|980000|3500000|NA|NA|0|cpu 41012 0 41572 958975 2148 0 2178 0 0 0|796432|46000|3829108|2538488|2471420|211826|142935|163105|4|1.22%|50.27MiB / 3.652GiB
816.014|2026-07-25T13:01:34.055Z|28|Discharging|7450000|267000|NA|NA|NA|980000|3500000|NA|NA|0|cpu 41045 0 41613 960083 2148 0 2180 0 0 0|795927|45000|3829108|2551500|2471420|211938|143041|163217|4|0.95%|50.26MiB / 3.652GiB
819.014|2026-07-25T13:01:37.077Z|28|Discharging|7450000|306000|NA|NA|NA|980000|3500000|NA|NA|0|cpu 41075 0 41653 961200 2148 0 2181 0 0 0|796150|46000|3829108|2550004|2471420|211994|143080|163277|4|5.69%|50.27MiB / 3.652GiB
822.014|2026-07-25T13:01:39.992Z|28|Discharging|7478000|346000|NA|NA|NA|980000|3500000|NA|NA|0|cpu 41147 0 41746 962177 2148 0 2184 0 0 0|795927|46000|3829108|2537740|2471420|212218|143322|163574|4|2.07%|50.51MiB / 3.652GiB
825.013|2026-07-25T13:01:43.056Z|28|Discharging|7478000|267000|NA|NA|NA|980000|3500000|NA|NA|0|cpu 41177 0 41784 963318 2150 0 2185 0 0 0|795927|46000|3829108|2540760|2471420|212554|143417|163676|4|1.24%|50.27MiB / 3.652GiB
828.014|2026-07-25T13:01:46.065Z|28|Discharging|7450000|287000|NA|NA|NA|980000|3500000|NA|NA|0|cpu 41207 0 41824 964429 2150 0 2187 0 0 0|795927|46000|3829108|2540772|2471420|212674|143542|163793|4|0.91%|50.26MiB / 3.652GiB
831.014|2026-07-25T13:01:49.070Z|28|Discharging|7450000|287000|NA|NA|NA|980000|3500000|NA|NA|0|cpu 41242 0 41860 965540 2150 0 2188 0 0 0|795943|46000|3829108|2539520|2471428|212786|143572|163824|4|5.93%|50.27MiB / 3.652GiB
834.015|2026-07-25T13:01:52.069Z|28|Discharging|7450000|346000|NA|NA|NA|980000|3500000|NA|NA|0|cpu 41309 0 41950 966559 2150 0 2190 0 0 0|795927|46000|3829108|2541980|2471428|212914|143830|164134|4|1.56%|50.27MiB / 3.652GiB
837.015|2026-07-25T13:01:55.062Z|28|Discharging|7450000|287000|NA|NA|NA|980000|3500000|NA|NA|0|cpu 41344 0 41984 967674 2151 0 2191 0 0 0|795927|46000|3829108|2543248|2471428|213050|143916|164219|4|1.68%|50.51MiB / 3.652GiB
840.014|2026-07-25T13:01:58.054Z|28|Discharging|7436000|277000|NA|NA|NA|980000|3500000|NA|NA|0|cpu 41379 0 42019 968787 2151 0 2193 0 0 0|796268|46000|3829108|2541392|2471428|213178|144015|164320|4|1.56%|50.27MiB / 3.652GiB
843.014|2026-07-25T13:02:01.055Z|28|Discharging|7436000|297000|NA|NA|NA|980000|3500000|NA|NA|0|cpu 41410 0 42061 969895 2151 0 2195 0 0 0|795927|46000|3829108|2544088|2471428|213218|144101|164409|4|0.63%|50.26MiB / 3.652GiB
846.015|2026-07-25T13:02:04.028Z|28|Discharging|7436000|287000|NA|NA|NA|980000|3500000|NA|NA|0|cpu 41471 0 42130 970919 2151 0 2197 0 0 0|795957|46000|3829108|2539080|2471428|213226|144254|164616|4|2.82%|50.27MiB / 3.652GiB
849.014|2026-07-25T13:02:07.074Z|28|Discharging|7464000|326000|NA|NA|NA|980000|3500000|NA|NA|0|cpu 41509 0 42187 972026 2152 0 2199 0 0 0|796255|46000|3829108|2532840|2471428|213522|144432|164822|4|1.28%|50.27MiB / 3.652GiB
852.014|2026-07-25T13:02:10.063Z|28|Discharging|7450000|287000|NA|NA|NA|980000|3500000|NA|NA|0|cpu 41548 0 42226 973127 2152 0 2202 0 0 0|796744|46000|3829108|2538300|2471428|213538|144549|164946|4|1.29%|50.26MiB / 3.652GiB
855.014|2026-07-25T13:02:13.055Z|28|Discharging|7450000|267000|NA|NA|NA|980000|3500000|NA|NA|0|cpu 41580 0 42262 974242 2152 0 2204 0 0 0|796819|46000|3829108|2537188|2471428|213674|144609|165011|4|7.62%|50.27MiB / 3.652GiB
858.015|2026-07-25T13:02:16.005Z|28|Discharging|7450000|326000|NA|NA|NA|980000|3500000|NA|NA|0|cpu 41643 0 42349 975238 2153 0 2206 0 0 0|795927|46000|3829108|2541000|2471428|214034|144857|165305|4|1.61%|50.27MiB / 3.652GiB
861.014|2026-07-25T13:02:19.075Z|28|Discharging|7422000|287000|NA|NA|NA|980000|3500000|NA|NA|0|cpu 41677 0 42385 976372 2155 0 2208 0 0 0|795943|46000|3829108|2537204|2471428|214354|144958|165408|4|2.68%|50.27MiB / 3.652GiB
864.014|2026-07-25T13:02:22.053Z|28|Discharging|7422000|346000|NA|NA|NA|980000|3500000|NA|NA|0|cpu 41716 0 42427 977469 2155 0 2212 0 0 0|795544|46000|3829108|2539196|2471428|214490|145121|165581|4|0.95%|50.27MiB / 3.652GiB
867.014|2026-07-25T13:02:25.067Z|28|Discharging|7422000|287000|NA|NA|NA|980000|3500000|NA|NA|0|cpu 41746 0 42465 978585 2155 0 2212 0 0 0|795745|46000|3829108|2541668|2471428|214594|145159|165643|4|5.91%|50.29MiB / 3.652GiB
870.015|2026-07-25T13:02:28.062Z|28|Discharging|7422000|376000|NA|NA|NA|980000|3500000|NA|NA|0|cpu 41810 0 42546 979610 2155 0 2215 0 0 0|795927|46000|3829108|2540336|2471428|214594|145388|165915|4|1.62%|50.28MiB / 3.652GiB
873.015|2026-07-25T13:02:31.055Z|28|Discharging|7422000|277000|NA|NA|NA|980000|3500000|NA|NA|0|cpu 41845 0 42584 980720 2156 0 2217 0 0 0|795927|46000|3829108|2539716|2471428|214634|145468|165995|4|2.24%|50.27MiB / 3.652GiB
876.014|2026-07-25T13:02:34.065Z|28|Discharging|7422000|356000|NA|NA|NA|980000|3500000|NA|NA|0|cpu 41880 0 42621 981826 2156 0 2219 0 0 0|795927|46000|3829108|2544892|2471428|214658|145659|166187|4|0.93%|50.27MiB / 3.652GiB
879.014|2026-07-25T13:02:37.113Z|28|Discharging|7450000|346000|NA|NA|NA|980000|3500000|NA|NA|0|cpu 41922 0 42671 982913 2157 0 2220 0 0 0|795937|46000|3829108|2540468|2471428|215042|145837|166422|4|6.43%|50.53MiB / 3.652GiB
882.015|2026-07-25T13:02:40.055Z|28|Discharging|7450000|386000|NA|NA|NA|980000|3500000|NA|NA|0|cpu 41986 0 42750 983942 2157 0 2223 0 0 0|796260|46000|3829108|2534684|2471428|215162|146106|166726|4|1.00%|50.28MiB / 3.652GiB
885.014|2026-07-25T13:02:43.073Z|28|Discharging|7436000|287000|NA|NA|NA|980000|3500000|NA|NA|0|cpu 42018 0 42787 985059 2157 0 2224 0 0 0|795927|46000|3829108|2545428|2471428|215226|146160|166803|4|6.13%|50.29MiB / 3.652GiB
888.016|2026-07-25T13:02:46.070Z|28|Discharging|7436000|405000|NA|NA|NA|980000|3500000|NA|NA|0|cpu 42083 0 42874 986082 2157 0 2226 0 0 0|795951|46000|3829108|2537512|2471428|215322|146403|167097|4|1.53%|50.29MiB / 3.652GiB
891.015|2026-07-25T13:02:49.065Z|28|Discharging|7436000|297000|NA|NA|NA|980000|3500000|NA|NA|0|cpu 42118 0 42908 987195 2157 0 2229 0 0 0|795927|46000|3829108|2539040|2471428|215402|146467|167170|4|1.78%|50.28MiB / 3.652GiB
894.015|2026-07-25T13:02:52.054Z|28|Discharging|7436000|297000|NA|NA|NA|980000|3500000|NA|NA|0|cpu 42155 0 42948 988296 2157 0 2232 0 0 0|795927|46000|3829108|2545996|2471428|215410|146617|167323|4|0.92%|50.28MiB / 3.652GiB
897.014|2026-07-25T13:02:55.070Z|28|Discharging|7436000|287000|NA|NA|NA|980000|3500000|NA|NA|0|cpu 42188 0 42990 989406 2158 0 2233 0 0 0|795927|46000|3829108|2545248|2471428|215522|146681|167413|4|5.37%|50.29MiB / 3.652GiB
900.014|2026-07-25T13:02:58.072Z|28|Discharging|7436000|336000|NA|NA|NA|980000|3500000|NA|NA|0|cpu 42248 0 43072 990438 2158 0 2235 0 0 0|796416|46000|3829108|2538364|2471428|215586|146882|167648|4|1.54%|50.29MiB / 3.652GiB
903.014|2026-07-25T13:03:01.055Z|28|Discharging|7436000|287000|NA|NA|NA|980000|3500000|NA|NA|0|cpu 42289 0 43108 991542 2158 0 2237 0 0 0|795927|46000|3829108|2539324|2471428|215706|146984|167753|4|1.81%|50.3MiB / 3.652GiB
906.015|2026-07-25T13:03:04.057Z|28|Discharging|7464000|287000|NA|NA|NA|980000|3500000|NA|NA|0|cpu 42322 0 43145 992650 2158 0 2240 0 0 0|796084|46000|3829108|2547892|2471428|215802|147135|167908|4|0.88%|50.29MiB / 3.652GiB
909.014|2026-07-25T13:03:07.077Z|28|Discharging|7464000|287000|NA|NA|NA|980000|3500000|NA|NA|0|cpu 42360 0 43198 993742 2159 0 2241 0 0 0|795927|46000|3829108|2547212|2471428|216098|147244|168068|4|4.42%|50.3MiB / 3.652GiB
912.014|2026-07-25T13:03:10.066Z|28|Discharging|7464000|297000|NA|NA|NA|980000|3500000|NA|NA|0|cpu 42421 0 43265 994790 2159 0 2244 0 0 0|795927|46000|3829108|2542324|2471436|216098|147471|168320|4|4.50%|50.3MiB / 3.652GiB
915.014|2026-07-25T13:03:13.068Z|28|Discharging|7464000|316000|NA|NA|NA|980000|3500000|NA|NA|0|cpu 42457 0 43308 995894 2160 0 2246 0 0 0|795600|46000|3829108|2539748|2471436|216338|147620|168477|4|5.62%|50.31MiB / 3.652GiB
918.015|2026-07-25T13:03:16.001Z|28|Discharging|7422000|356000|NA|NA|NA|980000|3500000|NA|NA|0|cpu 42529 0 43393 996888 2160 0 2247 0 0 0|795927|46000|3829108|2535704|2471436|216346|147857|168776|4|2.14%|50.3MiB / 3.652GiB
921.014|2026-07-25T13:03:19.064Z|28|Discharging|7422000|316000|NA|NA|NA|980000|3500000|NA|NA|0|cpu 42560 0 43429 998024 2160 0 2249 0 0 0|795927|46000|3829108|2546348|2471436|216554|147991|168906|4|2.35%|50.3MiB / 3.652GiB
924.014|2026-07-25T13:03:22.055Z|28|Discharging|7436000|287000|NA|NA|NA|980000|3500000|NA|NA|0|cpu 42597 0 43474 999122 2160 0 2252 0 0 0|795927|46000|3829108|2541932|2471436|216834|148154|169069|4|0.90%|50.3MiB / 3.652GiB
927.017|2026-07-25T13:03:25.036Z|28|Discharging|7436000|297000|NA|NA|NA|980000|3500000|NA|NA|0|cpu 42657 0 43544 1000144 2162 0 2254 0 0 0|795927|46000|3829108|2543928|2471436|217226|148311|169260|4|2.30%|50.3MiB / 3.652GiB
930.015|2026-07-25T13:03:28.056Z|28|Discharging|7436000|326000|NA|NA|NA|980000|3500000|NA|NA|0|cpu 42701 0 43597 1001251 2162 0 2256 0 0 0|795943|46000|3829108|2543696|2471436|217242|148469|169426|4|2.61%|50.3MiB / 3.652GiB
933.014|2026-07-25T13:03:31.070Z|28|Discharging|7450000|366000|NA|NA|NA|980000|3500000|NA|NA|0|cpu 42733 0 43638 1002358 2163 0 2259 0 0 0|795583|46000|3829108|2531780|2471436|217490|148612|169573|4|1.47%|50.3MiB / 3.652GiB
936.014|2026-07-25T13:03:34.058Z|28|Discharging|7450000|336000|NA|NA|NA|980000|3500000|NA|NA|0|cpu 42769 0 43679 1003466 2163 0 2260 0 0 0|795935|46000|3829108|2534064|2471436|217498|148689|169655|4|6.80%|50.3MiB / 3.652GiB
939.015|2026-07-25T13:03:37.011Z|28|Discharging|7464000|366000|NA|NA|NA|980000|3500000|NA|NA|0|cpu 42836 0 43765 1004462 2164 0 2262 0 0 0|795958|46000|3829108|2544664|2471436|217618|148914|169944|4|1.26%|50.3MiB / 3.652GiB
942.014|2026-07-25T13:03:40.061Z|28|Discharging|7464000|297000|NA|NA|NA|980000|3500000|NA|NA|0|cpu 42871 0 43802 1005597 2164 0 2264 0 0 0|795927|46000|3829108|2544088|2471436|217722|148991|170026|4|2.52%|50.3MiB / 3.652GiB
945.014|2026-07-25T13:03:43.055Z|28|Discharging|7436000|336000|NA|NA|NA|980000|3500000|NA|NA|0|cpu 42907 0 43841 1006705 2165 0 2267 0 0 0|796144|46000|3829108|2538680|2471436|217802|149111|170146|4|3.24%|50.3MiB / 3.652GiB
948.014|2026-07-25T13:03:46.056Z|28|Discharging|7436000|346000|NA|NA|NA|980000|3500000|NA|NA|0|cpu 42962 0 43906 1007760 2169 0 2269 0 0 0|796079|46000|3829108|2541444|2483916|217810|149189|170228|4|2.65%|50.31MiB / 3.652GiB
951.014|2026-07-25T13:03:49.064Z|28|Discharging|7422000|277000|NA|NA|NA|980000|3500000|NA|NA|0|cpu 43028 0 43995 1008779 2170 0 2271 0 0 0|795787|46000|3829108|2543100|2483916|218882|149392|170485|4|1.94%|50.56MiB / 3.652GiB
954.014|2026-07-25T13:03:52.066Z|28|Discharging|7422000|306000|NA|NA|NA|980000|3500000|NA|NA|0|cpu 43064 0 44036 1009883 2170 0 2273 0 0 0|796555|46000|3829108|2538644|2483916|218994|149541|170650|4|2.09%|50.32MiB / 3.652GiB
957.014|2026-07-25T13:03:55.054Z|28|Discharging|7450000|346000|NA|NA|NA|980000|3500000|NA|NA|0|cpu 43100 0 44077 1010986 2170 0 2275 0 0 0|795927|46000|3829108|2540832|2483916|219042|149691|170818|4|0.60%|50.3MiB / 3.652GiB
960.014|2026-07-25T13:03:58.071Z|28|Discharging|7450000|277000|NA|NA|NA|980000|3500000|NA|NA|0|cpu 43130 0 44119 1012098 2171 0 2276 0 0 0|795927|46000|3829108|2541244|2483916|219274|149734|170892|4|5.43%|50.3MiB / 3.652GiB
963.014|2026-07-25T13:04:01.064Z|28|Discharging|7450000|316000|NA|NA|NA|980000|3500000|NA|NA|0|cpu 43201 0 44203 1013116 2171 0 2278 0 0 0|795698|46000|3829108|2536624|2483916|219402|149956|171153|4|1.85%|50.3MiB / 3.652GiB
966.014|2026-07-25T13:04:04.071Z|28|Discharging|7450000|277000|NA|NA|NA|980000|3500000|NA|NA|0|cpu 43238 0 44241 1014224 2171 0 2280 0 0 0|796295|46000|3829108|2541160|2483916|219426|150053|171252|4|1.52%|50.3MiB / 3.652GiB
969.014|2026-07-25T13:04:07.055Z|28|Discharging|7436000|277000|NA|NA|NA|980000|3500000|NA|NA|0|cpu 43276 0 44282 1015323 2172 0 2284 0 0 0|795927|46000|3829108|2547728|2483916|219562|150213|171420|4|0.62%|50.3MiB / 3.652GiB
972.014|2026-07-25T13:04:10.000Z|28|Discharging|7436000|287000|NA|NA|NA|980000|3500000|NA|NA|0|cpu 43304 0 44320 1016418 2173 0 2284 0 0 0|795927|46000|3829108|2539656|2483916|219706|150226|171433|4|7.45%|50.3MiB / 3.652GiB
975.016|2026-07-25T13:04:12.998Z|28|Discharging|7436000|346000|NA|NA|NA|980000|3500000|NA|NA|0|cpu 43547 0 44488 1017152 2173 0 2287 0 0 0|795919|47000|3829108|2531152|2483916|220050|150477|171734|4|1.89%|50.3MiB / 3.652GiB
978.015|2026-07-25T13:04:16.064Z|28|Discharging|7436000|306000|NA|NA|NA|980000|3500000|NA|NA|0|cpu 43577 0 44522 1018290 2173 0 2289 0 0 0|797125|46000|3829108|2533536|2483916|220170|150592|171856|4|1.74%|50.79MiB / 3.652GiB
981.014|2026-07-25T13:04:19.054Z|28|Discharging|7450000|277000|NA|NA|NA|980000|3500000|NA|NA|0|cpu 43611 0 44559 1019403 2173 0 2291 0 0 0|795927|46000|3829108|2537000|2483916|220282|150677|171942|4|1.25%|50.31MiB / 3.652GiB
984.014|2026-07-25T13:04:22.071Z|28|Discharging|7450000|287000|NA|NA|NA|980000|3500000|NA|NA|0|cpu 43641 0 44597 1020519 2173 0 2293 0 0 0|796102|46000|3829108|2534572|2483916|220290|150748|172012|4|1.59%|50.3MiB / 3.652GiB
987.014|2026-07-25T13:04:25.055Z|28|Discharging|7450000|257000|NA|NA|NA|980000|3500000|NA|NA|0|cpu 43671 0 44638 1021628 2174 0 2294 0 0 0|795781|46000|3829108|2539564|2483916|220538|150806|172067|4|7.06%|50.31MiB / 3.652GiB
990.016|2026-07-25T13:04:28.009Z|28|Discharging|7436000|356000|NA|NA|NA|980000|3500000|NA|NA|0|cpu 43737 0 44724 1022622 2175 0 2297 0 0 0|795927|46000|3829108|2545572|2483916|220890|151049|172384|4|2.68%|50.3MiB / 3.652GiB
993.015|2026-07-25T13:04:31.055Z|28|Discharging|7436000|277000|NA|NA|NA|980000|3500000|NA|NA|0|cpu 43771 0 44761 1023756 2175 0 2300 0 0 0|796295|46000|3829108|2534728|2483916|221050|151165|172506|4|1.97%|50.3MiB / 3.652GiB
996.015|2026-07-25T13:04:34.064Z|28|Discharging|7436000|316000|NA|NA|NA|980000|3500000|NA|NA|0|cpu 43803 0 44801 1024865 2175 0 2301 0 0 0|796308|46000|3829108|2535996|2483916|221050|151287|172635|4|0.96%|50.3MiB / 3.652GiB
999.014|2026-07-25T13:04:37.083Z|28|Discharging|7436000|257000|NA|NA|NA|980000|3500000|NA|NA|0|cpu 43845 0 44857 1025948 2176 0 2302 0 0 0|795935|46000|3829108|2532260|2483916|221146|151404|172793|4|4.91%|50.3MiB / 3.652GiB
1002.014|2026-07-25T13:04:40.070Z|28|Discharging|7450000|297000|NA|NA|NA|980000|3500000|NA|NA|0|cpu 43900 0 44930 1026998 2176 0 2305 0 0 0|795927|46000|3829108|2528332|2483916|221250|151615|173025|4|1.53%|50.3MiB / 3.652GiB
1005.015|2026-07-25T13:04:43.073Z|28|Discharging|7450000|257000|NA|NA|NA|980000|3500000|NA|NA|0|cpu 43935 0 44967 1028109 2176 0 2308 0 0 0|795927|46000|3829108|2538584|2483916|221330|151752|173167|4|0.90%|50.3MiB / 3.652GiB
1008.014|2026-07-25T13:04:46.055Z|28|Discharging|7450000|277000|NA|NA|NA|980000|3500000|NA|NA|0|cpu 43968 0 45009 1029219 2176 0 2309 0 0 0|795927|46000|3829108|2539264|2483916|221338|151806|173225|4|7.92%|50.3MiB / 3.652GiB
1011.014|2026-07-25T13:04:48.992Z|28|Discharging|7450000|356000|NA|NA|NA|980000|3500000|NA|NA|0|cpu 44036 0 45096 1030212 2176 0 2311 0 0 0|795831|46000|3829108|2544076|2483916|221506|152054|173537|4|1.27%|50.3MiB / 3.652GiB
1014.015|2026-07-25T13:04:52.066Z|28|Discharging|7450000|306000|NA|NA|NA|980000|3500000|NA|NA|0|cpu 44064 0 45132 1031355 2176 0 2312 0 0 0|795927|46000|3829108|2541984|2483916|221514|152128|173610|4|1.09%|50.31MiB / 3.652GiB
1017.015|2026-07-25T13:04:55.061Z|28|Discharging|7450000|306000|NA|NA|NA|980000|3500000|NA|NA|0|cpu 44101 0 45167 1032467 2177 0 2313 0 0 0|795927|46000|3829108|2543216|2483916|221562|152189|173669|4|1.28%|50.31MiB / 3.652GiB
1020.014|2026-07-25T13:04:58.055Z|28|Discharging|7450000|336000|NA|NA|NA|980000|3500000|NA|NA|0|cpu 44132 0 45206 1033579 2177 0 2315 0 0 0|795927|46000|3829108|2544216|2483916|221578|152288|173768|4|2.64%|50.3MiB / 3.652GiB
1023.014|2026-07-25T13:05:01.059Z|28|Discharging|7450000|326000|NA|NA|NA|980000|3500000|NA|NA|0|cpu 44165 0 45244 1034691 2177 0 2317 0 0 0|795927|46000|3829108|2540904|2483916|221786|152360|173839|4|5.00%|50.32MiB / 3.652GiB
1026.014|2026-07-25T13:05:04.008Z|28|Discharging|7422000|336000|NA|NA|NA|980000|3500000|NA|NA|0|cpu 44234 0 45333 1035680 2178 0 2319 0 0 0|795943|46000|3829108|2536648|2483916|222074|152616|174150|4|2.25%|50.34MiB / 3.652GiB
1029.015|2026-07-25T13:05:07.066Z|28|Discharging|7422000|277000|NA|NA|NA|980000|3500000|NA|NA|0|cpu 44268 0 45373 1036807 2179 0 2322 0 0 0|795927|46000|3829108|2542224|2483916|222186|152768|174313|4|1.22%|50.32MiB / 3.652GiB
1032.014|2026-07-25T13:05:10.054Z|28|Discharging|7422000|277000|NA|NA|NA|980000|3500000|NA|NA|0|cpu 44304 0 45411 1037915 2179 0 2325 0 0 0|795927|46000|3829108|2536296|2483916|222434|152850|174403|4|0.92%|50.32MiB / 3.652GiB
1035.014|2026-07-25T13:05:13.021Z|28|Discharging|7436000|287000|NA|NA|NA|980000|3500000|NA|NA|0|cpu 44364 0 45478 1038941 2179 0 2326 0 0 0|796269|46000|3829108|2542528|2483916|222810|152962|174566|4|5.09%|50.32MiB / 3.652GiB
1038.014|2026-07-25T13:05:16.056Z|28|Discharging|7436000|326000|NA|NA|NA|980000|3500000|NA|NA|0|cpu 44407 0 45542 1040036 2179 0 2328 0 0 0|795943|46000|3829108|2537480|2483916|222826|153165|174793|4|1.67%|50.32MiB / 3.652GiB
1041.014|2026-07-25T13:05:19.057Z|28|Discharging|7436000|297000|NA|NA|NA|980000|3500000|NA|NA|0|cpu 44437 0 45577 1041154 2181 0 2329 0 0 0|795879|46000|3829108|2545600|2483916|223258|153235|174864|4|1.25%|50.32MiB / 3.652GiB
1044.014|2026-07-25T13:05:22.073Z|28|Discharging|7436000|316000|NA|NA|NA|980000|3500000|NA|NA|0|cpu 44467 0 45617 1042267 2181 0 2331 0 0 0|796128|46000|3829108|2538036|2483916|223266|153336|174974|4|0.96%|50.57MiB / 3.652GiB
1047.014|2026-07-25T13:05:25.058Z|28|Discharging|7450000|297000|NA|NA|NA|980000|3500000|NA|NA|0|cpu 44504 0 45656 1043377 2181 0 2332 0 0 0|796411|46000|3829108|2538348|2483916|223330|153368|175003|4|0.61%|50.32MiB / 3.652GiB
1050.014|2026-07-25T13:05:28.017Z|28|Discharging|7450000|287000|NA|NA|NA|980000|3500000|NA|NA|0|cpu 44566 0 45737 1044383 2182 0 2336 0 0 0|795943|46000|3829108|2540548|2483916|223762|153641|175338|4|2.60%|50.36MiB / 3.652GiB
1053.014|2026-07-25T13:05:31.074Z|28|Discharging|7422000|346000|NA|NA|NA|980000|3500000|NA|NA|0|cpu 44604 0 45788 1045498 2182 0 2338 0 0 0|795927|46000|3829108|2535528|2483916|223962|153810|175530|4|0.89%|50.36MiB / 3.652GiB
1056.014|2026-07-25T13:05:34.069Z|28|Discharging|7422000|277000|NA|NA|NA|980000|3500000|NA|NA|0|cpu 44638 0 45823 1046611 2182 0 2339 0 0 0|795927|46000|3829108|2537944|2483916|224146|153842|175565|4|7.86%|50.36MiB / 3.652GiB
1059.014|2026-07-25T13:05:37.056Z|28|Discharging|7436000|356000|NA|NA|NA|980000|3500000|NA|NA|0|cpu 44708 0 45912 1047625 2183 0 2341 0 0 0|795574|46000|3829108|2525788|2483916|224178|154077|175860|4|2.14%|50.36MiB / 3.652GiB
1062.014|2026-07-25T13:05:40.058Z|28|Discharging|7436000|287000|NA|NA|NA|980000|3500000|NA|NA|0|cpu 44737 0 45951 1048739 2183 0 2343 0 0 0|795927|46000|3829108|2541180|2483916|224186|154156|175947|4|1.60%|50.36MiB / 3.652GiB
1065.015|2026-07-25T13:05:43.061Z|28|Discharging|7408000|267000|NA|NA|NA|980000|3500000|NA|NA|0|cpu 44766 0 45987 1049857 2183 0 2345 0 0 0|796121|46000|3829108|2539368|2483916|224402|154219|176015|4|0.84%|50.36MiB / 3.652GiB
1068.014|2026-07-25T13:05:46.068Z|28|Discharging|7408000|267000|NA|NA|NA|980000|3500000|NA|NA|0|cpu 44797 0 46022 1050975 2183 0 2346 0 0 0|795927|46000|3829108|2530292|2483916|224410|154260|176061|4|1.50%|50.36MiB / 3.652GiB
1071.014|2026-07-25T13:05:49.052Z|28|Discharging|7422000|247000|NA|NA|NA|980000|3500000|NA|NA|0|cpu 44831 0 46057 1052088 2184 0 2347 0 0 0|795927|46000|3829108|2541120|2483916|224442|154300|176111|4|1.39%|50.36MiB / 3.652GiB
1074.014|2026-07-25T13:05:52.057Z|28|Discharging|7422000|277000|NA|NA|NA|980000|3500000|NA|NA|0|cpu 44861 0 46095 1053202 2184 0 2348 0 0 0|796297|46000|3829108|2534504|2483916|224466|154332|176145|4|2.56%|50.36MiB / 3.652GiB
1077.014|2026-07-25T13:05:55.061Z|28|Discharging|7422000|277000|NA|NA|NA|980000|3500000|NA|NA|0|cpu 44928 0 46182 1054219 2184 0 2349 0 0 0|796155|46000|3829108|2545396|2483916|224714|154531|176407|4|1.81%|50.36MiB / 3.652GiB
1080.014|2026-07-25T13:05:58.055Z|28|Discharging|7436000|287000|NA|NA|NA|980000|3500000|NA|NA|0|cpu 44959 0 46221 1055334 2184 0 2351 0 0 0|796257|46000|3829108|2539584|2483916|224722|154660|176548|4|1.48%|50.36MiB / 3.652GiB
1083.014|2026-07-25T13:06:01.067Z|28|Discharging|7436000|297000|NA|NA|NA|980000|3500000|NA|NA|0|cpu 44989 0 46257 1056446 2185 0 2352 0 0 0|795927|46000|3829108|2540652|2483916|224778|154725|176618|4|2.36%|50.36MiB / 3.652GiB
1086.014|2026-07-25T13:06:04.060Z|28|Discharging|7408000|277000|NA|NA|NA|980000|3500000|NA|NA|0|cpu 45024 0 46297 1057555 2185 0 2354 0 0 0|796138|46000|3829108|2549508|2483916|224786|154795|176698|4|4.91%|50.37MiB / 3.652GiB
1089.014|2026-07-25T13:06:07.009Z|28|Discharging|7408000|316000|NA|NA|NA|980000|3500000|NA|NA|0|cpu 45095 0 46384 1058548 2185 0 2355 0 0 0|795927|46000|3829108|2546140|2483916|224914|155041|177005|4|2.48%|50.36MiB / 3.652GiB
1092.014|2026-07-25T13:06:10.059Z|28|Discharging|7436000|297000|NA|NA|NA|980000|3500000|NA|NA|0|cpu 45127 0 46423 1059680 2186 0 2358 0 0 0|795927|46000|3829108|2535416|2483916|225122|155212|177196|4|2.53%|50.36MiB / 3.652GiB
1095.014|2026-07-25T13:06:13.053Z|28|Discharging|7436000|287000|NA|NA|NA|980000|3500000|NA|NA|0|cpu 45160 0 46465 1060789 2187 0 2360 0 0 0|795927|46000|3829108|2545536|2483916|225202|155275|177264|4|3.74%|50.37MiB / 3.652GiB
1098.016|2026-07-25T13:06:15.999Z|28|Discharging|7422000|297000|NA|NA|NA|980000|3500000|NA|NA|0|cpu 45230 0 46555 1061780 2187 0 2363 0 0 0|796716|46000|3829108|2541728|2483916|225250|155501|177551|4|2.10%|50.38MiB / 3.652GiB
1101.014|2026-07-25T13:06:19.055Z|28|Discharging|7422000|306000|NA|NA|NA|980000|3500000|NA|NA|0|cpu 45260 0 46592 1062916 2187 0 2364 0 0 0|795927|46000|3829108|2546456|2483916|225474|155618|177673|4|1.15%|50.37MiB / 3.652GiB
1104.014|2026-07-25T13:06:22.054Z|28|Discharging|7422000|306000|NA|NA|NA|980000|3500000|NA|NA|0|cpu 45290 0 46630 1064029 2187 0 2367 0 0 0|795927|46000|3829108|2542172|2483916|225490|155706|177769|4|2.64%|50.37MiB / 3.652GiB
1107.014|2026-07-25T13:06:25.055Z|28|Discharging|7422000|306000|NA|NA|NA|980000|3500000|NA|NA|0|cpu 45318 0 46669 1065144 2188 0 2368 0 0 0|795544|46000|3829108|2538784|2483916|225698|155760|177825|4|2.59%|50.38MiB / 3.652GiB
1110.014|2026-07-25T13:06:28.058Z|28|Discharging|7422000|336000|NA|NA|NA|980000|3500000|NA|NA|0|cpu 45393 0 46758 1066157 2188 0 2369 0 0 0|795927|46000|3829108|2538396|2483916|225706|155974|178092|4|1.86%|50.38MiB / 3.652GiB
1113.014|2026-07-25T13:06:31.058Z|28|Discharging|7436000|267000|NA|NA|NA|980000|3500000|NA|NA|0|cpu 45423 0 46793 1067273 2188 0 2371 0 0 0|795927|46000|3829108|2533716|2483916|225778|156066|178179|4|1.77%|50.39MiB / 3.652GiB
1116.014|2026-07-25T13:06:34.057Z|28|Discharging|7436000|297000|NA|NA|NA|980000|3500000|NA|NA|0|cpu 45452 0 46834 1068383 2188 0 2374 0 0 0|796617|46000|3829108|2539780|2483916|225994|156191|178312|4|2.71%|50.6MiB / 3.652GiB
1119.014|2026-07-25T13:06:37.063Z|28|Discharging|7450000|287000|NA|NA|NA|980000|3500000|NA|NA|0|cpu 45484 0 46873 1069493 2189 0 2376 0 0 0|795927|46000|3829108|2545052|2483916|226234|156303|178431|4|0.61%|50.37MiB / 3.652GiB
1122.014|2026-07-25T13:06:40.046Z|28|Discharging|7450000|306000|NA|NA|NA|980000|3500000|NA|NA|0|cpu 45552 0 46945 1070503 2189 0 2379 0 0 0|795927|46000|3829108|2532140|2483916|226242|156581|178727|4|2.36%|50.37MiB / 3.652GiB
1125.014|2026-07-25T13:06:43.054Z|28|Discharging|7450000|336000|NA|NA|NA|980000|3500000|NA|NA|0|cpu 45595 0 46997 1071612 2189 0 2381 0 0 0|796125|46000|3829108|2550556|2483916|226290|156742|178901|4|1.78%|50.39MiB / 3.652GiB
1128.014|2026-07-25T13:06:46.054Z|28|Discharging|7450000|326000|NA|NA|NA|980000|3500000|NA|NA|0|cpu 45631 0 47038 1072716 2189 0 2383 0 0 0|795927|46000|3829108|2550536|2483916|226426|156862|179021|4|0.93%|50.62MiB / 3.652GiB
1131.014|2026-07-25T13:06:49.075Z|28|Discharging|7450000|287000|NA|NA|NA|980000|3500000|NA|NA|0|cpu 45660 0 47078 1073831 2190 0 2384 0 0 0|796026|46000|3829108|2547772|2483916|226682|156915|179099|4|5.99%|50.38MiB / 3.652GiB
1134.015|2026-07-25T13:06:52.056Z|28|Discharging|7450000|316000|NA|NA|NA|980000|3500000|NA|NA|0|cpu 45727 0 47164 1074850 2190 0 2387 0 0 0|795927|46000|3829108|2530884|2483916|226690|157157|179384|4|1.53%|50.62MiB / 3.652GiB
1137.014|2026-07-25T13:06:55.067Z|28|Discharging|7436000|277000|NA|NA|NA|980000|3500000|NA|NA|0|cpu 45758 0 47201 1075966 2190 0 2390 0 0 0|796042|46000|3829108|2540048|2483916|226730|157256|179489|4|1.25%|50.37MiB / 3.652GiB
1140.014|2026-07-25T13:06:58.061Z|28|Discharging|7436000|287000|NA|NA|NA|980000|3500000|NA|NA|0|cpu 45796 0 47243 1077068 2190 0 2392 0 0 0|795927|46000|3829108|2545988|2483916|226770|157344|179583|4|0.95%|50.37MiB / 3.652GiB
1143.013|2026-07-25T13:07:01.020Z|28|Discharging|7436000|277000|NA|NA|NA|980000|3500000|NA|NA|0|cpu 45855 0 47309 1078097 2191 0 2393 0 0 0|796985|46000|3829108|2549304|2483916|226946|157470|179760|4|3.83%|50.38MiB / 3.652GiB
1146.014|2026-07-25T13:07:04.054Z|28|Discharging|7436000|326000|NA|NA|NA|980000|3500000|NA|NA|0|cpu 45894 0 47365 1079204 2191 0 2394 0 0 0|795901|46000|3829108|2548176|2483916|226954|157640|179946|4|2.60%|50.38MiB / 3.652GiB
1149.014|2026-07-25T13:07:07.087Z|28|Discharging|7436000|297000|NA|NA|NA|980000|3500000|NA|NA|0|cpu 45925 0 47407 1080312 2191 0 2398 0 0 0|795927|46000|3829108|2537416|2483916|227106|157784|180098|4|0.88%|50.37MiB / 3.652GiB
1152.015|2026-07-25T13:07:10.054Z|28|Discharging|7436000|267000|NA|NA|NA|980000|3500000|NA|NA|0|cpu 45964 0 47447 1081418 2191 0 2400 0 0 0|796460|46000|3829108|2534316|2483916|227130|157846|180167|4|9.18%|50.39MiB / 3.652GiB
1155.014|2026-07-25T13:07:13.054Z|28|Discharging|7436000|376000|NA|NA|NA|980000|3500000|NA|NA|0|cpu 46031 0 47534 1082436 2192 0 2401 0 0 0|795927|46000|3829108|2535020|2483916|227266|158102|180486|4|1.80%|50.38MiB / 3.652GiB
1158.014|2026-07-25T13:07:16.055Z|28|Discharging|7436000|287000|NA|NA|NA|980000|3500000|NA|NA|0|cpu 46061 0 47570 1083553 2192 0 2403 0 0 0|795927|46000|3829108|2533696|2483916|227394|158176|180574|4|1.79%|50.38MiB / 3.652GiB
1161.014|2026-07-25T13:07:19.065Z|28|Discharging|7436000|287000|NA|NA|NA|980000|3500000|NA|NA|0|cpu 46089 0 47611 1084667 2192 0 2404 0 0 0|795943|46000|3829108|2540784|2483916|227498|158260|180658|4|3.29%|50.38MiB / 3.652GiB
1164.014|2026-07-25T13:07:22.069Z|28|Discharging|7450000|277000|NA|NA|NA|980000|3500000|NA|NA|0|cpu 46122 0 47650 1085774 2193 0 2406 0 0 0|795781|46000|3829108|2543080|2483916|227618|158351|180755|4|4.76%|50.64MiB / 3.652GiB
1167.014|2026-07-25T13:07:25.008Z|28|Discharging|7450000|287000|NA|NA|NA|980000|3500000|NA|NA|0|cpu 46191 0 47736 1086771 2193 0 2408 0 0 0|795943|46000|3829108|2533892|2483916|227714|158566|181028|4|1.28%|50.38MiB / 3.652GiB
1170.014|2026-07-25T13:07:28.051Z|28|Discharging|7422000|267000|NA|NA|NA|980000|3500000|NA|NA|0|cpu 46226 0 47775 1087897 2193 0 2410 0 0 0|796130|46000|3829108|2543084|2483916|227722|158697|181171|4|2.49%|50.39MiB / 3.652GiB
1173.014|2026-07-25T13:07:31.055Z|28|Discharging|7422000|326000|NA|NA|NA|980000|3500000|NA|NA|0|cpu 46259 0 47816 1089008 2194 0 2412 0 0 0|795927|46000|3829108|2551184|2483916|228042|158830|181306|4|0.62%|50.38MiB / 3.652GiB
1176.014|2026-07-25T13:07:34.018Z|28|Discharging|7436000|326000|NA|NA|NA|980000|3500000|NA|NA|0|cpu 46325 0 47882 1090029 2194 0 2413 0 0 0|795943|46000|3829108|2534456|2483916|228186|159035|181561|4|5.26%|50.38MiB / 3.652GiB
1179.014|2026-07-25T13:07:37.063Z|28|Discharging|7436000|366000|NA|NA|NA|980000|3500000|NA|NA|0|cpu 46370 0 47948 1091114 2195 0 2415 0 0 0|796093|46000|3829108|2521312|2483916|228618|159322|181871|4|0.62%|50.38MiB / 3.652GiB
1182.014|2026-07-25T13:07:40.092Z|28|Discharging|7394000|297000|NA|NA|NA|980000|3500000|NA|NA|0|cpu 46412 0 48000 1092202 2195 0 2416 0 0 0|795947|46000|3829108|2540492|2483916|228730|159449|182048|4|5.37%|50.52MiB / 3.652GiB
1185.015|2026-07-25T13:07:43.066Z|28|Discharging|7394000|356000|NA|NA|NA|980000|3500000|NA|NA|0|cpu 46470 0 48070 1093254 2195 0 2420 0 0 0|795560|46000|3829108|2536712|2483916|229010|159610|182228|4|1.27%|50.52MiB / 3.652GiB
1188.014|2026-07-25T13:07:46.068Z|28|Discharging|7436000|277000|NA|NA|NA|980000|3500000|NA|NA|0|cpu 46504 0 48105 1094367 2195 0 2421 0 0 0|795889|46000|3829108|2538736|2483916|229018|159677|182298|4|1.99%|50.76MiB / 3.652GiB
1191.014|2026-07-25T13:07:49.059Z|28|Discharging|7436000|316000|NA|NA|NA|980000|3500000|NA|NA|0|cpu 46542 0 48148 1095468 2196 0 2423 0 0 0|795927|46000|3829108|2540840|2483916|229058|159820|182443|4|0.61%|50.51MiB / 3.652GiB
1194.014|2026-07-25T13:07:52.072Z|28|Discharging|7436000|277000|NA|NA|NA|980000|3500000|NA|NA|0|cpu 46571 0 48186 1096584 2196 0 2424 0 0 0|795949|46000|3829108|2535072|2483916|229074|159853|182488|4|7.76%|50.52MiB / 3.652GiB
1197.014|2026-07-25T13:07:55.057Z|28|Discharging|7450000|346000|NA|NA|NA|980000|3500000|NA|NA|0|cpu 46636 0 48275 1097601 2196 0 2427 0 0 0|795927|46000|3829108|2539444|2483916|229546|160128|182801|4|1.75%|50.52MiB / 3.652GiB
1200.014|2026-07-25T13:07:58.069Z|28|Discharging|7436000|277000|NA|NA|NA|980000|3500000|NA|NA|0|cpu 46669 0 48312 1098711 2197 0 2429 0 0 0|795592|46000|3829108|2542280|2483916|229858|160237|182909|4|1.62%|50.52MiB / 3.652GiB
1203.014|2026-07-25T13:08:01.059Z|27|Discharging|7436000|287000|NA|NA|NA|945000|3500000|NA|NA|0|cpu 46702 0 48350 1099825 2197 0 2431 0 0 0|795927|46000|3829108|2539276|2483916|229954|160299|182970|4|2.23%|50.51MiB / 3.652GiB
1206.014|2026-07-25T13:08:04.056Z|27|Discharging|7436000|297000|NA|NA|NA|945000|3500000|NA|NA|0|cpu 46732 0 48389 1100937 2198 0 2432 0 0 0|795927|46000|3829108|2545768|2483916|230090|160357|183030|4|5.22%|50.54MiB / 3.652GiB
1209.018|2026-07-25T13:08:07.000Z|27|Discharging|7422000|297000|NA|NA|NA|945000|3500000|NA|NA|0|cpu 46799 0 48478 1101932 2198 0 2434 0 0 0|795927|46000|3829108|2537832|2483916|230218|160568|183304|4|2.18%|50.54MiB / 3.652GiB
1212.014|2026-07-25T13:08:10.061Z|27|Discharging|7422000|316000|NA|NA|NA|945000|3500000|NA|NA|0|cpu 46833 0 48517 1103060 2199 0 2436 0 0 0|796302|46000|3829108|2530384|2483916|230338|160739|183489|4|1.57%|50.54MiB / 3.652GiB
1215.015|2026-07-25T13:08:13.056Z|27|Discharging|7422000|336000|NA|NA|NA|945000|3500000|NA|NA|0|cpu 46868 0 48559 1104167 2199 0 2438 0 0 0|795927|46000|3829108|2543812|2483916|230538|160848|183607|4|0.58%|50.53MiB / 3.652GiB
1218.014|2026-07-25T13:08:16.081Z|27|Discharging|7422000|306000|NA|NA|NA|945000|3500000|NA|NA|0|cpu 46903 0 48601 1105270 2199 0 2439 0 0 0|795927|46000|3829108|2546632|2483916|230602|160936|183714|4|5.86%|50.54MiB / 3.652GiB
1221.015|2026-07-25T13:08:19.057Z|27|Discharging|7436000|297000|NA|NA|NA|945000|3500000|NA|NA|0|cpu 46971 0 48685 1106291 2199 0 2443 0 0 0|796265|46000|3829108|2533884|2483916|230666|161179|183990|4|2.88%|50.53MiB / 3.652GiB
1224.014|2026-07-25T13:08:22.057Z|27|Discharging|7436000|326000|NA|NA|NA|945000|3500000|NA|NA|0|cpu 47006 0 48723 1107399 2199 0 2446 0 0 0|795943|46000|3829108|2541680|2483916|230778|161356|184185|4|0.92%|50.53MiB / 3.652GiB
1227.014|2026-07-25T13:08:25.028Z|27|Discharging|7422000|257000|NA|NA|NA|945000|3500000|NA|NA|0|cpu 47072 0 48802 1108409 2200 0 2447 0 0 0|795927|46000|3829108|2534676|2483916|231026|161536|184420|4|2.37%|50.53MiB / 3.652GiB
1230.014|2026-07-25T13:08:28.057Z|27|Discharging|7422000|306000|NA|NA|NA|945000|3500000|NA|NA|0|cpu 47110 0 48847 1109528 2200 0 2449 0 0 0|795927|46000|3829108|2529728|2483916|231034|161680|184576|4|2.13%|50.54MiB / 3.652GiB
1233.014|2026-07-25T13:08:31.058Z|27|Discharging|7422000|297000|NA|NA|NA|945000|3500000|NA|NA|0|cpu 47144 0 48891 1110629 2200 0 2452 0 0 0|795927|46000|3829108|2545512|2483916|231122|161839|184746|4|0.62%|50.53MiB / 3.652GiB
1236.014|2026-07-25T13:08:34.076Z|27|Discharging|7422000|267000|NA|NA|NA|945000|3500000|NA|NA|0|cpu 47178 0 48932 1111735 2201 0 2453 0 0 0|795951|46000|3829108|2546472|2483916|231250|161914|184849|4|5.33%|50.77MiB / 3.652GiB
1239.014|2026-07-25T13:08:37.070Z|27|Discharging|7450000|306000|NA|NA|NA|945000|3500000|NA|NA|0|cpu 47245 0 49012 1112764 2201 0 2454 0 0 0|795935|46000|3829108|2528956|2483916|231474|162113|185076|4|1.39%|50.78MiB / 3.652GiB
1242.015|2026-07-25T13:08:40.068Z|27|Discharging|7450000|277000|NA|NA|NA|945000|3500000|NA|NA|0|cpu 47282 0 49052 1113865 2201 0 2459 0 0 0|795927|47000|3829108|2543124|2483916|231482|162297|185270|4|1.30%|50.53MiB / 3.652GiB
1245.014|2026-07-25T13:08:43.054Z|27|Discharging|7436000|287000|NA|NA|NA|945000|3500000|NA|NA|0|cpu 47311 0 49092 1114981 2202 0 2460 0 0 0|796022|46000|3829108|2543196|2483916|231722|162356|185337|4|7.87%|50.53MiB / 3.652GiB
1248.014|2026-07-25T13:08:46.061Z|27|Discharging|7436000|366000|NA|NA|NA|945000|3500000|NA|NA|0|cpu 47380 0 49176 1115998 2202 0 2462 0 0 0|796821|46000|3829108|2536960|2483916|231826|162631|185680|4|2.64%|50.77MiB / 3.652GiB
1251.014|2026-07-25T13:08:49.067Z|27|Discharging|7436000|257000|NA|NA|NA|945000|3500000|NA|NA|0|cpu 47412 0 49216 1117106 2202 0 2464 0 0 0|796586|46000|3829108|2541100|2483916|231962|162747|185802|4|3.98%|50.53MiB / 3.652GiB
1254.014|2026-07-25T13:08:52.056Z|27|Discharging|7436000|316000|NA|NA|NA|945000|3500000|NA|NA|0|cpu 47449 0 49253 1118213 2202 0 2466 0 0 0|795579|46000|3829108|2543744|2483916|231978|162855|185915|4|2.94%|50.54MiB / 3.652GiB
1257.015|2026-07-25T13:08:55.066Z|27|Discharging|7436000|366000|NA|NA|NA|945000|3500000|NA|NA|0|cpu 47515 0 49341 1119233 2203 0 2468 0 0 0|795927|46000|3829108|2546668|2483916|232154|163084|186206|4|1.77%|50.53MiB / 3.652GiB
1260.015|2026-07-25T13:08:58.055Z|27|Discharging|7436000|267000|NA|NA|NA|945000|3500000|NA|NA|0|cpu 47547 0 49377 1120346 2203 0 2471 0 0 0|797034|46000|3829108|2541324|2483916|232162|163211|186340|4|1.65%|50.78MiB / 3.652GiB
1263.014|2026-07-25T13:09:01.059Z|27|Discharging|7436000|316000|NA|NA|NA|945000|3500000|NA|NA|0|cpu 47579 0 49415 1121460 2203 0 2472 0 0 0|795927|46000|3829108|2545140|2483916|232226|163287|186418|4|2.36%|50.53MiB / 3.652GiB
1266.014|2026-07-25T13:09:04.066Z|27|Discharging|7436000|316000|NA|NA|NA|945000|3500000|NA|NA|0|cpu 47611 0 49455 1122574 2203 0 2473 0 0 0|795927|46000|3829108|2541020|2483916|232250|163344|186480|4|3.62%|50.54MiB / 3.652GiB
1269.014|2026-07-25T13:09:07.001Z|27|Discharging|7436000|297000|NA|NA|NA|945000|3500000|NA|NA|0|cpu 47678 0 49544 1123568 2204 0 2474 0 0 0|795927|46000|3829108|2540812|2483916|232450|163562|186756|4|2.04%|50.53MiB / 3.652GiB
1272.014|2026-07-25T13:09:10.057Z|27|Discharging|7436000|297000|NA|NA|NA|945000|3500000|NA|NA|0|cpu 47715 0 49582 1124695 2205 0 2477 0 0 0|795735|46000|3829108|2546444|2483916|232514|163718|186918|4|3.84%|50.79MiB / 3.652GiB
1275.014|2026-07-25T13:09:13.048Z|27|Discharging|7436000|306000|NA|NA|NA|945000|3500000|NA|NA|0|cpu 47746 0 49621 1125802 2205 0 2479 0 0 0|795927|46000|3829108|2544636|2483916|232546|163834|187044|4|0.61%|50.53MiB / 3.652GiB
1278.014|2026-07-25T13:09:16.042Z|27|Discharging|7450000|297000|NA|NA|NA|945000|3500000|NA|NA|0|cpu 47913 0 49718 1126690 2205 0 2480 0 0 0|795927|48000|3829108|2538972|2483924|232794|164014|187269|4|5.11%|50.53MiB / 3.652GiB
1281.015|2026-07-25T13:09:19.056Z|27|Discharging|7450000|475000|NA|NA|NA|945000|3500000|NA|NA|0|cpu 48018 0 49818 1127664 2205 0 2483 0 0 0|795829|46000|3829108|2535548|2483924|232922|164199|187483|4|1.00%|50.53MiB / 3.652GiB
1284.014|2026-07-25T13:09:22.053Z|27|Discharging|7422000|297000|NA|NA|NA|945000|3500000|NA|NA|0|cpu 48048 0 49856 1128777 2205 0 2485 0 0 0|795927|46000|3829108|2542276|2483924|232930|164282|187562|4|1.24%|50.53MiB / 3.652GiB
1287.014|2026-07-25T13:09:25.059Z|27|Discharging|7422000|287000|NA|NA|NA|945000|3500000|NA|NA|0|cpu 48077 0 49895 1129890 2205 0 2487 0 0 0|795935|46000|3829108|2542984|2483924|233034|164379|187662|4|0.89%|50.53MiB / 3.652GiB
1290.014|2026-07-25T13:09:28.011Z|27|Discharging|7422000|267000|NA|NA|NA|945000|3500000|NA|NA|0|cpu 48138 0 49958 1130921 2205 0 2488 0 0 0|795868|47000|3829108|2539636|2483924|233122|164507|187832|4|3.65%|50.54MiB / 3.652GiB
1293.014|2026-07-25T13:09:31.056Z|27|Discharging|7422000|316000|NA|NA|NA|945000|3500000|NA|NA|0|cpu 48178 0 50019 1132022 2206 0 2489 0 0 0|796311|46000|3829108|2538692|2483924|233178|164597|187938|4|1.07%|50.54MiB / 3.652GiB
1296.015|2026-07-25T13:09:34.064Z|27|Discharging|7422000|287000|NA|NA|NA|945000|3500000|NA|NA|0|cpu 48209 0 50056 1133137 2206 0 2491 0 0 0|795951|46000|3829108|2537792|2483924|233186|164625|187970|4|3.01%|50.54MiB / 3.652GiB
1299.015|2026-07-25T13:09:37.057Z|27|Discharging|7422000|316000|NA|NA|NA|945000|3500000|NA|NA|0|cpu 48244 0 50093 1134243 2206 0 2493 0 0 0|796547|46000|3829108|2528732|2483924|233386|164802|188164|4|2.70%|50.54MiB / 3.652GiB
1302.015|2026-07-25T13:09:40.069Z|27|Discharging|7422000|287000|NA|NA|NA|945000|3500000|NA|NA|0|cpu 48275 0 50132 1135352 2207 0 2495 0 0 0|796319|46000|3829108|2540072|2483924|233722|164887|188247|4|6.75%|50.54MiB / 3.652GiB
1305.016|2026-07-25T13:09:43.008Z|27|Discharging|7408000|356000|NA|NA|NA|945000|3500000|NA|NA|0|cpu 48347 0 50220 1136340 2208 0 2497 0 0 0|795927|46000|3829108|2539648|2483924|233850|165116|188542|4|1.03%|50.54MiB / 3.652GiB
1308.015|2026-07-25T13:09:46.056Z|27|Discharging|7408000|297000|NA|NA|NA|945000|3500000|NA|NA|0|cpu 48382 0 50259 1137472 2208 0 2498 0 0 0|795927|46000|3829108|2541904|2483924|234098|165178|188603|4|0.80%|50.54MiB / 3.652GiB
1311.014|2026-07-25T13:09:49.054Z|27|Discharging|7408000|326000|NA|NA|NA|945000|3500000|NA|NA|0|cpu 48411 0 50292 1138594 2208 0 2499 0 0 0|795927|46000|3829108|2540044|2483924|234098|165188|188608|4|1.00%|50.54MiB / 3.652GiB
1314.014|2026-07-25T13:09:52.054Z|27|Discharging|7408000|287000|NA|NA|NA|945000|3500000|NA|NA|0|cpu 48439 0 50328 1139714 2210 0 2499 0 0 0|796030|46000|3829108|2544524|2483924|234802|165200|188613|4|0.76%|50.54MiB / 3.652GiB
1317.015|2026-07-25T13:09:55.070Z|27|Discharging|7422000|287000|NA|NA|NA|945000|3500000|NA|NA|0|cpu 48471 0 50368 1140825 2210 0 2500 0 0 0|795927|46000|3829108|2545280|2483924|234994|165252|188655|4|0.69%|50.5MiB / 3.652GiB
1320.015|2026-07-25T13:09:58.021Z|27|Discharging|7422000|297000|NA|NA|NA|945000|3500000|NA|NA|0|cpu 48539 0 50446 1141833 2211 0 2501 0 0 0|795935|46000|3829108|2545760|2483924|235058|165394|188833|4|1.50%|50.5MiB / 3.652GiB
1323.014|2026-07-25T13:10:01.054Z|27|Discharging|7422000|267000|NA|NA|NA|945000|3500000|NA|NA|0|cpu 48576 0 50496 1142952 2211 0 2502 0 0 0|796103|46000|3829108|2536324|2483924|235258|165459|188906|4|7.65%|50.58MiB / 3.652GiB
1326.014|2026-07-25T13:10:04.070Z|27|Discharging|7422000|366000|NA|NA|NA|945000|3500000|NA|NA|0|cpu 48647 0 50589 1143956 2212 0 2504 0 0 0|795927|46000|3829108|2536788|2483924|235802|165680|189187|4|1.71%|50.64MiB / 3.652GiB
1329.015|2026-07-25T13:10:07.055Z|27|Discharging|7422000|326000|NA|NA|NA|945000|3500000|NA|NA|0|cpu 48686 0 50625 1145064 2212 0 2505 0 0 0|796077|47000|3829108|2534784|2483924|236034|165717|189224|4|0.81%|50.65MiB / 3.652GiB
1332.014|2026-07-25T13:10:10.053Z|27|Discharging|7422000|306000|NA|NA|NA|945000|3500000|NA|NA|0|cpu 48713 0 50659 1146183 2213 0 2507 0 0 0|795943|46000|3829108|2535224|2483924|236146|165733|189242|4|1.26%|50.68MiB / 3.652GiB
1335.015|2026-07-25T13:10:13.055Z|27|Discharging|7422000|297000|NA|NA|NA|945000|3500000|NA|NA|0|cpu 48746 0 50696 1147300 2214 0 2507 0 0 0|796157|46000|3829108|2548244|2483924|236194|165744|189250|4|1.32%|50.66MiB / 3.652GiB
1338.014|2026-07-25T13:10:16.064Z|27|Discharging|7408000|306000|NA|NA|NA|945000|3500000|NA|NA|0|cpu 48776 0 50732 1148420 2214 0 2508 0 0 0|795927|46000|3829108|2548600|2483924|236378|165767|189273|4|0.71%|50.69MiB / 3.652GiB
1341.014|2026-07-25T13:10:19.054Z|27|Discharging|7422000|257000|NA|NA|NA|945000|3500000|NA|NA|0|cpu 48809 0 50767 1149537 2214 0 2508 0 0 0|795927|46000|3829108|2542576|2483924|236530|165780|189284|4|0.46%|50.7MiB / 3.652GiB
1344.014|2026-07-25T13:10:22.002Z|27|Discharging|7422000|306000|NA|NA|NA|945000|3500000|NA|NA|0|cpu 48870 0 50831 1150567 2214 0 2509 0 0 0|795943|46000|3829108|2542392|2483924|236682|165888|189448|4|3.14%|50.71MiB / 3.652GiB
1347.014|2026-07-25T13:10:25.061Z|27|Discharging|7422000|386000|NA|NA|NA|945000|3500000|NA|NA|0|cpu 48905 0 50888 1151678 2214 0 2510 0 0 0|795935|46000|3829108|2548272|2483924|236690|165947|189518|4|1.35%|50.7MiB / 3.652GiB
1350.015|2026-07-25T13:10:28.062Z|27|Discharging|7394000|306000|NA|NA|NA|945000|3500000|NA|NA|0|cpu 48932 0 50929 1152794 2215 0 2511 0 0 0|795705|46000|3829108|2548284|2483924|236874|165974|189549|4|0.90%|50.69MiB / 3.652GiB
1353.014|2026-07-25T13:10:31.059Z|27|Discharging|7394000|277000|NA|NA|NA|945000|3500000|NA|NA|0|cpu 48963 0 50966 1153913 2215 0 2511 0 0 0|795927|46000|3829108|2544728|2483924|237042|165996|189575|4|69.84%|56.33MiB / 3.652GiB
1356.014|2026-07-25T13:10:34.007Z|27|Discharging|7450000|366000|NA|NA|NA|945000|3500000|NA|NA|0|cpu 49088 0 51060 1154847 2216 0 2512 0 0 0|795951|46000|3829108|2539552|2483924|237298|166169|189803|4|1.35%|56.08MiB / 3.652GiB
1359.014|2026-07-25T13:10:37.065Z|27|Discharging|7450000|316000|NA|NA|NA|945000|3500000|NA|NA|0|cpu 49120 0 51097 1155981 2217 0 2513 0 0 0|795927|46000|3829108|2534508|2483924|237442|166207|189850|4|0.51%|56.07MiB / 3.652GiB
1362.015|2026-07-25T13:10:40.074Z|27|Discharging|7408000|306000|NA|NA|NA|945000|3500000|NA|NA|0|cpu 49158 0 51145 1157077 2218 0 2514 0 0 0|795951|46000|3829108|2525396|2483924|237714|166290|189971|4|4.07%|56.15MiB / 3.652GiB
1365.014|2026-07-25T13:10:43.060Z|27|Discharging|7408000|366000|NA|NA|NA|945000|3500000|NA|NA|0|cpu 49221 0 51224 1158111 2219 0 2516 0 0 0|797072|46000|3829108|2529772|2483924|238186|166437|190144|4|2.09%|56.29MiB / 3.652GiB
1368.014|2026-07-25T13:10:46.066Z|27|Discharging|7422000|306000|NA|NA|NA|945000|3500000|NA|NA|0|cpu 49252 0 51260 1159228 2220 0 2516 0 0 0|795927|46000|3829108|2539496|2483924|238698|166452|190160|4|1.83%|56.54MiB / 3.652GiB
1371.014|2026-07-25T13:10:49.065Z|27|Discharging|7422000|277000|NA|NA|NA|945000|3500000|NA|NA|0|cpu 49287 0 51298 1160335 2222 0 2520 0 0 0|795927|46000|3829108|2539532|2483924|238874|166546|190259|4|3.48%|56.79MiB / 3.652GiB
1374.014|2026-07-25T13:10:52.060Z|27|Discharging|7436000|287000|NA|NA|NA|945000|3500000|NA|NA|0|cpu 49327 0 51334 1161438 2222 0 2522 0 0 0|795927|46000|3829108|2540460|2483924|239082|166739|190470|4|3.59%|56.57MiB / 3.652GiB
1377.014|2026-07-25T13:10:55.055Z|27|Discharging|7436000|356000|NA|NA|NA|945000|3500000|NA|NA|0|cpu 49360 0 51377 1162544 2223 0 2524 0 0 0|796078|46000|3829108|2544624|2483924|239218|166855|190601|4|9.08%|56.62MiB / 3.652GiB
1380.015|2026-07-25T13:10:58.014Z|27|Discharging|7436000|336000|NA|NA|NA|945000|3500000|NA|NA|0|cpu 49431 0 51465 1163533 2223 0 2528 0 0 0|795550|46000|3829108|2526992|2483924|239482|167223|191047|4|3.10%|56.66MiB / 3.652GiB
1383.014|2026-07-25T13:11:01.065Z|27|Discharging|7422000|336000|NA|NA|NA|945000|3500000|NA|NA|0|cpu 49469 0 51505 1164662 2223 0 2529 0 0 0|796304|46000|3829108|2533732|2483924|239538|167340|191172|4|11.79%|56.68MiB / 3.652GiB
1386.014|2026-07-25T13:11:04.003Z|27|Discharging|7422000|396000|NA|NA|NA|945000|3500000|NA|NA|0|cpu 49554 0 51599 1165624 2225 0 2533 0 0 0|795775|46000|3829108|2538380|2483924|240242|167803|191719|4|0.62%|56.68MiB / 3.652GiB
1389.014|2026-07-25T13:11:07.064Z|27|Discharging|7408000|306000|NA|NA|NA|945000|3500000|NA|NA|0|cpu 49586 0 51634 1166763 2226 0 2533 0 0 0|795927|46000|3829108|2534572|2483924|240522|167828|191745|4|7.29%|56.69MiB / 3.652GiB
1392.015|2026-07-25T13:11:10.063Z|27|Discharging|7408000|297000|NA|NA|NA|945000|3500000|NA|NA|0|cpu 49656 0 51722 1167777 2226 0 2535 0 0 0|795927|46000|3829108|2540508|2483924|240658|168088|192071|4|1.42%|56.68MiB / 3.652GiB
1395.014|2026-07-25T13:11:13.055Z|27|Discharging|7422000|297000|NA|NA|NA|945000|3500000|NA|NA|0|cpu 49689 0 51759 1168892 2226 0 2537 0 0 0|795943|46000|3829108|2533712|2483924|240778|168163|192151|4|2.71%|56.68MiB / 3.652GiB
1398.014|2026-07-25T13:11:16.055Z|27|Discharging|7422000|287000|NA|NA|NA|945000|3500000|NA|NA|0|cpu 49721 0 51804 1169993 2227 0 2539 0 0 0|796255|46000|3829108|2532176|2483924|240866|168317|192311|4|0.59%|56.68MiB / 3.652GiB
1401.015|2026-07-25T13:11:19.075Z|27|Discharging|7408000|277000|NA|NA|NA|945000|3500000|NA|NA|0|cpu 49748 0 51839 1171114 2227 0 2540 0 0 0|795596|46000|3829108|2544544|2483924|240874|168342|192342|4|6.44%|56.69MiB / 3.652GiB
1404.015|2026-07-25T13:11:22.053Z|27|Discharging|7408000|376000|NA|NA|NA|945000|3500000|NA|NA|0|cpu 49816 0 51923 1172133 2227 0 2542 0 0 0|796222|46000|3829108|2530116|2483924|241042|168574|192631|4|1.33%|56.7MiB / 3.652GiB
1407.014|2026-07-25T13:11:25.070Z|27|Discharging|7408000|316000|NA|NA|NA|945000|3500000|NA|NA|0|cpu 49847 0 51961 1173245 2227 0 2544 0 0 0|796042|46000|3829108|2529436|2483924|241050|168680|192744|4|2.12%|56.7MiB / 3.652GiB
1410.014|2026-07-25T13:11:28.054Z|27|Discharging|7408000|277000|NA|NA|NA|945000|3500000|NA|NA|0|cpu 49884 0 52002 1174349 2228 0 2546 0 0 0|795919|46000|3829108|2530536|2483924|241394|168827|192897|4|0.62%|56.7MiB / 3.652GiB
1413.014|2026-07-25T13:11:31.082Z|27|Discharging|7422000|297000|NA|NA|NA|945000|3500000|NA|NA|0|cpu 49922 0 52053 1175441 2228 0 2547 0 0 0|795927|46000|3829108|2524432|2483924|241402|168935|193051|4|5.00%|56.7MiB / 3.652GiB
1416.014|2026-07-25T13:11:34.060Z|27|Discharging|7422000|326000|NA|NA|NA|945000|3500000|NA|NA|0|cpu 49981 0 52130 1176483 2228 0 2550 0 0 0|795927|46000|3829108|2538292|2483924|241506|169154|193301|4|1.24%|56.71MiB / 3.652GiB
1419.014|2026-07-25T13:11:37.064Z|27|Discharging|7408000|316000|NA|NA|NA|945000|3500000|NA|NA|0|cpu 50016 0 52165 1177592 2228 0 2553 0 0 0|795927|46000|3829108|2540096|2483924|241658|169286|193424|4|2.57%|56.7MiB / 3.652GiB
1422.014|2026-07-25T13:11:40.061Z|27|Discharging|7408000|287000|NA|NA|NA|945000|3500000|NA|NA|0|cpu 50052 0 52202 1178701 2229 0 2554 0 0 0|795706|46000|3829108|2540724|2483924|242026|169340|193477|4|3.89%|56.71MiB / 3.652GiB
1425.015|2026-07-25T13:11:42.999Z|27|Discharging|7408000|306000|NA|NA|NA|945000|3500000|NA|NA|0|cpu 50120 0 52289 1179696 2229 0 2557 0 0 0|795927|46000|3829108|2527200|2483924|242042|169582|193770|4|2.86%|56.75MiB / 3.652GiB
1428.014|2026-07-25T13:11:46.055Z|27|Discharging|7450000|257000|NA|NA|NA|945000|3500000|NA|NA|0|cpu 50153 0 52328 1180827 2230 0 2558 0 0 0|795927|46000|3829108|2524600|2483924|242226|169712|193901|4|2.68%|56.77MiB / 3.652GiB
1431.015|2026-07-25T13:11:49.069Z|27|Discharging|7450000|326000|NA|NA|NA|945000|3500000|NA|NA|0|cpu 50185 0 52364 1181942 2230 0 2560 0 0 0|795927|46000|3829108|2528584|2483924|242514|169828|194029|4|1.79%|56.74MiB / 3.652GiB
1434.014|2026-07-25T13:11:52.071Z|27|Discharging|7436000|277000|NA|NA|NA|945000|3500000|NA|NA|0|cpu 50218 0 52401 1183056 2231 0 2561 0 0 0|795927|46000|3829108|2530920|2483924|242866|169870|194075|4|7.22%|56.74MiB / 3.652GiB
1437.014|2026-07-25T13:11:54.990Z|27|Discharging|7436000|326000|NA|NA|NA|945000|3500000|NA|NA|0|cpu 50288 0 52492 1184042 2231 0 2563 0 0 0|795935|46000|3829108|2524472|2483924|242874|170077|194344|4|1.45%|56.99MiB / 3.652GiB
1440.014|2026-07-25T13:11:58.055Z|27|Discharging|7436000|277000|NA|NA|NA|945000|3500000|NA|NA|0|cpu 50318 0 52529 1185185 2231 0 2565 0 0 0|795927|46000|3829108|2541476|2483924|243050|170161|194439|4|1.75%|56.74MiB / 3.652GiB
1443.014|2026-07-25T13:12:01.061Z|27|Discharging|7436000|306000|NA|NA|NA|945000|3500000|NA|NA|0|cpu 50349 0 52567 1186298 2231 0 2567 0 0 0|796497|46000|3829108|2530696|2483924|243154|170289|194575|4|2.57%|56.74MiB / 3.652GiB
1446.015|2026-07-25T13:12:04.064Z|27|Discharging|7450000|306000|NA|NA|NA|945000|3500000|NA|NA|0|cpu 50382 0 52606 1187409 2232 0 2568 0 0 0|796822|46000|3829108|2531184|2483924|243266|170348|194639|4|1.19%|56.74MiB / 3.652GiB
1449.013|2026-07-25T13:12:06.996Z|27|Discharging|7450000|316000|NA|NA|NA|945000|3500000|NA|NA|0|cpu 50449 0 52700 1188400 2232 0 2570 0 0 0|795927|46000|3829108|2526628|2483924|243282|170562|194913|4|1.71%|56.75MiB / 3.652GiB
1452.014|2026-07-25T13:12:10.062Z|27|Discharging|7408000|336000|NA|NA|NA|945000|3500000|NA|NA|0|cpu 50479 0 52736 1189538 2232 0 2572 0 0 0|795927|46000|3829108|2524448|2483924|243378|170660|195012|4|1.36%|56.74MiB / 3.652GiB
1455.014|2026-07-25T13:12:13.045Z|27|Discharging|7408000|247000|NA|NA|NA|945000|3500000|NA|NA|0|cpu 50511 0 52773 1190650 2232 0 2574 0 0 0|796063|46000|3829108|2525068|2483924|243466|170768|195120|4|3.46%|56.74MiB / 3.652GiB
1458.014|2026-07-25T13:12:16.046Z|27|Discharging|7450000|306000|NA|NA|NA|945000|3500000|NA|NA|0|cpu 50545 0 52814 1191756 2233 0 2576 0 0 0|795927|46000|3829108|2526476|2483924|243498|170868|195231|4|0.57%|56.74MiB / 3.652GiB
1461.015|2026-07-25T13:12:19.011Z|27|Discharging|7450000|287000|NA|NA|NA|945000|3500000|NA|NA|0|cpu 50614 0 52894 1192760 2233 0 2577 0 0 0|795927|46000|3829108|2537236|2483924|243514|171086|195509|4|1.54%|56.75MiB / 3.652GiB
1464.014|2026-07-25T13:12:22.054Z|27|Discharging|7450000|306000|NA|NA|NA|945000|3500000|NA|NA|0|cpu 50646 0 52935 1193889 2233 0 2578 0 0 0|795927|46000|3829108|2533032|2483924|243722|171168|195606|4|1.28%|56.98MiB / 3.652GiB
1467.014|2026-07-25T13:12:25.058Z|27|Discharging|7422000|267000|NA|NA|NA|945000|3500000|NA|NA|0|cpu 50679 0 52972 1195005 2233 0 2579 0 0 0|796576|46000|3829108|2539660|2483924|243730|171216|195661|4|4.32%|56.74MiB / 3.652GiB
1470.014|2026-07-25T13:12:28.058Z|27|Discharging|7422000|306000|NA|NA|NA|945000|3500000|NA|NA|0|cpu 50711 0 53014 1196114 2234 0 2581 0 0 0|795927|46000|3829108|2530148|2483924|243962|171338|195791|4|0.61%|56.74MiB / 3.652GiB
1473.014|2026-07-25T13:12:31.062Z|27|Discharging|7422000|297000|NA|NA|NA|945000|3500000|NA|NA|0|cpu 50779 0 53100 1197131 2234 0 2583 0 0 0|795927|47000|3829108|2530980|2483924|243970|171535|196051|4|3.64%|56.74MiB / 3.652GiB
1476.014|2026-07-25T13:12:34.056Z|27|Discharging|7422000|326000|NA|NA|NA|945000|3500000|NA|NA|0|cpu 50819 0 53140 1198227 2234 0 2587 0 0 0|795927|46000|3829108|2539448|2483924|244018|171799|196336|4|0.61%|56.74MiB / 3.652GiB
1479.014|2026-07-25T13:12:37.080Z|27|Discharging|7408000|346000|NA|NA|NA|945000|3500000|NA|NA|0|cpu 50852 0 53185 1199328 2234 0 2588 0 0 0|795476|46000|3829108|2532896|2483924|244066|171899|196474|4|10.74%|56.75MiB / 3.652GiB
1482.014|2026-07-25T13:12:40.055Z|27|Discharging|7408000|405000|NA|NA|NA|945000|3500000|NA|NA|0|cpu 50922 0 53270 1200346 2235 0 2590 0 0 0|795927|46000|3829108|2539052|2483924|244290|172229|196858|4|0.62%|56.74MiB / 3.652GiB
1485.015|2026-07-25T13:12:43.055Z|27|Discharging|7394000|277000|NA|NA|NA|945000|3500000|NA|NA|0|cpu 50999 0 53353 1201360 2235 0 2592 0 0 0|795927|46000|3829108|2539768|2483924|244298|172466|197160|4|1.63%|56.75MiB / 3.652GiB
1488.014|2026-07-25T13:12:46.055Z|27|Discharging|7394000|306000|NA|NA|NA|945000|3500000|NA|NA|0|cpu 51031 0 53391 1202471 2235 0 2594 0 0 0|795927|46000|3829108|2532840|2483924|244346|172554|197255|4|1.25%|56.75MiB / 3.652GiB
1491.014|2026-07-25T13:12:49.054Z|27|Discharging|7394000|287000|NA|NA|NA|945000|3500000|NA|NA|0|cpu 51061 0 53428 1203584 2236 0 2597 0 0 0|795927|46000|3829108|2527592|2483924|244506|172688|197380|4|2.39%|56.75MiB / 3.652GiB
1494.014|2026-07-25T13:12:52.065Z|27|Discharging|7394000|277000|NA|NA|NA|945000|3500000|NA|NA|0|cpu 51089 0 53466 1204699 2237 0 2598 0 0 0|795828|47000|3829108|2542908|2483924|244914|172746|197440|4|6.94%|56.76MiB / 3.652GiB
1497.016|2026-07-25T13:12:55.002Z|27|Discharging|7394000|287000|NA|NA|NA|945000|3500000|NA|NA|0|cpu 51161 0 53555 1205688 2237 0 2601 0 0 0|795883|48000|3829108|2527220|2483924|244922|173013|197759|4|2.25%|57MiB / 3.652GiB
1500.014|2026-07-25T13:12:58.056Z|27|Discharging|7422000|287000|NA|NA|NA|945000|3500000|NA|NA|0|cpu 51194 0 53593 1206819 2237 0 2604 0 0 0|795943|46000|3829108|2539516|2483924|244970|173105|197864|4|1.21%|56.75MiB / 3.652GiB
1503.014|2026-07-25T13:13:01.057Z|27|Discharging|7422000|277000|NA|NA|NA|945000|3500000|NA|NA|0|cpu 51225 0 53628 1207938 2237 0 2605 0 0 0|795935|46000|3829108|2541444|2483924|245002|173160|197919|4|3.75%|56.75MiB / 3.652GiB
1506.014|2026-07-25T13:13:04.057Z|27|Discharging|7422000|287000|NA|NA|NA|945000|3500000|NA|NA|0|cpu 51257 0 53668 1209048 2237 0 2607 0 0 0|795927|46000|3829108|2538496|2483924|245226|173254|198019|4|3.74%|56.75MiB / 3.652GiB
1509.015|2026-07-25T13:13:07.094Z|27|Discharging|7422000|297000|NA|NA|NA|945000|3500000|NA|NA|0|cpu 51321 0 53761 1210069 2237 0 2609 0 0 0|795906|46000|3829108|2528396|2483924|245250|173489|198322|4|1.75%|56.75MiB / 3.652GiB
1512.014|2026-07-25T13:13:10.057Z|27|Discharging|7408000|326000|NA|NA|NA|945000|3500000|NA|NA|0|cpu 51358 0 53799 1211168 2238 0 2611 0 0 0|795927|46000|3829108|2525944|2483924|245442|173587|198422|4|2.90%|56.75MiB / 3.652GiB
1515.017|2026-07-25T13:13:13.054Z|27|Discharging|7408000|277000|NA|NA|NA|945000|3500000|NA|NA|0|cpu 51391 0 53839 1212273 2238 0 2614 0 0 0|795891|46000|3829108|2527076|2483924|245450|173765|198591|4|0.88%|56.75MiB / 3.652GiB
1518.015|2026-07-25T13:13:16.034Z|27|Discharging|7408000|346000|NA|NA|NA|945000|3500000|NA|NA|0|cpu 51451 0 53906 1213308 2239 0 2615 0 0 0|795927|46000|3829108|2536032|2483924|245610|173903|198762|4|2.86%|56.75MiB / 3.652GiB
1521.015|2026-07-25T13:13:19.055Z|27|Discharging|7408000|297000|NA|NA|NA|945000|3500000|NA|NA|0|cpu 51495 0 53964 1214407 2239 0 2617 0 0 0|795927|46000|3829108|2529136|2483924|245626|174053|198917|4|2.17%|56.75MiB / 3.652GiB
1524.014|2026-07-25T13:13:22.067Z|27|Discharging|7422000|267000|NA|NA|NA|945000|3500000|NA|NA|0|cpu 51525 0 54001 1215525 2239 0 2619 0 0 0|796979|47000|3829108|2528580|2483924|245882|174139|199009|4|1.56%|56.75MiB / 3.652GiB
1527.014|2026-07-25T13:13:25.055Z|27|Discharging|7422000|287000|NA|NA|NA|945000|3500000|NA|NA|0|cpu 51564 0 54039 1216630 2239 0 2621 0 0 0|795562|46000|3829108|2533664|2483924|245890|174288|199163|4|0.95%|56.75MiB / 3.652GiB
1530.014|2026-07-25T13:13:28.094Z|27|Discharging|7408000|267000|NA|NA|NA|945000|3500000|NA|NA|0|cpu 51598 0 54087 1217728 2240 0 2623 0 0 0|795927|47000|3829108|2521328|2483924|245922|174380|199296|4|4.77%|56.75MiB / 3.652GiB
1533.014|2026-07-25T13:13:31.057Z|27|Discharging|7408000|356000|NA|NA|NA|945000|3500000|NA|NA|0|cpu 51660 0 54164 1218765 2240 0 2625 0 0 0|795750|46000|3829108|2533452|2483924|245938|174569|199517|4|2.74%|56.98MiB / 3.652GiB
1536.015|2026-07-25T13:13:34.069Z|27|Discharging|7422000|287000|NA|NA|NA|945000|3500000|NA|NA|0|cpu 51693 0 54201 1219878 2240 0 2627 0 0 0|795772|46000|3829108|2537704|2483924|246170|174686|199637|4|3.89%|56.76MiB / 3.652GiB
1539.014|2026-07-25T13:13:37.056Z|27|Discharging|7422000|297000|NA|NA|NA|945000|3500000|NA|NA|0|cpu 51731 0 54243 1220982 2240 0 2629 0 0 0|795927|46000|3829108|2537036|2483924|246178|174791|199750|4|1.85%|56.75MiB / 3.652GiB
1542.014|2026-07-25T13:13:40.002Z|27|Discharging|7422000|306000|NA|NA|NA|945000|3500000|NA|NA|0|cpu 51796 0 54334 1221975 2241 0 2630 0 0 0|795927|46000|3829108|2522504|2483924|246258|174987|200000|4|2.27%|56.75MiB / 3.652GiB
1545.014|2026-07-25T13:13:43.058Z|27|Discharging|7422000|277000|NA|NA|NA|945000|3500000|NA|NA|0|cpu 51827 0 54370 1223110 2241 0 2633 0 0 0|795611|46000|3829108|2534040|2483924|246378|175120|200147|4|1.70%|56.75MiB / 3.652GiB
1548.014|2026-07-25T13:13:46.063Z|27|Discharging|7422000|287000|NA|NA|NA|945000|3500000|NA|NA|0|cpu 51857 0 54407 1224225 2241 0 2636 0 0 0|795927|46000|3829108|2535976|2483924|246474|175233|200261|4|2.26%|56.75MiB / 3.652GiB
1551.014|2026-07-25T13:13:49.056Z|27|Discharging|7422000|326000|NA|NA|NA|945000|3500000|NA|NA|0|cpu 51894 0 54449 1225330 2241 0 2638 0 0 0|796312|46000|3829108|2534888|2483924|246482|175302|200334|4|3.01%|56.76MiB / 3.652GiB
1554.014|2026-07-25T13:13:52.077Z|27|Discharging|7422000|287000|NA|NA|NA|945000|3500000|NA|NA|0|cpu 52056 0 54517 1226275 2242 0 2640 0 0 0|796221|46000|3829108|2521288|2483924|246834|175493|200574|4|4.78%|56.75MiB / 3.652GiB
1557.015|2026-07-25T13:13:55.055Z|27|Discharging|7422000|386000|NA|NA|NA|945000|3500000|NA|NA|0|cpu 52117 0 54581 1227331 2242 0 2643 0 0 0|795927|46000|3829108|2524740|2483924|246842|175655|200757|4|0.61%|56.75MiB / 3.652GiB
1560.015|2026-07-25T13:13:58.056Z|27|Discharging|7394000|287000|NA|NA|NA|945000|3500000|NA|NA|0|cpu 52151 0 54622 1228435 2242 0 2646 0 0 0|795927|46000|3829108|2535508|2483924|246922|175804|200915|4|0.94%|56.75MiB / 3.652GiB
1563.014|2026-07-25T13:14:01.080Z|27|Discharging|7394000|297000|NA|NA|NA|945000|3500000|NA|NA|0|cpu 52179 0 54660 1229556 2242 0 2646 0 0 0|795927|46000|3829108|2531204|2483924|247098|175822|200935|4|7.15%|56.79MiB / 3.652GiB
1566.015|2026-07-25T13:14:04.058Z|27|Discharging|7394000|356000|NA|NA|NA|945000|3500000|NA|NA|0|cpu 52263 0 54751 1230553 2243 0 2649 0 0 0|795722|46000|3829108|2525332|2483924|247314|176097|201266|4|2.30%|57.02MiB / 3.652GiB
1569.014|2026-07-25T13:14:07.056Z|27|Discharging|7422000|277000|NA|NA|NA|945000|3500000|NA|NA|0|cpu 52295 0 54787 1231666 2243 0 2652 0 0 0|796869|46000|3829108|2530124|2483924|247466|176229|201422|4|1.85%|56.78MiB / 3.652GiB
1572.015|2026-07-25T13:14:10.052Z|27|Discharging|7422000|297000|NA|NA|NA|945000|3500000|NA|NA|0|cpu 52328 0 54831 1232770 2243 0 2655 0 0 0|795927|46000|3829108|2532920|2483924|247554|176354|201553|4|0.95%|56.77MiB / 3.652GiB
1575.015|2026-07-25T13:14:13.026Z|27|Discharging|7422000|277000|NA|NA|NA|945000|3500000|NA|NA|0|cpu 52391 0 54896 1233796 2243 0 2656 0 0 0|796161|46000|3829108|2542340|2483924|247682|176509|201752|4|3.22%|56.78MiB / 3.652GiB
1578.014|2026-07-25T13:14:16.053Z|27|Discharging|7422000|297000|NA|NA|NA|945000|3500000|NA|NA|0|cpu 52429 0 54952 1234903 2244 0 2658 0 0 0|795927|46000|3829108|2534676|2483924|247938|176674|201928|4|1.51%|56.78MiB / 3.652GiB
1581.014|2026-07-25T13:14:19.053Z|27|Discharging|7422000|267000|NA|NA|NA|945000|3500000|NA|NA|0|cpu 52459 0 54991 1236013 2244 0 2661 0 0 0|796420|46000|3829108|2530176|2483924|247954|176782|202038|4|1.36%|56.78MiB / 3.652GiB
1584.015|2026-07-25T13:14:22.062Z|27|Discharging|7422000|287000|NA|NA|NA|945000|3500000|NA|NA|0|cpu 52490 0 55029 1237126 2245 0 2662 0 0 0|795927|46000|3829108|2530976|2483924|248050|176874|202136|4|0.95%|56.77MiB / 3.652GiB
1587.014|2026-07-25T13:14:25.077Z|27|Discharging|7408000|277000|NA|NA|NA|945000|3500000|NA|NA|0|cpu 52523 0 55071 1238235 2245 0 2663 0 0 0|796906|46000|3829108|2535024|2483924|248146|176926|202210|4|3.01%|56.78MiB / 3.652GiB
1590.016|2026-07-25T13:14:28.052Z|27|Discharging|7408000|435000|NA|NA|NA|945000|3500000|NA|NA|0|cpu 52767 0 55229 1238973 2245 0 2665 0 0 0|795849|46000|3829108|2533012|2483924|248226|177128|202455|4|2.81%|56.78MiB / 3.652GiB
1593.014|2026-07-25T13:14:31.061Z|27|Discharging|7380000|287000|NA|NA|NA|945000|3500000|NA|NA|0|cpu 52798 0 55269 1240084 2245 0 2668 0 0 0|795927|46000|3829108|2530456|2483924|248242|177240|202578|4|1.59%|57.03MiB / 3.652GiB
1596.014|2026-07-25T13:14:34.057Z|27|Discharging|7380000|326000|NA|NA|NA|945000|3500000|NA|NA|0|cpu 52834 0 55309 1241189 2245 0 2670 0 0 0|795927|46000|3829108|2540196|2483924|248450|177387|202729|4|0.93%|56.78MiB / 3.652GiB
1599.014|2026-07-25T13:14:37.062Z|27|Discharging|7422000|277000|NA|NA|NA|945000|3500000|NA|NA|0|cpu 52863 0 55343 1242310 2245 0 2671 0 0 0|796312|46000|3829108|2538216|2483924|248458|177404|202751|4|5.72%|56.78MiB / 3.652GiB
1602.014|2026-07-25T13:14:40.064Z|27|Discharging|7422000|366000|NA|NA|NA|945000|3500000|NA|NA|0|cpu 52935 0 55433 1243321 2246 0 2673 0 0 0|796993|46000|3829108|2533720|2483924|248506|177617|203027|4|2.69%|56.82MiB / 3.652GiB
1605.015|2026-07-25T13:14:43.058Z|27|Discharging|7422000|267000|NA|NA|NA|945000|3500000|NA|NA|0|cpu 52969 0 55471 1244434 2246 0 2676 0 0 0|797017|46000|3829108|2529712|2483924|248530|177724|203142|4|1.33%|56.78MiB / 3.652GiB
1608.015|2026-07-25T13:14:46.056Z|27|Discharging|7422000|297000|NA|NA|NA|945000|3500000|NA|NA|0|cpu 53000 0 55513 1245542 2246 0 2678 0 0 0|795943|46000|3829108|2541544|2483924|248706|177873|203295|4|0.92%|56.78MiB / 3.652GiB
1611.014|2026-07-25T13:14:49.075Z|27|Discharging|7422000|287000|NA|NA|NA|945000|3500000|NA|NA|0|cpu 53031 0 55549 1246660 2246 0 2679 0 0 0|795882|46000|3829108|2535392|2483924|248714|177897|203324|4|6.75%|56.79MiB / 3.652GiB
1614.015|2026-07-25T13:14:52.067Z|26|Discharging|7408000|396000|NA|NA|NA|910000|3500000|NA|NA|0|cpu 53103 0 55636 1247672 2247 0 2683 0 0 0|795943|46000|3829108|2525624|2483924|249018|178170|203659|4|2.08%|56.8MiB / 3.652GiB
1617.014|2026-07-25T13:14:55.056Z|26|Discharging|7408000|287000|NA|NA|NA|910000|3500000|NA|NA|0|cpu 53138 0 55674 1248781 2247 0 2685 0 0 0|795927|46000|3829108|2527536|2483924|249122|178296|203770|4|1.72%|57.04MiB / 3.652GiB
1620.014|2026-07-25T13:14:58.057Z|26|Discharging|7408000|316000|NA|NA|NA|910000|3500000|NA|NA|0|cpu 53170 0 55712 1249892 2248 0 2686 0 0 0|796134|46000|3829108|2529476|2483924|249434|178409|203883|4|0.94%|56.79MiB / 3.652GiB
1623.014|2026-07-25T13:15:01.092Z|26|Discharging|7408000|306000|NA|NA|NA|910000|3500000|NA|NA|0|cpu 53205 0 55760 1250988 2248 0 2688 0 0 0|795927|46000|3829108|2524044|2483924|249562|178495|204007|4|6.22%|56.8MiB / 3.652GiB
1626.014|2026-07-25T13:15:04.068Z|26|Discharging|7422000|277000|NA|NA|NA|910000|3500000|NA|NA|0|cpu 53273 0 55837 1252017 2249 0 2691 0 0 0|795927|46000|3829108|2526628|2483924|249946|178732|204279|4|2.44%|56.8MiB / 3.652GiB
1629.014|2026-07-25T13:15:07.055Z|26|Discharging|7422000|287000|NA|NA|NA|910000|3500000|NA|NA|0|cpu 53307 0 55872 1253126 2249 0 2693 0 0 0|795927|46000|3829108|2532524|2483924|250090|178846|204399|4|1.39%|56.79MiB / 3.652GiB
1632.014|2026-07-25T13:15:10.055Z|26|Discharging|7394000|297000|NA|NA|NA|910000|3500000|NA|NA|0|cpu 53341 0 55912 1254235 2249 0 2694 0 0 0|796957|46000|3829108|2535548|2483924|250234|178903|204459|4|7.45%|56.81MiB / 3.652GiB
1635.017|2026-07-25T13:15:12.996Z|26|Discharging|7394000|287000|NA|NA|NA|910000|3500000|NA|NA|0|cpu 53411 0 56002 1255223 2250 0 2696 0 0 0|795935|46000|3829108|2535784|2483924|250530|179175|204791|4|1.87%|56.8MiB / 3.652GiB
1638.014|2026-07-25T13:15:16.059Z|26|Discharging|7408000|316000|NA|NA|NA|910000|3500000|NA|NA|0|cpu 53444 0 56037 1256361 2250 0 2698 0 0 0|795910|46000|3829108|2528124|2483924|250538|179290|204926|4|3.63%|56.8MiB / 3.652GiB
1641.014|2026-07-25T13:15:19.062Z|26|Discharging|7408000|336000|NA|NA|NA|910000|3500000|NA|NA|0|cpu 53476 0 56076 1257471 2251 0 2700 0 0 0|795927|46000|3829108|2526084|2483924|250922|179390|205034|4|3.81%|56.8MiB / 3.652GiB
1644.015|2026-07-25T13:15:22.007Z|26|Discharging|7408000|316000|NA|NA|NA|910000|3500000|NA|NA|0|cpu 53547 0 56165 1258460 2251 0 2702 0 0 0|796536|46000|3829108|2529972|2483924|250938|179630|205332|4|2.11%|56.8MiB / 3.652GiB
1647.014|2026-07-25T13:15:25.054Z|26|Discharging|7408000|287000|NA|NA|NA|910000|3500000|NA|NA|0|cpu 53580 0 56202 1259595 2251 0 2704 0 0 0|796147|46000|3829108|2524824|2483924|251058|179739|205446|4|1.83%|56.8MiB / 3.652GiB
1650.014|2026-07-25T13:15:28.056Z|26|Discharging|7408000|267000|NA|NA|NA|910000|3500000|NA|NA|0|cpu 53610 0 56237 1260712 2251 0 2706 0 0 0|795927|46000|3829108|2537344|2483924|251170|179841|205554|4|2.61%|56.8MiB / 3.652GiB
1653.014|2026-07-25T13:15:31.067Z|26|Discharging|7450000|297000|NA|NA|NA|910000|3500000|NA|NA|0|cpu 53646 0 56279 1261816 2254 0 2708 0 0 0|795927|46000|3829108|2536076|2483924|252426|179908|205624|4|6.42%|56.8MiB / 3.652GiB
1656.014|2026-07-25T13:15:34.002Z|26|Discharging|7450000|346000|NA|NA|NA|910000|3500000|NA|NA|0|cpu 53722 0 56363 1262802 2254 0 2711 0 0 0|795927|46000|3829108|2519184|2483924|252522|180158|205944|4|2.22%|56.8MiB / 3.652GiB
1659.014|2026-07-25T13:15:37.054Z|26|Discharging|7408000|297000|NA|NA|NA|910000|3500000|NA|NA|0|cpu 53753 0 56400 1263937 2255 0 2713 0 0 0|795943|46000|3829108|2534168|2483924|252698|180293|206084|4|1.79%|57.05MiB / 3.652GiB
1662.014|2026-07-25T13:15:40.051Z|26|Discharging|7408000|287000|NA|NA|NA|910000|3500000|NA|NA|0|cpu 53784 0 56438 1265049 2255 0 2715 0 0 0|795927|46000|3829108|2532188|2483924|252706|180399|206197|4|0.96%|56.79MiB / 3.652GiB
1665.014|2026-07-25T13:15:43.019Z|26|Discharging|7422000|326000|NA|NA|NA|910000|3500000|NA|NA|0|cpu 53849 0 56513 1266059 2255 0 2718 0 0 0|796280|47000|3829108|2536100|2483924|252786|180588|206431|4|2.35%|56.8MiB / 3.652GiB
1668.014|2026-07-25T13:15:46.055Z|26|Discharging|7422000|257000|NA|NA|NA|910000|3500000|NA|NA|0|cpu 53886 0 56567 1267176 2255 0 2719 0 0 0|795927|46000|3829108|2534684|2483924|252794|180688|206551|4|2.84%|56.8MiB / 3.652GiB
1671.015|2026-07-25T13:15:49.055Z|26|Discharging|7422000|316000|NA|NA|NA|910000|3500000|NA|NA|0|cpu 53918 0 56601 1268290 2255 0 2722 0 0 0|796068|46000|3829108|2543988|2483924|253002|180818|206686|4|3.40%|56.8MiB / 3.652GiB
1674.014|2026-07-25T13:15:52.053Z|26|Discharging|7422000|257000|NA|NA|NA|910000|3500000|NA|NA|0|cpu 53951 0 56641 1269399 2255 0 2723 0 0 0|796255|46000|3829108|2529204|2483924|253010|180904|206780|4|1.86%|56.8MiB / 3.652GiB
1677.014|2026-07-25T13:15:55.067Z|26|Discharging|7436000|297000|NA|NA|NA|910000|3500000|NA|NA|0|cpu 54020 0 56730 1270417 2256 0 2724 0 0 0|796134|47000|3829108|2526648|2483924|253202|181122|207056|4|1.70%|56.81MiB / 3.652GiB
1680.014|2026-07-25T13:15:58.054Z|26|Discharging|7436000|287000|NA|NA|NA|910000|3500000|NA|NA|0|cpu 54054 0 56767 1271527 2256 0 2727 0 0 0|795927|46000|3829108|2538816|2483924|253354|181251|207189|4|2.12%|56.8MiB / 3.652GiB
1683.014|2026-07-25T13:16:01.056Z|26|Discharging|7436000|297000|NA|NA|NA|910000|3500000|NA|NA|0|cpu 54085 0 56804 1272639 2258 0 2728 0 0 0|795927|46000|3829108|2537268|2483924|253706|181339|207280|4|2.07%|56.8MiB / 3.652GiB
1686.015|2026-07-25T13:16:04.063Z|26|Discharging|7422000|297000|NA|NA|NA|910000|3500000|NA|NA|0|cpu 54116 0 56844 1273751 2258 0 2730 0 0 0|795927|46000|3829108|2536624|2483924|253722|181404|207350|4|0.91%|57.04MiB / 3.652GiB
1689.015|2026-07-25T13:16:07.007Z|26|Discharging|7422000|366000|NA|NA|NA|910000|3500000|NA|NA|0|cpu 54184 0 56934 1274742 2259 0 2734 0 0 0|795927|46000|3829108|2539800|2483924|253850|181676|207691|4|3.26%|57.04MiB / 3.652GiB
1692.015|2026-07-25T13:16:10.068Z|26|Discharging|7422000|336000|NA|NA|NA|910000|3500000|NA|NA|0|cpu 54218 0 56975 1275872 2259 0 2737 0 0 0|795943|46000|3829108|2542796|2483924|253970|181867|207897|4|0.93%|56.8MiB / 3.652GiB
1695.014|2026-07-25T13:16:13.050Z|26|Discharging|7422000|356000|NA|NA|NA|910000|3500000|NA|NA|0|cpu 54292 0 57061 1276880 2259 0 2738 0 0 0|795935|46000|3829108|2538868|2483924|254034|182080|208172|4|1.86%|56.8MiB / 3.652GiB
1698.014|2026-07-25T13:16:16.058Z|26|Discharging|7408000|297000|NA|NA|NA|910000|3500000|NA|NA|0|cpu 54324 0 57099 1277995 2259 0 2740 0 0 0|795951|46000|3829108|2530240|2483924|254058|182211|208316|4|1.82%|56.8MiB / 3.652GiB
1701.015|2026-07-25T13:16:19.054Z|26|Discharging|7408000|267000|NA|NA|NA|910000|3500000|NA|NA|0|cpu 54353 0 57135 1279112 2260 0 2742 0 0 0|795927|46000|3829108|2540404|2483924|254250|182302|208406|4|1.99%|56.8MiB / 3.652GiB
1704.015|2026-07-25T13:16:22.065Z|26|Discharging|7422000|297000|NA|NA|NA|910000|3500000|NA|NA|0|cpu 54384 0 57175 1280222 2260 0 2743 0 0 0|795943|46000|3829108|2532140|2483924|254266|182381|208486|4|0.90%|56.8MiB / 3.652GiB
1707.015|2026-07-25T13:16:25.001Z|26|Discharging|7422000|316000|NA|NA|NA|910000|3500000|NA|NA|0|cpu 54455 0 57259 1281216 2260 0 2746 0 0 0|796268|46000|3829108|2536456|2483924|254362|182625|208792|4|3.10%|56.82MiB / 3.652GiB
1710.014|2026-07-25T13:16:28.056Z|26|Discharging|7380000|336000|NA|NA|NA|910000|3500000|NA|NA|0|cpu 54490 0 57302 1282340 2260 0 2748 0 0 0|795927|46000|3829108|2527088|2483924|254458|182831|209026|4|0.90%|56.81MiB / 3.652GiB
1713.014|2026-07-25T13:16:31.029Z|26|Discharging|7380000|386000|NA|NA|NA|910000|3500000|NA|NA|0|cpu 54552 0 57373 1283358 2261 0 2751 0 0 0|795955|47000|3829108|2536656|2483924|254730|183043|209271|4|2.26%|56.82MiB / 3.652GiB
1716.014|2026-07-25T13:16:34.066Z|26|Discharging|7408000|297000|NA|NA|NA|910000|3500000|NA|NA|0|cpu 54595 0 57427 1284461 2262 0 2754 0 0 0|795980|47000|3829108|2542636|2483924|255082|183193|209435|4|1.56%|56.82MiB / 3.652GiB
1719.014|2026-07-25T13:16:37.057Z|26|Discharging|7408000|287000|NA|NA|NA|910000|3500000|NA|NA|0|cpu 54631 0 57464 1285572 2263 0 2756 0 0 0|795943|46000|3829108|2539988|2483924|255354|183302|209539|4|2.35%|56.81MiB / 3.652GiB
1722.014|2026-07-25T13:16:40.056Z|26|Discharging|7408000|287000|NA|NA|NA|910000|3500000|NA|NA|0|cpu 54660 0 57500 1286686 2263 0 2758 0 0 0|796872|46000|3829108|2532580|2483924|255394|183369|209612|4|6.65%|56.82MiB / 3.652GiB
1725.015|2026-07-25T13:16:43.011Z|26|Discharging|7408000|316000|NA|NA|NA|910000|3500000|NA|NA|0|cpu 54728 0 57590 1287676 2263 0 2761 0 0 0|795887|46000|3829108|2542100|2483924|255426|183656|209927|4|3.79%|56.81MiB / 3.652GiB
1728.015|2026-07-25T13:16:46.054Z|26|Discharging|7408000|336000|NA|NA|NA|910000|3500000|NA|NA|0|cpu 54767 0 57626 1288801 2263 0 2764 0 0 0|796147|46000|3829108|2529668|2483924|255434|183865|210152|4|0.93%|56.81MiB / 3.652GiB
1731.014|2026-07-25T13:16:49.016Z|26|Discharging|7422000|336000|NA|NA|NA|910000|3500000|NA|NA|0|cpu 54834 0 57700 1289810 2264 0 2766 0 0 0|795927|46000|3829108|2533660|2483924|255530|184052|210389|4|1.45%|56.83MiB / 3.652GiB
1734.014|2026-07-25T13:16:52.072Z|26|Discharging|7408000|297000|NA|NA|NA|910000|3500000|NA|NA|0|cpu 54869 0 57749 1290932 2264 0 2768 0 0 0|795935|46000|3829108|2532616|2483924|255618|184159|210521|4|1.74%|56.82MiB / 3.652GiB
1737.015|2026-07-25T13:16:55.053Z|26|Discharging|7408000|267000|NA|NA|NA|910000|3500000|NA|NA|0|cpu 54906 0 57788 1292038 2264 0 2770 0 0 0|795935|46000|3829108|2530156|2483924|255802|184283|210652|4|3.31%|56.82MiB / 3.652GiB
1740.014|2026-07-25T13:16:58.055Z|26|Discharging|7408000|306000|NA|NA|NA|910000|3500000|NA|NA|0|cpu 54936 0 57825 1293151 2265 0 2772 0 0 0|795927|46000|3829108|2526044|2483924|255938|184358|210737|4|2.40%|56.83MiB / 3.652GiB
1743.014|2026-07-25T13:17:01.057Z|26|Discharging|7422000|297000|NA|NA|NA|910000|3500000|NA|NA|0|cpu 55002 0 57915 1294168 2265 0 2774 0 0 0|796589|47000|3829108|2540204|2483924|256210|184571|210999|4|1.88%|56.84MiB / 3.652GiB
1746.014|2026-07-25T13:17:04.067Z|26|Discharging|7422000|326000|NA|NA|NA|910000|3500000|NA|NA|0|cpu 55034 0 57955 1295272 2265 0 2777 0 0 0|795927|46000|3829108|2530432|2483932|256354|184690|211133|4|2.16%|56.83MiB / 3.652GiB
1749.014|2026-07-25T13:17:07.055Z|26|Discharging|7408000|277000|NA|NA|NA|910000|3500000|NA|NA|0|cpu 55066 0 57994 1296381 2267 0 2780 0 0 0|795927|46000|3829108|2530924|2483932|256850|184809|211253|4|2.26%|56.83MiB / 3.652GiB
1752.014|2026-07-25T13:17:10.058Z|26|Discharging|7408000|277000|NA|NA|NA|910000|3500000|NA|NA|0|cpu 55095 0 58033 1297495 2267 0 2781 0 0 0|795927|46000|3829108|2527464|2483932|256858|184863|211310|4|4.95%|56.83MiB / 3.652GiB
1755.014|2026-07-25T13:17:13.022Z|26|Discharging|7450000|316000|NA|NA|NA|910000|3500000|NA|NA|0|cpu 55217 0 58136 1298417 2268 0 2783 0 0 0|795927|47000|3829108|2527540|2483932|257026|185137|211649|4|3.46%|56.83MiB / 3.652GiB
1758.014|2026-07-25T13:17:16.056Z|26|Discharging|7450000|356000|NA|NA|NA|910000|3500000|NA|NA|0|cpu 55278 0 58192 1299506 2268 0 2787 0 0 0|795776|46000|3829108|2537028|2483932|257530|185349|211882|4|0.92%|56.83MiB / 3.652GiB
1761.014|2026-07-25T13:17:19.010Z|26|Discharging|7450000|376000|NA|NA|NA|910000|3500000|NA|NA|0|cpu 55341 0 58270 1300514 2269 0 2788 0 0 0|795951|47000|3829108|2538344|2483932|258178|185557|212144|4|1.74%|56.83MiB / 3.652GiB
1764.013|2026-07-25T13:17:22.050Z|26|Discharging|7394000|336000|NA|NA|NA|910000|3500000|NA|NA|0|cpu 55373 0 58314 1301640 2269 0 2790 0 0 0|795927|46000|3829108|2537816|2483932|258426|185660|212262|4|2.10%|57.08MiB / 3.652GiB
1767.014|2026-07-25T13:17:25.063Z|26|Discharging|7422000|287000|NA|NA|NA|910000|3500000|NA|NA|0|cpu 55408 0 58357 1302744 2270 0 2792 0 0 0|795927|46000|3829108|2539328|2483932|258562|185841|212455|4|0.63%|56.84MiB / 3.652GiB
1770.014|2026-07-25T13:17:28.030Z|26|Discharging|7422000|297000|NA|NA|NA|910000|3500000|NA|NA|0|cpu 55440 0 58394 1303836 2270 0 2793 0 0 0|795902|47000|3829108|2538204|2483932|258602|185873|212497|4|6.91%|56.85MiB / 3.652GiB
1773.014|2026-07-25T13:17:31.071Z|26|Discharging|7422000|336000|NA|NA|NA|910000|3500000|NA|NA|0|cpu 55521 0 58491 1304846 2270 0 2797 0 0 0|795927|47000|3829108|2527460|2483940|258746|186168|212857|4|1.81%|56.84MiB / 3.652GiB
1776.015|2026-07-25T13:17:34.056Z|26|Discharging|7394000|346000|NA|NA|NA|910000|3500000|NA|NA|0|cpu 55568 0 58539 1305931 2271 0 2799 0 0 0|796131|46000|3829108|2534816|2483940|258914|186321|213024|4|0.95%|56.83MiB / 3.652GiB
1779.014|2026-07-25T13:17:37.097Z|26|Discharging|7408000|326000|NA|NA|NA|910000|3500000|NA|NA|0|cpu 55603 0 58582 1307032 2272 0 2800 0 0 0|795942|47000|3829108|2532068|2483940|259058|186406|213146|4|8.29%|56.83MiB / 3.652GiB
1782.014|2026-07-25T13:17:40.055Z|26|Discharging|7408000|386000|NA|NA|NA|910000|3500000|NA|NA|0|cpu 55677 0 58670 1308042 2272 0 2804 0 0 0|795927|46000|3829108|2530560|2483940|259306|186752|213552|4|0.93%|56.83MiB / 3.652GiB
1785.014|2026-07-25T13:17:43.020Z|26|Discharging|7408000|326000|NA|NA|NA|910000|3500000|NA|NA|0|cpu 55740 0 58739 1309063 2272 0 2805 0 0 0|795935|46000|3829108|2531696|2483940|259306|186920|213776|4|1.91%|56.84MiB / 3.652GiB
1788.014|2026-07-25T13:17:46.061Z|26|Discharging|7394000|287000|NA|NA|NA|910000|3500000|NA|NA|0|cpu 55777 0 58795 1310174 2273 0 2808 0 0 0|796699|46000|3829108|2538508|2483940|259346|187078|213954|4|1.54%|56.84MiB / 3.652GiB
1791.014|2026-07-25T13:17:49.064Z|26|Discharging|7394000|267000|NA|NA|NA|910000|3500000|NA|NA|0|cpu 55810 0 58833 1311283 2273 0 2811 0 0 0|795927|47000|3829108|2537336|2483940|259354|187208|214088|4|1.38%|56.84MiB / 3.652GiB
1794.014|2026-07-25T13:17:52.063Z|26|Discharging|7408000|326000|NA|NA|NA|910000|3500000|NA|NA|0|cpu 55839 0 58872 1312396 2273 0 2813 0 0 0|795716|46000|3829108|2534360|2483940|259458|187264|214146|4|6.87%|56.84MiB / 3.652GiB
1797.016|2026-07-25T13:17:55.006Z|26|Discharging|7408000|306000|NA|NA|NA|910000|3500000|NA|NA|0|cpu 55907 0 58958 1313392 2273 0 2815 0 0 0|795927|47000|3829108|2533660|2483940|259546|187479|214419|4|2.33%|56.87MiB / 3.652GiB
1800.014|2026-07-25T13:17:58.055Z|26|Discharging|7394000|277000|NA|NA|NA|910000|3500000|NA|NA|0|cpu 55939 0 58996 1314524 2274 0 2817 0 0 0|795951|48000|3829108|2519664|2483940|260290|187608|214562|4|1.85%|56.86MiB / 3.652GiB
1803.015|2026-07-25T13:18:01.066Z|26|Discharging|7394000|297000|NA|NA|NA|910000|3500000|NA|NA|0|cpu 55970 0 59035 1315631 2274 0 2820 0 0 0|796074|46000|3829108|2532888|2483940|260306|187748|214711|4|0.61%|56.86MiB / 3.652GiB
1806.015|2026-07-25T13:18:04.080Z|26|Discharging|7408000|267000|NA|NA|NA|910000|3500000|NA|NA|0|cpu 56008 0 59080 1316729 2275 0 2821 0 0 0|795532|46000|3829108|2519932|2483940|260394|187821|214815|4|5.24%|56.87MiB / 3.652GiB
1809.015|2026-07-25T13:18:07.057Z|26|Discharging|7408000|376000|NA|NA|NA|910000|3500000|NA|NA|0|cpu 56116 0 59193 1317675 2276 0 2828 0 0 0|795559|47000|3829108|2526704|2483940|260810|188287|215313|4|0.61%|56.86MiB / 3.652GiB
1812.015|2026-07-25T13:18:10.071Z|26|Discharging|7408000|336000|NA|NA|NA|910000|3500000|NA|NA|0|cpu 56154 0 59235 1318775 2277 0 2830 0 0 0|795919|46000|3829108|2535140|2483940|261194|188396|215554|4|10.71%|56.87MiB / 3.652GiB
1815.015|2026-07-25T13:18:13.065Z|26|Discharging|7408000|425000|NA|NA|NA|910000|3500000|NA|NA|0|cpu 56236 0 59335 1319758 2277 0 2835 0 0 0|795927|46000|3829108|2523624|2483940|261202|188827|216251|4|0.60%|56.86MiB / 3.652GiB
1818.014|2026-07-25T13:18:16.025Z|26|Discharging|7408000|376000|NA|NA|NA|910000|3500000|NA|NA|0|cpu 56305 0 59406 1320768 2277 0 2839 0 0 0|796183|46000|3829108|2520064|2483940|261514|189174|216603|4|5.10%|56.86MiB / 3.652GiB
1821.014|2026-07-25T13:18:19.060Z|26|Discharging|7380000|326000|NA|NA|NA|910000|3500000|NA|NA|0|cpu 56345 0 59468 1321868 2277 0 2841 0 0 0|796127|46000|3829108|2513144|2483940|261522|189332|216778|4|7.27%|56.87MiB / 3.652GiB
1824.016|2026-07-25T13:18:22.006Z|26|Discharging|7380000|366000|NA|NA|NA|910000|3500000|NA|NA|0|cpu 56409 0 59558 1322862 2278 0 2842 0 0 0|796375|46000|3829108|2528100|2483940|261730|189589|217100|4|2.12%|56.87MiB / 3.652GiB
1827.014|2026-07-25T13:18:25.054Z|26|Discharging|7380000|287000|NA|NA|NA|910000|3500000|NA|NA|0|cpu 56443 0 59595 1323996 2278 0 2845 0 0 0|796090|46000|3829108|2530428|2483940|261738|189717|217229|4|1.99%|56.87MiB / 3.652GiB
1830.014|2026-07-25T13:18:28.056Z|26|Discharging|7380000|277000|NA|NA|NA|910000|3500000|NA|NA|0|cpu 56476 0 59639 1325102 2278 0 2847 0 0 0|795927|46000|3829108|2541152|2483940|261778|189844|217360|4|0.94%|56.86MiB / 3.652GiB
1833.014|2026-07-25T13:18:31.016Z|26|Discharging|7408000|297000|NA|NA|NA|910000|3500000|NA|NA|0|cpu 56536 0 59707 1326133 2278 0 2848 0 0 0|796139|48000|3829108|2526624|2483940|261786|190022|217592|4|5.98%|56.86MiB / 3.652GiB
1836.016|2026-07-25T13:18:34.055Z|26|Discharging|7408000|346000|NA|NA|NA|910000|3500000|NA|NA|0|cpu 56578 0 59770 1327221 2279 0 2853 0 0 0|795927|47000|3829108|2527960|2483940|261970|190310|217900|4|0.94%|56.86MiB / 3.652GiB
1839.014|2026-07-25T13:18:37.036Z|26|Discharging|7394000|346000|NA|NA|NA|910000|3500000|NA|NA|0|cpu 56642 0 59838 1328244 2279 0 2854 0 0 0|795951|47000|3829108|2536916|2483940|261978|190488|218128|4|4.14%|56.88MiB / 3.652GiB
1842.015|2026-07-25T13:18:40.055Z|26|Discharging|7394000|366000|NA|NA|NA|910000|3500000|NA|NA|0|cpu 56687 0 59898 1329340 2279 0 2857 0 0 0|795927|47000|3829108|2525288|2483940|262050|190682|218349|4|2.74%|56.87MiB / 3.652GiB
1845.015|2026-07-25T13:18:43.055Z|26|Discharging|7394000|297000|NA|NA|NA|910000|3500000|NA|NA|0|cpu 56720 0 59939 1330450 2279 0 2859 0 0 0|795927|46000|3829108|2531504|2483940|262058|190808|218490|4|0.58%|56.86MiB / 3.652GiB
1848.015|2026-07-25T13:18:46.008Z|26|Discharging|7394000|287000|NA|NA|NA|910000|3500000|NA|NA|0|cpu 56779 0 60004 1331480 2279 0 2860 0 0 0|796737|47000|3829108|2533484|2483940|262266|190945|218675|4|4.07%|56.87MiB / 3.652GiB
1851.014|2026-07-25T13:18:49.064Z|26|Discharging|7394000|326000|NA|NA|NA|910000|3500000|NA|NA|0|cpu 56819 0 60058 1332587 2279 0 2861 0 0 0|796562|46000|3829108|2526676|2483940|262274|191098|218838|4|2.42%|56.87MiB / 3.652GiB
1854.014|2026-07-25T13:18:52.057Z|26|Discharging|7394000|306000|NA|NA|NA|910000|3500000|NA|NA|0|cpu 56856 0 60097 1333689 2280 0 2864 0 0 0|795927|46000|3829108|2521564|2483940|262322|191255|219008|4|2.66%|56.86MiB / 3.652GiB
1857.014|2026-07-25T13:18:55.055Z|26|Discharging|7394000|316000|NA|NA|NA|910000|3500000|NA|NA|0|cpu 56887 0 60136 1334803 2280 0 2866 0 0 0|795927|46000|3829108|2532544|2483940|262458|191315|219076|4|3.92%|56.87MiB / 3.652GiB
1860.014|2026-07-25T13:18:58.006Z|26|Discharging|7394000|277000|NA|NA|NA|910000|3500000|NA|NA|0|cpu 56949 0 60224 1335801 2280 0 2868 0 0 0|795927|47000|3829108|2532520|2483940|262594|191547|219371|4|2.09%|56.87MiB / 3.652GiB
1863.014|2026-07-25T13:19:01.068Z|26|Discharging|7394000|316000|NA|NA|NA|910000|3500000|NA|NA|0|cpu 56984 0 60262 1336932 2280 0 2870 0 0 0|795927|47000|3829108|2540820|2483940|262722|191659|219490|4|1.42%|56.86MiB / 3.652GiB
1866.016|2026-07-25T13:19:04.056Z|26|Discharging|7422000|277000|NA|NA|NA|910000|3500000|NA|NA|0|cpu 57020 0 60298 1338044 2281 0 2872 0 0 0|795927|46000|3829108|2536856|2483940|262930|191754|219585|4|1.68%|56.87MiB / 3.652GiB
1869.014|2026-07-25T13:19:07.054Z|26|Discharging|7422000|267000|NA|NA|NA|910000|3500000|NA|NA|0|cpu 57050 0 60337 1339157 2281 0 2873 0 0 0|797159|46000|3829108|2536716|2483940|262938|191837|219664|4|0.62%|56.86MiB / 3.652GiB
1872.019|2026-07-25T13:19:10.039Z|26|Discharging|7422000|267000|NA|NA|NA|910000|3500000|NA|NA|0|cpu 57112 0 60405 1340183 2282 0 2875 0 0 0|795927|46000|3829108|2537732|2483940|263202|192009|219877|4|3.25%|56.88MiB / 3.652GiB
1875.014|2026-07-25T13:19:13.053Z|26|Discharging|7422000|306000|NA|NA|NA|910000|3500000|NA|NA|0|cpu 57150 0 60465 1341285 2282 0 2877 0 0 0|795927|47000|3829108|2529080|2483940|263362|192154|220033|4|1.71%|56.87MiB / 3.652GiB
1878.014|2026-07-25T13:19:16.066Z|26|Discharging|7408000|287000|NA|NA|NA|910000|3500000|NA|NA|0|cpu 57180 0 60501 1342403 2282 0 2879 0 0 0|795927|46000|3829108|2526564|2483940|263490|192259|220139|4|1.57%|56.87MiB / 3.652GiB
1881.014|2026-07-25T13:19:19.057Z|26|Discharging|7408000|287000|NA|NA|NA|910000|3500000|NA|NA|0|cpu 57212 0 60537 1343517 2282 0 2880 0 0 0|795927|46000|3829108|2539332|2483940|263490|192320|220199|4|2.31%|56.86MiB / 3.652GiB
1884.014|2026-07-25T13:19:22.060Z|26|Discharging|7408000|306000|NA|NA|NA|910000|3500000|NA|NA|0|cpu 57243 0 60580 1344626 2283 0 2881 0 0 0|795927|46000|3829108|2535000|2483940|263530|192383|220273|4|1.84%|56.87MiB / 3.652GiB
1887.015|2026-07-25T13:19:25.055Z|26|Discharging|7408000|336000|NA|NA|NA|910000|3500000|NA|NA|0|cpu 57313 0 60665 1345644 2283 0 2882 0 0 0|795927|47000|3829108|2533660|2483940|263666|192587|220545|4|2.27%|56.87MiB / 3.652GiB
1890.014|2026-07-25T13:19:28.063Z|26|Discharging|7394000|316000|NA|NA|NA|910000|3500000|NA|NA|0|cpu 57342 0 60701 1346760 2283 0 2884 0 0 0|796398|46000|3829108|2541892|2483940|263754|192688|220653|4|2.62%|56.87MiB / 3.652GiB
1893.014|2026-07-25T13:19:31.066Z|26|Discharging|7394000|297000|NA|NA|NA|910000|3500000|NA|NA|0|cpu 57377 0 60737 1347871 2283 0 2887 0 0 0|795935|46000|3829108|2537752|2483940|263754|192785|220756|4|2.96%|56.86MiB / 3.652GiB
1896.014|2026-07-25T13:19:34.054Z|26|Discharging|7422000|346000|NA|NA|NA|910000|3500000|NA|NA|0|cpu 57413 0 60777 1348975 2284 0 2888 0 0 0|795927|46000|3829108|2532812|2483940|263834|192855|220832|4|1.83%|56.87MiB / 3.652GiB
1899.015|2026-07-25T13:19:37.079Z|26|Discharging|7422000|277000|NA|NA|NA|910000|3500000|NA|NA|0|cpu 57636 0 60916 1349759 2284 0 2890 0 0 0|795927|48000|3829108|2540444|2483940|263938|193022|221042|4|4.40%|56.87MiB / 3.652GiB
1902.015|2026-07-25T13:19:40.061Z|26|Discharging|7422000|366000|NA|NA|NA|910000|3500000|NA|NA|0|cpu 57681 0 60977 1350829 2284 0 2891 0 0 0|795705|46000|3829108|2532600|2483940|264010|193171|221209|4|2.55%|56.87MiB / 3.652GiB
1905.014|2026-07-25T13:19:43.054Z|26|Discharging|7394000|267000|NA|NA|NA|910000|3500000|NA|NA|0|cpu 57714 0 61015 1351940 2284 0 2894 0 0 0|795927|47000|3829108|2525800|2483940|264018|193248|221287|4|1.28%|57.11MiB / 3.652GiB
1908.014|2026-07-25T13:19:46.061Z|26|Discharging|7408000|277000|NA|NA|NA|910000|3500000|NA|NA|0|cpu 57745 0 61050 1353055 2285 0 2896 0 0 0|795833|47000|3829108|2532816|2483940|264210|193351|221394|4|1.73%|56.87MiB / 3.652GiB
1911.014|2026-07-25T13:19:49.056Z|26|Discharging|7408000|277000|NA|NA|NA|910000|3500000|NA|NA|0|cpu 57778 0 61085 1354170 2285 0 2897 0 0 0|795927|46000|3829108|2540536|2483940|264226|193410|221451|4|9.14%|56.88MiB / 3.652GiB
1914.015|2026-07-25T13:19:51.999Z|26|Discharging|7408000|267000|NA|NA|NA|910000|3500000|NA|NA|0|cpu 57853 0 61179 1355145 2286 0 2900 0 0 0|795699|46000|3829108|2527048|2483940|264530|193719|221816|4|2.55%|56.86MiB / 3.652GiB
1917.014|2026-07-25T13:19:55.055Z|26|Discharging|7422000|297000|NA|NA|NA|910000|3500000|NA|NA|0|cpu 57890 0 61222 1356267 2288 0 2904 0 0 0|797326|46000|3829108|2534656|2483940|264866|193906|222013|4|0.60%|56.86MiB / 3.652GiB
1920.014|2026-07-25T13:19:58.098Z|26|Discharging|7422000|267000|NA|NA|NA|910000|3500000|NA|NA|0|cpu 57923 0 61269 1357369 2288 0 2905 0 0 0|795927|47000|3829108|2534548|2483940|265074|194006|222159|4|5.14%|56.87MiB / 3.652GiB
1923.014|2026-07-25T13:20:01.073Z|26|Discharging|7394000|316000|NA|NA|NA|910000|3500000|NA|NA|0|cpu 57982 0 61343 1358413 2288 0 2907 0 0 0|796070|46000|3829108|2530764|2483940|265178|194180|222360|4|2.00%|56.86MiB / 3.652GiB
1926.014|2026-07-25T13:20:04.056Z|26|Discharging|7394000|326000|NA|NA|NA|910000|3500000|NA|NA|0|cpu 58023 0 61383 1359516 2288 0 2910 0 0 0|795943|46000|3829108|2534184|2483940|265234|194279|222465|4|1.26%|57.11MiB / 3.652GiB
1929.014|2026-07-25T13:20:07.054Z|26|Discharging|7408000|287000|NA|NA|NA|910000|3500000|NA|NA|0|cpu 58056 0 61421 1360626 2288 0 2911 0 0 0|795927|46000|3829108|2536496|2483940|265266|194380|222571|4|0.61%|56.86MiB / 3.652GiB
1932.014|2026-07-25T13:20:10.038Z|26|Discharging|7408000|267000|NA|NA|NA|910000|3500000|NA|NA|0|cpu 58108 0 61482 1361671 2289 0 2913 0 0 0|795964|47000|3829108|2543552|2483940|265442|194510|222743|4|4.09%|56.87MiB / 3.652GiB
1935.014|2026-07-25T13:20:13.063Z|26|Discharging|7380000|346000|NA|NA|NA|910000|3500000|NA|NA|0|cpu 58160 0 61554 1362743 2291 0 2915 0 0 0|795927|46000|3829108|2536532|2483940|265898|194690|222931|4|1.25%|57.11MiB / 3.652GiB
1938.014|2026-07-25T13:20:16.058Z|26|Discharging|7380000|277000|NA|NA|NA|910000|3500000|NA|NA|0|cpu 58196 0 61590 1363851 2292 0 2918 0 0 0|795927|46000|3829108|2529712|2483940|266106|194831|223075|4|1.61%|56.87MiB / 3.652GiB
1941.015|2026-07-25T13:20:19.053Z|26|Discharging|7394000|277000|NA|NA|NA|910000|3500000|NA|NA|0|cpu 58229 0 61626 1364963 2292 0 2920 0 0 0|795927|46000|3829108|2540220|2483940|266450|194907|223159|4|0.63%|56.86MiB / 3.652GiB
1944.014|2026-07-25T13:20:22.024Z|26|Discharging|7394000|277000|NA|NA|NA|910000|3500000|NA|NA|0|cpu 58286 0 61695 1365992 2292 0 2921 0 0 0|796062|46000|3829108|2536636|2483940|266458|195050|223345|4|4.37%|57.11MiB / 3.652GiB
1947.014|2026-07-25T13:20:25.058Z|26|Discharging|7394000|336000|NA|NA|NA|910000|3500000|NA|NA|0|cpu 58326 0 61755 1367094 2293 0 2924 0 0 0|796270|46000|3829108|2533652|2483940|266506|195238|223554|4|1.13%|56.87MiB / 3.652GiB
1950.014|2026-07-25T13:20:28.068Z|26|Discharging|7394000|316000|NA|NA|NA|910000|3500000|NA|NA|0|cpu 58354 0 61792 1368214 2293 0 2926 0 0 0|795927|46000|3829108|2531932|2483940|266514|195296|223618|4|3.05%|56.87MiB / 3.652GiB
1953.014|2026-07-25T13:20:31.056Z|26|Discharging|7408000|336000|NA|NA|NA|910000|3500000|NA|NA|0|cpu 58391 0 61831 1369318 2293 0 2928 0 0 0|795927|46000|3829108|2535920|2483940|266818|195410|223737|4|0.63%|56.86MiB / 3.652GiB
1956.015|2026-07-25T13:20:34.007Z|26|Discharging|7408000|326000|NA|NA|NA|910000|3500000|NA|NA|0|cpu 58454 0 61901 1370338 2293 0 2930 0 0 0|795927|47000|3829108|2527036|2483940|266834|195579|223957|4|4.79%|56.86MiB / 3.652GiB
1959.014|2026-07-25T13:20:37.053Z|26|Discharging|7408000|287000|NA|NA|NA|910000|3500000|NA|NA|0|cpu 58493 0 61956 1371446 2294 0 2932 0 0 0|795927|46000|3829108|2532212|2483940|267074|195719|224112|4|1.87%|57.1MiB / 3.652GiB
1962.014|2026-07-25T13:20:40.061Z|26|Discharging|7394000|277000|NA|NA|NA|910000|3500000|NA|NA|0|cpu 58525 0 61990 1372563 2294 0 2934 0 0 0|795555|46000|3829108|2526560|2483940|267082|195825|224222|4|2.75%|56.86MiB / 3.652GiB
1965.014|2026-07-25T13:20:43.061Z|26|Discharging|7394000|316000|NA|NA|NA|910000|3500000|NA|NA|0|cpu 58561 0 62031 1373667 2294 0 2936 0 0 0|795927|46000|3829108|2529780|2483940|267106|195928|224331|4|0.60%|56.86MiB / 3.652GiB
1968.015|2026-07-25T13:20:46.016Z|26|Discharging|7394000|287000|NA|NA|NA|910000|3500000|NA|NA|0|cpu 58625 0 62110 1374677 2294 0 2937 0 0 0|795927|47000|3829108|2533048|2483940|267138|196107|224557|4|1.66%|56.87MiB / 3.652GiB
1971.014|2026-07-25T13:20:49.057Z|26|Discharging|7394000|277000|NA|NA|NA|910000|3500000|NA|NA|0|cpu 58656 0 62159 1375803 2295 0 2939 0 0 0|795927|47000|3829108|2519236|2483940|267330|196225|224680|4|2.37%|56.87MiB / 3.652GiB
1974.013|2026-07-25T13:20:52.061Z|26|Discharging|7394000|257000|NA|NA|NA|910000|3500000|NA|NA|0|cpu 58686 0 62195 1376919 2295 0 2941 0 0 0|795935|46000|3829108|2519244|2483940|267338|196307|224768|4|2.85%|56.86MiB / 3.652GiB
1977.014|2026-07-25T13:20:55.065Z|26|Discharging|7394000|356000|NA|NA|NA|910000|3500000|NA|NA|0|cpu 58720 0 62237 1378019 2295 0 2944 0 0 0|795927|46000|3829108|2531024|2483940|267378|196462|224925|4|0.61%|56.86MiB / 3.652GiB
1980.014|2026-07-25T13:20:58.068Z|26|Discharging|7394000|267000|NA|NA|NA|910000|3500000|NA|NA|0|cpu 58755 0 62272 1379134 2295 0 2945 0 0 0|795927|46000|3829108|2531472|2483940|267418|196489|224966|4|5.82%|56.89MiB / 3.652GiB
1983.016|2026-07-25T13:21:01.060Z|26|Discharging|7394000|356000|NA|NA|NA|910000|3500000|NA|NA|0|cpu 58818 0 62363 1380154 2296 0 2947 0 0 0|795540|46000|3829108|2529728|2483940|267618|196715|225237|4|1.07%|56.88MiB / 3.652GiB
1986.014|2026-07-25T13:21:04.054Z|26|Discharging|7408000|287000|NA|NA|NA|910000|3500000|NA|NA|0|cpu 58852 0 62405 1381259 2296 0 2949 0 0 0|795724|47000|3829108|2526648|2483940|267642|196817|225352|4|1.61%|56.88MiB / 3.652GiB
1989.014|2026-07-25T13:21:07.064Z|26|Discharging|7408000|297000|NA|NA|NA|910000|3500000|NA|NA|0|cpu 58881 0 62442 1382374 2297 0 2952 0 0 0|795927|46000|3829108|2531104|2483940|267746|196946|225486|4|0.88%|56.87MiB / 3.652GiB
1992.015|2026-07-25T13:21:10.065Z|26|Discharging|7408000|306000|NA|NA|NA|910000|3500000|NA|NA|0|cpu 58912 0 62479 1383490 2297 0 2953 0 0 0|795927|46000|3829108|2531500|2483940|267842|196982|225521|4|8.78%|56.88MiB / 3.652GiB
1995.014|2026-07-25T13:21:13.003Z|26|Discharging|7408000|356000|NA|NA|NA|910000|3500000|NA|NA|0|cpu 58981 0 62569 1384479 2297 0 2956 0 0 0|795927|46000|3829108|2526896|2483940|268018|197246|225839|4|1.26%|56.88MiB / 3.652GiB
1998.014|2026-07-25T13:21:16.060Z|26|Discharging|7408000|316000|NA|NA|NA|910000|3500000|NA|NA|0|cpu 59012 0 62610 1385614 2297 0 2958 0 0 0|796373|47000|3829108|2535912|2483940|268202|197333|225922|4|1.11%|56.88MiB / 3.652GiB
2001.014|2026-07-25T13:21:19.058Z|26|Discharging|7380000|287000|NA|NA|NA|910000|3500000|NA|NA|0|cpu 59042 0 62646 1386730 2298 0 2960 0 0 0|795927|46000|3829108|2544604|2483940|268442|197420|226014|4|1.98%|56.88MiB / 3.652GiB
2004.014|2026-07-25T13:21:22.067Z|26|Discharging|7380000|316000|NA|NA|NA|910000|3500000|NA|NA|0|cpu 59074 0 62685 1387843 2298 0 2961 0 0 0|795927|47000|3829108|2529788|2483940|268450|197486|226089|4|0.93%|56.88MiB / 3.652GiB
2007.013|2026-07-25T13:21:25.055Z|26|Discharging|7394000|277000|NA|NA|NA|910000|3500000|NA|NA|0|cpu 59150 0 62773 1388848 2298 0 2963 0 0 0|795834|48000|3829108|2534736|2483940|268482|197733|226398|4|3.42%|56.88MiB / 3.652GiB
2010.015|2026-07-25T13:21:28.055Z|26|Discharging|7394000|356000|NA|NA|NA|910000|3500000|NA|NA|0|cpu 59187 0 62814 1389952 2299 0 2966 0 0 0|795927|46000|3829108|2529000|2483940|268658|197958|226624|4|0.94%|56.88MiB / 3.652GiB
2013.014|2026-07-25T13:21:31.013Z|26|Discharging|7380000|356000|NA|NA|NA|910000|3500000|NA|NA|0|cpu 59247 0 62883 1390980 2300 0 2968 0 0 0|796301|47000|3829108|2534676|2483940|268794|198117|226831|4|3.46%|56.88MiB / 3.652GiB
2016.014|2026-07-25T13:21:34.072Z|26|Discharging|7380000|356000|NA|NA|NA|910000|3500000|NA|NA|0|cpu 59287 0 62940 1392085 2300 0 2970 0 0 0|796939|46000|3829108|2521084|2483940|268922|198271|227000|4|2.20%|56.88MiB / 3.652GiB
2019.014|2026-07-25T13:21:37.062Z|25|Discharging|7367000|257000|NA|NA|NA|875000|3500000|NA|NA|0|cpu 59329 0 62977 1393185 2300 0 2974 0 0 0|795927|47000|3829108|2534752|2483940|269146|198425|227165|4|0.88%|56.87MiB / 3.652GiB
2022.014|2026-07-25T13:21:40.056Z|25|Discharging|7367000|297000|NA|NA|NA|875000|3500000|NA|NA|0|cpu 59360 0 63015 1394299 2301 0 2976 0 0 0|795531|46000|3829108|2533364|2483940|269290|198469|227208|4|8.26%|56.88MiB / 3.652GiB
2025.015|2026-07-25T13:21:43.004Z|25|Discharging|7380000|356000|NA|NA|NA|875000|3500000|NA|NA|0|cpu 59424 0 63101 1395296 2301 0 2977 0 0 0|795927|46000|3829108|2535360|2483940|269386|198707|227516|4|1.65%|57.12MiB / 3.652GiB
2028.014|2026-07-25T13:21:46.066Z|25|Discharging|7380000|316000|NA|NA|NA|875000|3500000|NA|NA|0|cpu 59456 0 63141 1396429 2301 0 2978 0 0 0|795935|47000|3829108|2530120|2483940|269402|198789|227604|4|2.06%|56.88MiB / 3.652GiB
2031.015|2026-07-25T13:21:49.056Z|25|Discharging|7380000|277000|NA|NA|NA|875000|3500000|NA|NA|0|cpu 59491 0 63177 1397542 2301 0 2979 0 0 0|795927|47000|3829108|2530468|2483940|269546|198872|227683|4|1.45%|56.88MiB / 3.652GiB
2034.015|2026-07-25T13:21:52.055Z|25|Discharging|7380000|306000|NA|NA|NA|875000|3500000|NA|NA|0|cpu 59524 0 63216 1398654 2301 0 2981 0 0 0|795927|46000|3829108|2529528|2483940|269682|198953|227776|4|1.04%|56.88MiB / 3.652GiB
2037.014|2026-07-25T13:21:55.068Z|25|Discharging|7408000|277000|NA|NA|NA|875000|3500000|NA|NA|0|cpu 59553 0 63253 1399773 2302 0 2982 0 0 0|796131|46000|3829108|2531308|2483940|269810|198975|227801|4|6.67%|56.88MiB / 3.652GiB
2040.016|2026-07-25T13:21:58.092Z|25|Discharging|7408000|346000|NA|NA|NA|875000|3500000|NA|NA|0|cpu 59636 0 63349 1400765 2302 0 2987 0 0 0|796688|46000|3829108|2530192|2483940|269826|199288|228190|4|4.90%|56.87MiB / 3.652GiB
2043.015|2026-07-25T13:22:01.084Z|25|Discharging|7408000|425000|NA|NA|NA|875000|3500000|NA|NA|0|cpu 59825 0 63454 1401625 2320 0 2990 0 0 0|795935|47000|3829108|2530900|2557916|270090|199481|228404|4|2.16%|56.89MiB / 3.652GiB
2046.015|2026-07-25T13:22:04.008Z|25|Discharging|7380000|495000|NA|NA|NA|875000|3500000|NA|NA|0|cpu 59931 0 63604 1402470 2357 0 3003 0 0 0|796609|47000|3829108|2483096|2895636|270090|199911|228931|4|0.95%|56.88MiB / 3.652GiB
2049.014|2026-07-25T13:22:07.054Z|25|Discharging|7380000|356000|NA|NA|NA|875000|3500000|NA|NA|0|cpu 59966 0 63645 1403597 2358 0 3003 0 0 0|795935|47000|3829108|2495608|2895636|270818|199957|228976|4|0.62%|56.88MiB / 3.652GiB
2052.014|2026-07-25T13:22:10.069Z|25|Discharging|7353000|306000|NA|NA|NA|875000|3500000|NA|NA|0|cpu 60031 0 63733 1404615 2359 0 3005 0 0 0|796168|47000|3829108|2501012|2895636|271106|200175|229261|4|3.79%|56.89MiB / 3.652GiB
2055.014|2026-07-25T13:22:13.052Z|25|Discharging|7353000|326000|NA|NA|NA|875000|3500000|NA|NA|0|cpu 60066 0 63768 1405726 2359 0 3007 0 0 0|795935|46000|3829108|2517504|2895636|271234|200303|229397|4|1.39%|56.88MiB / 3.652GiB
2058.014|2026-07-25T13:22:16.060Z|25|Discharging|7394000|267000|NA|NA|NA|875000|3500000|NA|NA|0|cpu 60098 0 63806 1406839 2359 0 3010 0 0 0|795927|46000|3829108|2525280|2895636|271242|200394|229488|4|3.18%|56.88MiB / 3.652GiB
2061.014|2026-07-25T13:22:19.053Z|25|Discharging|7394000|306000|NA|NA|NA|875000|3500000|NA|NA|0|cpu 60131 0 63845 1407946 2360 0 3012 0 0 0|795581|46000|3829108|2526344|2895636|271650|200484|229573|4|1.52%|56.88MiB / 3.652GiB
2064.014|2026-07-25T13:22:22.054Z|25|Discharging|7422000|306000|NA|NA|NA|875000|3500000|NA|NA|0|cpu 60198 0 63937 1408963 2360 0 3015 0 0 0|795927|47000|3829108|2518948|2895636|271658|200749|229903|4|2.15%|56.88MiB / 3.652GiB
2067.014|2026-07-25T13:22:25.076Z|25|Discharging|7422000|297000|NA|NA|NA|875000|3500000|NA|NA|0|cpu 60228 0 63973 1410080 2361 0 3017 0 0 0|795927|46000|3829108|2514980|2895636|271882|200844|230006|4|1.23%|57.12MiB / 3.652GiB
2070.014|2026-07-25T13:22:28.063Z|25|Discharging|7353000|316000|NA|NA|NA|875000|3500000|NA|NA|0|cpu 60270 0 64014 1411181 2361 0 3020 0 0 0|795927|46000|3829108|2530528|2895636|271890|200959|230128|4|0.97%|56.88MiB / 3.652GiB
2073.014|2026-07-25T13:22:31.061Z|25|Discharging|7353000|287000|NA|NA|NA|875000|3500000|NA|NA|0|cpu 60298 0 64051 1412298 2361 0 3021 0 0 0|795927|46000|3829108|2530192|2895636|271994|200991|230161|4|8.68%|57.12MiB / 3.652GiB
2076.015|2026-07-25T13:22:34.061Z|25|Discharging|7353000|326000|NA|NA|NA|875000|3500000|NA|NA|0|cpu 60371 0 64143 1413297 2361 0 3025 0 0 0|796001|46000|3829108|2516828|2895636|272090|201446|230705|4|0.94%|56.87MiB / 3.652GiB
2079.014|2026-07-25T13:22:37.080Z|25|Discharging|7367000|346000|NA|NA|NA|875000|3500000|NA|NA|0|cpu 60404 0 64179 1414409 2362 0 3026 0 0 0|796554|46000|3829108|2526776|2895636|272154|201461|230720|4|11.32%|56.88MiB / 3.652GiB
2082.017|2026-07-25T13:22:40.056Z|25|Discharging|7380000|405000|NA|NA|NA|875000|3500000|NA|NA|0|cpu 60477 0 64274 1415407 2362 0 3030 0 0 0|796316|47000|3829108|2523164|2895636|272170|201883|231229|4|0.93%|56.87MiB / 3.652GiB
2085.015|2026-07-25T13:22:43.033Z|25|Discharging|7380000|316000|NA|NA|NA|875000|3500000|NA|NA|0|cpu 60536 0 64340 1416435 2362 0 3032 0 0 0|795919|46000|3829108|2524572|2895636|272386|202043|231445|4|5.93%|57.12MiB / 3.652GiB
2088.015|2026-07-25T13:22:46.058Z|25|Discharging|7380000|346000|NA|NA|NA|875000|3500000|NA|NA|0|cpu 60585 0 64402 1417525 2362 0 3036 0 0 0|795927|47000|3829108|2529896|2895636|272394|202346|231779|4|0.94%|56.88MiB / 3.652GiB
2091.015|2026-07-25T13:22:49.036Z|25|Discharging|7380000|326000|NA|NA|NA|875000|3500000|NA|NA|0|cpu 60647 0 64472 1418548 2363 0 3037 0 0 0|795927|47000|3829108|2522292|2895636|272474|202491|231974|4|3.30%|56.88MiB / 3.652GiB
2094.014|2026-07-25T13:22:52.065Z|25|Discharging|7380000|297000|NA|NA|NA|875000|3500000|NA|NA|0|cpu 60686 0 64528 1419651 2363 0 3039 0 0 0|796399|46000|3829108|2518176|2895636|272482|202687|232193|4|2.04%|57.12MiB / 3.652GiB
2097.014|2026-07-25T13:22:55.059Z|25|Discharging|7380000|306000|NA|NA|NA|875000|3500000|NA|NA|0|cpu 60719 0 64566 1420763 2363 0 3041 0 0 0|795927|47000|3829108|2520660|2895636|272690|202808|232313|4|2.12%|56.88MiB / 3.652GiB
2100.014|2026-07-25T13:22:58.054Z|25|Discharging|7380000|316000|NA|NA|NA|875000|3500000|NA|NA|0|cpu 60751 0 64608 1421873 2363 0 3042 0 0 0|795927|47000|3829108|2527204|2895636|272698|202863|232375|4|7.82%|56.89MiB / 3.652GiB
2103.016|2026-07-25T13:23:01.016Z|25|Discharging|7394000|346000|NA|NA|NA|875000|3500000|NA|NA|0|cpu 60816 0 64695 1422867 2364 0 3044 0 0 0|795927|46000|3829108|2526424|2895636|272874|203121|232703|4|2.33%|56.88MiB / 3.652GiB
2106.014|2026-07-25T13:23:04.063Z|25|Discharging|7394000|277000|NA|NA|NA|875000|3500000|NA|NA|0|cpu 60856 0 64735 1423991 2364 0 3048 0 0 0|795943|46000|3829108|2525016|2895636|272890|203295|232877|4|1.65%|56.88MiB / 3.652GiB
2109.014|2026-07-25T13:23:07.058Z|25|Discharging|7394000|306000|NA|NA|NA|875000|3500000|NA|NA|0|cpu 60891 0 64779 1425094 2364 0 3050 0 0 0|796358|46000|3829108|2522660|2895636|273050|203386|232961|4|0.62%|56.88MiB / 3.652GiB
2112.014|2026-07-25T13:23:10.001Z|25|Discharging|7394000|277000|NA|NA|NA|875000|3500000|NA|NA|0|cpu 60952 0 64842 1426122 2364 0 3052 0 0 0|795927|47000|3829108|2531048|2895636|273082|203556|233178|4|5.02%|57.14MiB / 3.652GiB
2115.014|2026-07-25T13:23:13.077Z|25|Discharging|7394000|346000|NA|NA|NA|875000|3500000|NA|NA|0|cpu 60989 0 64901 1427228 2365 0 3054 0 0 0|795982|47000|3829108|2519752|2895636|273274|203725|233368|4|2.27%|56.88MiB / 3.652GiB
2118.014|2026-07-25T13:23:16.065Z|25|Discharging|7394000|297000|NA|NA|NA|875000|3500000|NA|NA|0|cpu 61028 0 64941 1428330 2365 0 3058 0 0 0|795927|46000|3829108|2528912|2895636|273282|203868|233517|4|0.92%|56.88MiB / 3.652GiB
2121.014|2026-07-25T13:23:19.060Z|25|Discharging|7394000|326000|NA|NA|NA|875000|3500000|NA|NA|0|cpu 61058 0 64983 1429444 2365 0 3058 0 0 0|795927|46000|3829108|2523060|2895636|273330|203905|233552|4|8.83%|56.88MiB / 3.652GiB
2124.014|2026-07-25T13:23:22.063Z|25|Discharging|7394000|316000|NA|NA|NA|875000|3500000|NA|NA|0|cpu 61126 0 65071 1430457 2367 0 3062 0 0 0|795927|47000|3829108|2531772|2895636|273666|204179|233884|4|2.13%|57.12MiB / 3.652GiB
2127.015|2026-07-25T13:23:25.063Z|25|Discharging|7380000|297000|NA|NA|NA|875000|3500000|NA|NA|0|cpu 61160 0 65106 1431569 2367 0 3064 0 0 0|796087|46000|3829108|2521116|2895636|274082|204308|234023|4|2.31%|56.88MiB / 3.652GiB
2130.014|2026-07-25T13:23:28.072Z|25|Discharging|7380000|306000|NA|NA|NA|875000|3500000|NA|NA|0|cpu 61193 0 65149 1432676 2367 0 3065 0 0 0|796367|46000|3829108|2526316|2895636|274106|204404|234129|4|3.55%|56.89MiB / 3.652GiB
2133.014|2026-07-25T13:23:31.057Z|25|Discharging|7380000|326000|NA|NA|NA|875000|3500000|NA|NA|0|cpu 61262 0 65235 1433690 2368 0 3067 0 0 0|796546|47000|3829108|2529400|2895636|274322|204605|234391|4|1.90%|56.88MiB / 3.652GiB
2136.014|2026-07-25T13:23:34.065Z|25|Discharging|7408000|316000|NA|NA|NA|875000|3500000|NA|NA|0|cpu 61296 0 65272 1434802 2368 0 3069 0 0 0|795927|47000|3829108|2523588|2895636|274330|204729|234520|4|2.37%|57.12MiB / 3.652GiB
2139.015|2026-07-25T13:23:37.056Z|25|Discharging|7408000|306000|NA|NA|NA|875000|3500000|NA|NA|0|cpu 61330 0 65309 1435914 2369 0 3071 0 0 0|795951|46000|3829108|2527780|2895636|274362|204836|234629|4|2.63%|56.88MiB / 3.652GiB
2142.014|2026-07-25T13:23:40.066Z|25|Discharging|7408000|306000|NA|NA|NA|875000|3500000|NA|NA|0|cpu 61360 0 65353 1437022 2369 0 3072 0 0 0|795927|46000|3829108|2532536|2895636|274394|204917|234714|4|0.92%|56.88MiB / 3.652GiB
2145.014|2026-07-25T13:23:43.064Z|25|Discharging|7408000|287000|NA|NA|NA|875000|3500000|NA|NA|0|cpu 61426 0 65443 1438036 2369 0 3074 0 0 0|796024|47000|3829108|2533024|2895636|274602|205128|234987|4|1.90%|56.88MiB / 3.652GiB
2148.014|2026-07-25T13:23:46.054Z|25|Discharging|7394000|267000|NA|NA|NA|875000|3500000|NA|NA|0|cpu 61457 0 65482 1439147 2369 0 3076 0 0 0|795943|47000|3829108|2529620|2895636|274610|205242|235108|4|1.10%|56.88MiB / 3.652GiB
2151.014|2026-07-25T13:23:49.057Z|25|Discharging|7394000|306000|NA|NA|NA|875000|3500000|NA|NA|0|cpu 61487 0 65520 1440261 2370 0 3077 0 0 0|795943|48000|3829108|2529320|2895636|274658|205288|235153|4|1.12%|56.88MiB / 3.652GiB
2154.014|2026-07-25T13:23:52.062Z|25|Discharging|7380000|297000|NA|NA|NA|875000|3500000|NA|NA|0|cpu 61516 0 65556 1441380 2370 0 3078 0 0 0|797315|47000|3829108|2525988|2895636|274666|205325|235196|4|2.68%|56.88MiB / 3.652GiB
2157.015|2026-07-25T13:23:55.068Z|25|Discharging|7380000|277000|NA|NA|NA|875000|3500000|NA|NA|0|cpu 61548 0 65596 1442490 2370 0 3080 0 0 0|795666|47000|3829108|2522972|2895636|274770|205409|235288|4|0.59%|56.88MiB / 3.652GiB
2160.015|2026-07-25T13:23:58.006Z|25|Discharging|7394000|277000|NA|NA|NA|875000|3500000|NA|NA|0|cpu 61616 0 65679 1443492 2370 0 3081 0 0 0|795935|47000|3829108|2531080|2895636|274874|205569|235491|4|1.21%|56.88MiB / 3.652GiB
2163.014|2026-07-25T13:24:01.054Z|25|Discharging|7394000|336000|NA|NA|NA|875000|3500000|NA|NA|0|cpu 61649 0 65724 1444618 2371 0 3082 0 0 0|795927|47000|3829108|2529072|2895636|274930|205660|235604|4|2.77%|57.12MiB / 3.652GiB
2166.014|2026-07-25T13:24:04.065Z|25|Discharging|7394000|297000|NA|NA|NA|875000|3500000|NA|NA|0|cpu 61684 0 65757 1445731 2371 0 3085 0 0 0|795927|47000|3829108|2520440|2895636|274954|205783|235735|4|3.58%|56.88MiB / 3.652GiB
2169.014|2026-07-25T13:24:07.064Z|25|Discharging|7394000|297000|NA|NA|NA|875000|3500000|NA|NA|0|cpu 61721 0 65795 1446839 2371 0 3086 0 0 0|796952|46000|3829108|2531864|2895636|275130|205887|235844|4|0.89%|56.88MiB / 3.652GiB
2172.014|2026-07-25T13:24:10.061Z|25|Discharging|7394000|326000|NA|NA|NA|875000|3500000|NA|NA|0|cpu 61797 0 65882 1447848 2371 0 3088 0 0 0|795951|48000|3829108|2529048|2895636|275138|206128|236139|4|1.81%|56.88MiB / 3.652GiB
2175.014|2026-07-25T13:24:13.062Z|25|Discharging|7380000|287000|NA|NA|NA|875000|3500000|NA|NA|0|cpu 61831 0 65925 1448955 2371 0 3090 0 0 0|795913|46000|3829108|2536116|2895636|275186|206242|236264|4|2.94%|57.11MiB / 3.652GiB
2178.014|2026-07-25T13:24:16.055Z|25|Discharging|7380000|287000|NA|NA|NA|875000|3500000|NA|NA|0|cpu 61868 0 65965 1450058 2371 0 3094 0 0 0|795927|47000|3829108|2529088|2895636|275194|206408|236440|4|0.61%|56.88MiB / 3.652GiB
2181.014|2026-07-25T13:24:19.102Z|25|Discharging|7367000|287000|NA|NA|NA|875000|3500000|NA|NA|0|cpu 61904 0 66011 1451157 2372 0 3095 0 0 0|795927|46000|3829108|2527284|2895636|275290|206501|236573|4|4.66%|56.89MiB / 3.652GiB
2184.014|2026-07-25T13:24:22.055Z|25|Discharging|7367000|366000|NA|NA|NA|875000|3500000|NA|NA|0|cpu 61966 0 66090 1452192 2372 0 3098 0 0 0|795780|47000|3829108|2520924|2895636|275394|206716|236825|4|1.82%|56.88MiB / 3.652GiB
2187.015|2026-07-25T13:24:25.061Z|25|Discharging|7408000|287000|NA|NA|NA|875000|3500000|NA|NA|0|cpu 61998 0 66125 1453306 2373 0 3100 0 0 0|795927|46000|3829108|2520060|2895636|275858|206806|236913|4|1.43%|56.88MiB / 3.652GiB
2190.014|2026-07-25T13:24:28.055Z|25|Discharging|7408000|287000|NA|NA|NA|875000|3500000|NA|NA|0|cpu 62032 0 66165 1454414 2373 0 3102 0 0 0|795553|46000|3829108|2528328|2895636|275954|206917|237031|4|0.62%|56.88MiB / 3.652GiB
2193.014|2026-07-25T13:24:31.084Z|25|Discharging|7380000|297000|NA|NA|NA|875000|3500000|NA|NA|0|cpu 62070 0 66217 1455505 2373 0 3103 0 0 0|795927|47000|3829108|2525076|2895780|276026|207026|237188|4|4.71%|56.88MiB / 3.652GiB
2196.014|2026-07-25T13:24:34.076Z|25|Discharging|7380000|356000|NA|NA|NA|875000|3500000|NA|NA|0|cpu 62131 0 66292 1456545 2373 0 3107 0 0 0|796298|46000|3829108|2523380|2895780|276042|207229|237418|4|1.97%|56.88MiB / 3.652GiB
2199.015|2026-07-25T13:24:37.056Z|25|Discharging|7394000|277000|NA|NA|NA|875000|3500000|NA|NA|0|cpu 62170 0 66328 1457653 2374 0 3110 0 0 0|795719|46000|3829108|2527580|2895780|276154|207346|237541|4|1.28%|56.88MiB / 3.652GiB
2202.015|2026-07-25T13:24:40.056Z|25|Discharging|7394000|297000|NA|NA|NA|875000|3500000|NA|NA|0|cpu 62201 0 66369 1458764 2374 0 3113 0 0 0|796289|46000|3829108|2526640|2895780|276258|207455|237637|4|0.60%|56.87MiB / 3.652GiB
2205.014|2026-07-25T13:24:43.100Z|25|Discharging|7380000|267000|NA|NA|NA|875000|3500000|NA|NA|0|cpu 62238 0 66423 1459855 2374 0 3115 0 0 0|795915|48000|3829108|2517812|2895780|276290|207587|237816|4|3.23%|56.88MiB / 3.652GiB
2208.014|2026-07-25T13:24:46.057Z|25|Discharging|7380000|425000|NA|NA|NA|875000|3500000|NA|NA|0|cpu 62475 0 66570 1460620 2374 0 3118 0 0 0|795943|48000|3829108|2529668|2895780|276402|207775|238025|4|1.23%|56.88MiB / 3.652GiB
2211.014|2026-07-25T13:24:49.062Z|25|Discharging|7367000|287000|NA|NA|NA|875000|3500000|NA|NA|0|cpu 62504 0 66605 1461739 2375 0 3119 0 0 0|795927|46000|3829108|2536632|2895780|276610|207863|238114|4|1.57%|57.12MiB / 3.652GiB
2214.014|2026-07-25T13:24:52.062Z|25|Discharging|7367000|277000|NA|NA|NA|875000|3500000|NA|NA|0|cpu 62538 0 66648 1462843 2375 0 3123 0 0 0|795943|47000|3829108|2533340|2895780|276618|208011|238271|4|0.61%|56.88MiB / 3.652GiB
2217.013|2026-07-25T13:24:55.101Z|25|Discharging|7367000|277000|NA|NA|NA|875000|3500000|NA|NA|0|cpu 62579 0 66697 1463934 2375 0 3124 0 0 0|795935|47000|3829108|2535888|2895780|276650|208134|238437|4|6.31%|56.88MiB / 3.652GiB
2220.014|2026-07-25T13:24:58.054Z|25|Discharging|7408000|356000|NA|NA|NA|875000|3500000|NA|NA|0|cpu 62641 0 66766 1464981 2375 0 3127 0 0 0|795927|46000|3829108|2514024|2895780|276658|208327|238659|4|1.17%|56.88MiB / 3.652GiB
2223.014|2026-07-25T13:25:01.064Z|25|Discharging|7408000|277000|NA|NA|NA|875000|3500000|NA|NA|0|cpu 62669 0 66802 1466098 2376 0 3128 0 0 0|796025|46000|3829108|2523164|2895780|276762|208425|238757|4|2.73%|56.88MiB / 3.652GiB
2226.014|2026-07-25T13:25:04.073Z|25|Discharging|7367000|316000|NA|NA|NA|875000|3500000|NA|NA|0|cpu 62703 0 66848 1467198 2376 0 3129 0 0 0|795726|46000|3829108|2528488|2895780|277138|208506|238847|4|0.62%|56.88MiB / 3.652GiB
2229.014|2026-07-25T13:25:07.054Z|25|Discharging|7367000|306000|NA|NA|NA|875000|3500000|NA|NA|0|cpu 62770 0 66940 1468210 2377 0 3131 0 0 0|796144|48000|3829108|2532648|2895780|277402|208712|239111|4|2.23%|57.13MiB / 3.652GiB
2232.014|2026-07-25T13:25:10.060Z|25|Discharging|7367000|267000|NA|NA|NA|875000|3500000|NA|NA|0|cpu 62800 0 66975 1469323 2378 0 3134 0 0 0|795927|46000|3829108|2530640|2895780|277458|208817|239222|4|1.21%|56.88MiB / 3.652GiB
2235.014|2026-07-25T13:25:13.081Z|25|Discharging|7367000|316000|NA|NA|NA|875000|3500000|NA|NA|0|cpu 62835 0 67011 1470433 2378 0 3136 0 0 0|795927|46000|3829108|2536700|2895780|277498|208951|239369|4|1.76%|56.94MiB / 3.652GiB
2238.014|2026-07-25T13:25:16.055Z|25|Discharging|7394000|316000|NA|NA|NA|875000|3500000|NA|NA|0|cpu 62873 0 67055 1471532 2378 0 3137 0 0 0|795578|47000|3829108|2529992|2895780|277746|209008|239432|4|7.03%|56.95MiB / 3.652GiB
2241.015|2026-07-25T13:25:19.006Z|25|Discharging|7394000|297000|NA|NA|NA|875000|3500000|NA|NA|0|cpu 62937 0 67140 1472528 2378 0 3140 0 0 0|795789|47000|3829108|2530956|2895780|277986|209259|239749|4|2.22%|56.95MiB / 3.652GiB
2244.014|2026-07-25T13:25:22.061Z|25|Discharging|7408000|277000|NA|NA|NA|875000|3500000|NA|NA|0|cpu 62970 0 67176 1473664 2379 0 3142 0 0 0|795943|46000|3829108|2532980|2895780|278122|209380|239878|4|2.43%|56.95MiB / 3.652GiB
2247.014|2026-07-25T13:25:25.067Z|25|Discharging|7408000|306000|NA|NA|NA|875000|3500000|NA|NA|0|cpu 63006 0 67219 1474767 2379 0 3144 0 0 0|795927|47000|3829108|2531480|2895780|278250|209503|240008|4|0.93%|56.95MiB / 3.652GiB
2250.013|2026-07-25T13:25:28.004Z|25|Discharging|7408000|326000|NA|NA|NA|875000|3500000|NA|NA|0|cpu 63071 0 67284 1475791 2380 0 3146 0 0 0|795943|46000|3829108|2525876|2895780|278642|209675|240214|4|4.19%|57.21MiB / 3.652GiB
2253.014|2026-07-25T13:25:31.058Z|25|Discharging|7394000|386000|NA|NA|NA|875000|3500000|NA|NA|0|cpu 63106 0 67344 1476895 2380 0 3148 0 0 0|795927|48000|3829108|2527292|2895780|278730|209846|240399|4|2.63%|57.2MiB / 3.652GiB
2256.014|2026-07-25T13:25:34.066Z|25|Discharging|7367000|316000|NA|NA|NA|875000|3500000|NA|NA|0|cpu 63140 0 67382 1478001 2380 0 3151 0 0 0|795927|47000|3829108|2521968|2895780|278802|209984|240549|4|0.98%|56.95MiB / 3.652GiB
2259.014|2026-07-25T13:25:37.060Z|25|Discharging|7367000|326000|NA|NA|NA|875000|3500000|NA|NA|0|cpu 63173 0 67424 1479110 2381 0 3152 0 0 0|795927|47000|3829108|2518284|2895780|278914|210046|240615|4|9.44%|56.96MiB / 3.652GiB
2262.014|2026-07-25T13:25:40.057Z|25|Discharging|7367000|316000|NA|NA|NA|875000|3500000|NA|NA|0|cpu 63247 0 67511 1480118 2381 0 3155 0 0 0|795927|47000|3829108|2523048|2895780|278994|210363|241005|4|1.37%|56.96MiB / 3.652GiB
2265.014|2026-07-25T13:25:43.060Z|25|Discharging|7394000|287000|NA|NA|NA|875000|3500000|NA|NA|0|cpu 63277 0 67546 1481235 2381 0 3157 0 0 0|795927|47000|3829108|2529800|2895780|278994|210449|241095|4|3.74%|56.95MiB / 3.652GiB
2268.014|2026-07-25T13:25:46.054Z|25|Discharging|7394000|287000|NA|NA|NA|875000|3500000|NA|NA|0|cpu 63314 0 67587 1482338 2381 0 3159 0 0 0|796834|46000|3829108|2531196|2895780|279050|210542|241196|4|2.76%|56.96MiB / 3.652GiB
2271.014|2026-07-25T13:25:49.067Z|25|Discharging|7380000|297000|NA|NA|NA|875000|3500000|NA|NA|0|cpu 63380 0 67675 1483356 2381 0 3162 0 0 0|795959|47000|3829108|2524516|2895780|279098|210766|241486|4|1.74%|57.2MiB / 3.652GiB
2274.014|2026-07-25T13:25:52.065Z|25|Discharging|7380000|306000|NA|NA|NA|875000|3500000|NA|NA|0|cpu 63417 0 67711 1484466 2382 0 3165 0 0 0|796304|47000|3829108|2522880|2895780|279338|210888|241614|4|1.66%|57.21MiB / 3.652GiB
2277.014|2026-07-25T13:25:55.064Z|25|Discharging|7367000|287000|NA|NA|NA|875000|3500000|NA|NA|0|cpu 63451 0 67749 1485575 2382 0 3168 0 0 0|795919|47000|3829108|2530964|2895780|279346|211019|241752|4|1.24%|56.95MiB / 3.652GiB
2280.014|2026-07-25T13:25:58.055Z|25|Discharging|7367000|277000|NA|NA|NA|875000|3500000|NA|NA|0|cpu 63481 0 67793 1486686 2382 0 3169 0 0 0|795789|46000|3829108|2535132|2895780|279378|211062|241795|4|8.20%|56.96MiB / 3.652GiB
2283.015|2026-07-25T13:26:01.001Z|25|Discharging|7380000|346000|NA|NA|NA|875000|3500000|NA|NA|0|cpu 63546 0 67882 1487683 2382 0 3172 0 0 0|796136|47000|3829108|2532532|2895780|279394|211292|242092|4|2.79%|57.19MiB / 3.652GiB
2286.014|2026-07-25T13:26:04.077Z|25|Discharging|7380000|287000|NA|NA|NA|875000|3500000|NA|NA|0|cpu 63579 0 67919 1488817 2383 0 3174 0 0 0|795927|46000|3829108|2524504|2895780|279490|211400|242207|4|1.51%|56.95MiB / 3.652GiB
2289.015|2026-07-25T13:26:07.056Z|25|Discharging|7394000|306000|NA|NA|NA|875000|3500000|NA|NA|0|cpu 63618 0 67955 1489923 2383 0 3176 0 0 0|796129|46000|3829108|2519424|2895780|279674|211453|242260|4|2.02%|56.96MiB / 3.652GiB
2292.014|2026-07-25T13:26:10.054Z|25|Discharging|7394000|306000|NA|NA|NA|875000|3500000|NA|NA|0|cpu 63651 0 67993 1491033 2384 0 3178 0 0 0|795927|47000|3829108|2522660|2895780|279922|211538|242352|4|0.64%|56.95MiB / 3.652GiB
2295.015|2026-07-25T13:26:13.030Z|25|Discharging|7394000|336000|NA|NA|NA|875000|3500000|NA|NA|0|cpu 63708 0 68068 1492055 2384 0 3178 0 0 0|795927|47000|3829108|2528016|2895780|279930|211697|242558|4|3.88%|56.98MiB / 3.652GiB
2298.015|2026-07-25T13:26:16.065Z|25|Discharging|7394000|306000|NA|NA|NA|875000|3500000|NA|NA|0|cpu 63750 0 68120 1493165 2384 0 3181 0 0 0|795935|46000|3829108|2525756|2895780|280026|211874|242758|4|1.81%|56.96MiB / 3.652GiB
2301.015|2026-07-25T13:26:19.056Z|25|Discharging|7367000|306000|NA|NA|NA|875000|3500000|NA|NA|0|cpu 63787 0 68158 1494269 2384 0 3184 0 0 0|795927|46000|3829108|2528304|2895780|280242|211990|242858|4|3.17%|56.95MiB / 3.652GiB
2304.015|2026-07-25T13:26:22.058Z|25|Discharging|7367000|346000|NA|NA|NA|875000|3500000|NA|NA|0|cpu 63820 0 68196 1495379 2387 0 3186 0 0 0|796260|46000|3829108|2528412|2895780|280770|212067|242935|4|3.48%|56.96MiB / 3.652GiB
2307.015|2026-07-25T13:26:25.003Z|25|Discharging|7367000|287000|NA|NA|NA|875000|3500000|NA|NA|0|cpu 63885 0 68285 1496377 2387 0 3188 0 0 0|796649|46000|3829108|2534808|2895780|280778|212284|243205|4|1.58%|56.96MiB / 3.652GiB
2310.015|2026-07-25T13:26:28.057Z|25|Discharging|7408000|287000|NA|NA|NA|875000|3500000|NA|NA|0|cpu 63921 0 68321 1497507 2387 0 3191 0 0 0|795827|47000|3829108|2530100|2895780|280874|212399|243330|4|1.28%|56.95MiB / 3.652GiB
2313.014|2026-07-25T13:26:31.067Z|25|Discharging|7408000|336000|NA|NA|NA|875000|3500000|NA|NA|0|cpu 63952 0 68358 1498618 2388 0 3194 0 0 0|795927|47000|3829108|2535380|2895780|281210|212530|243453|4|2.59%|56.95MiB / 3.652GiB
2316.014|2026-07-25T13:26:34.063Z|25|Discharging|7408000|297000|NA|NA|NA|875000|3500000|NA|NA|0|cpu 63989 0 68395 1499727 2388 0 3195 0 0 0|795927|47000|3829108|2520684|2895780|281450|212591|243520|4|5.03%|56.97MiB / 3.652GiB
2319.015|2026-07-25T13:26:37.002Z|25|Discharging|7408000|316000|NA|NA|NA|875000|3500000|NA|NA|0|cpu 64057 0 68489 1500714 2388 0 3199 0 0 0|795943|47000|3829108|2525976|2895780|281458|212858|243846|4|2.31%|56.96MiB / 3.652GiB
2322.014|2026-07-25T13:26:40.059Z|25|Discharging|7367000|297000|NA|NA|NA|875000|3500000|NA|NA|0|cpu 64089 0 68527 1501845 2389 0 3201 0 0 0|796204|47000|3829108|2527384|2895780|281778|212998|244009|4|1.74%|57.2MiB / 3.652GiB
2325.014|2026-07-25T13:26:43.055Z|25|Discharging|7367000|277000|NA|NA|NA|875000|3500000|NA|NA|0|cpu 64120 0 68569 1502956 2389 0 3203 0 0 0|795927|47000|3829108|2529240|2895780|281786|213109|244130|4|0.92%|57.2MiB / 3.652GiB
2328.014|2026-07-25T13:26:46.026Z|25|Discharging|7380000|306000|NA|NA|NA|875000|3500000|NA|NA|0|cpu 64186 0 68641 1503971 2390 0 3206 0 0 0|795927|47000|3829108|2534640|2895780|281842|213316|244357|4|2.50%|56.96MiB / 3.652GiB
2331.014|2026-07-25T13:26:49.054Z|25|Discharging|7380000|297000|NA|NA|NA|875000|3500000|NA|NA|0|cpu 64225 0 68699 1505074 2390 0 3209 0 0 0|795927|47000|3829108|2522068|2895780|281890|213485|244551|4|2.29%|56.95MiB / 3.652GiB
2334.014|2026-07-25T13:26:52.052Z|25|Discharging|7408000|316000|NA|NA|NA|875000|3500000|NA|NA|0|cpu 64258 0 68742 1506179 2390 0 3212 0 0 0|796380|47000|3829108|2522908|2895780|282282|213640|244706|4|0.62%|56.95MiB / 3.652GiB
2337.014|2026-07-25T13:26:55.029Z|25|Discharging|7408000|287000|NA|NA|NA|875000|3500000|NA|NA|0|cpu 64313 0 68798 1507224 2390 0 3213 0 0 0|795927|48000|3829108|2532088|2895780|282290|213767|244874|4|8.20%|56.97MiB / 3.652GiB
2340.014|2026-07-25T13:26:58.069Z|25|Discharging|7408000|376000|NA|NA|NA|875000|3500000|NA|NA|0|cpu 64368 0 68866 1508298 2390 0 3218 0 0 0|795951|47000|3829108|2519276|2895780|282330|214072|245219|4|0.61%|56.95MiB / 3.652GiB
2343.014|2026-07-25T13:27:01.056Z|25|Discharging|7394000|326000|NA|NA|NA|875000|3500000|NA|NA|0|cpu 64398 0 68906 1509413 2390 0 3219 0 0 0|795927|47000|3829108|2530560|2895780|282338|214123|245273|4|8.48%|56.96MiB / 3.652GiB
2346.016|2026-07-25T13:27:04.071Z|25|Discharging|7380000|336000|NA|NA|NA|875000|3500000|NA|NA|0|cpu 64464 0 68995 1510429 2391 0 3222 0 0 0|795927|47000|3829108|2522256|2895780|282546|214395|245615|4|1.23%|56.96MiB / 3.652GiB
2349.014|2026-07-25T13:27:07.056Z|25|Discharging|7380000|257000|NA|NA|NA|875000|3500000|NA|NA|0|cpu 64496 0 69032 1511539 2391 0 3223 0 0 0|795729|47000|3829108|2526988|2895780|282554|214495|245720|4|2.51%|57.19MiB / 3.652GiB
2352.014|2026-07-25T13:27:10.065Z|25|Discharging|7380000|326000|NA|NA|NA|875000|3500000|NA|NA|0|cpu 64531 0 69073 1512642 2391 0 3226 0 0 0|796042|47000|3829108|2530572|2895780|282770|214625|245860|4|0.61%|56.95MiB / 3.652GiB
2355.014|2026-07-25T13:27:13.025Z|25|Discharging|7394000|277000|NA|NA|NA|875000|3500000|NA|NA|0|cpu 64588 0 69140 1513680 2391 0 3228 0 0 0|795927|48000|3829108|2530752|2895780|282778|214753|246031|4|4.52%|57.2MiB / 3.652GiB
2358.014|2026-07-25T13:27:16.057Z|25|Discharging|7394000|376000|NA|NA|NA|875000|3500000|NA|NA|0|cpu 64633 0 69203 1514771 2391 0 3231 0 0 0|796281|47000|3829108|2524836|2895780|282986|214927|246228|4|1.79%|57.2MiB / 3.652GiB
2361.014|2026-07-25T13:27:19.055Z|25|Discharging|7380000|316000|NA|NA|NA|875000|3500000|NA|NA|0|cpu 64664 0 69242 1515881 2391 0 3233 0 0 0|795927|47000|3829108|2527264|2895780|283002|215040|246347|4|1.55%|57.2MiB / 3.652GiB
2364.015|2026-07-25T13:27:22.062Z|25|Discharging|7380000|257000|NA|NA|NA|875000|3500000|NA|NA|0|cpu 64695 0 69281 1516993 2392 0 3234 0 0 0|795927|47000|3829108|2529920|2895780|283178|215129|246437|4|0.57%|56.95MiB / 3.652GiB
2367.015|2026-07-25T13:27:25.032Z|25|Discharging|7380000|336000|NA|NA|NA|875000|3500000|NA|NA|0|cpu 64755 0 69347 1518020 2392 0 3235 0 0 0|795927|47000|3829108|2527544|2895780|283186|215251|246610|4|3.84%|56.96MiB / 3.652GiB
2370.014|2026-07-25T13:27:28.058Z|25|Discharging|7380000|297000|NA|NA|NA|875000|3500000|NA|NA|0|cpu 64797 0 69402 1519126 2393 0 3238 0 0 0|795927|47000|3829108|2526060|2895780|283234|215427|246799|4|1.41%|56.96MiB / 3.652GiB
2373.014|2026-07-25T13:27:31.060Z|25|Discharging|7380000|267000|NA|NA|NA|875000|3500000|NA|NA|0|cpu 64828 0 69441 1520238 2393 0 3240 0 0 0|796911|46000|3829108|2529120|2895780|283250|215528|246901|4|4.12%|56.95MiB / 3.652GiB
2376.014|2026-07-25T13:27:34.054Z|25|Discharging|7380000|316000|NA|NA|NA|875000|3500000|NA|NA|0|cpu 64862 0 69481 1521343 2394 0 3241 0 0 0|795927|46000|3829108|2524020|2895780|283634|215641|247013|4|0.62%|56.95MiB / 3.652GiB
2379.014|2026-07-25T13:27:37.059Z|25|Discharging|7408000|356000|NA|NA|NA|875000|3500000|NA|NA|0|cpu 64936 0 69573 1522347 2394 0 3244 0 0 0|796484|48000|3829108|2532256|2895780|283754|215945|247392|4|4.76%|56.95MiB / 3.652GiB
2382.014|2026-07-25T13:27:40.057Z|25|Discharging|7408000|326000|NA|NA|NA|875000|3500000|NA|NA|0|cpu 64969 0 69616 1523452 2394 0 3245 0 0 0|796301|47000|3829108|2523492|2895780|283762|216090|247549|4|5.91%|56.97MiB / 3.652GiB
2385.016|2026-07-25T13:27:43.003Z|25|Discharging|7408000|356000|NA|NA|NA|875000|3500000|NA|NA|0|cpu 65035 0 69704 1524448 2395 0 3247 0 0 0|795919|47000|3829108|2513116|2895780|283866|216337|247872|4|3.43%|57.21MiB / 3.652GiB
2388.014|2026-07-25T13:27:46.078Z|25|Discharging|7353000|277000|NA|NA|NA|875000|3500000|NA|NA|0|cpu 65070 0 69739 1525582 2395 0 3250 0 0 0|795927|48000|3829108|2527656|2895780|284082|216479|248033|4|1.59%|56.97MiB / 3.652GiB
2391.014|2026-07-25T13:27:49.052Z|25|Discharging|7353000|306000|NA|NA|NA|875000|3500000|NA|NA|0|cpu 65109 0 69781 1526681 2395 0 3252 0 0 0|795951|46000|3829108|2527900|2895780|284098|216591|248152|4|0.95%|56.97MiB / 3.652GiB
2394.015|2026-07-25T13:27:52.071Z|25|Discharging|7367000|287000|NA|NA|NA|875000|3500000|NA|NA|0|cpu 65138 0 69820 1527795 2396 0 3253 0 0 0|795943|47000|3829108|2522840|2895780|284202|216632|248213|4|5.56%|56.98MiB / 3.652GiB
2397.014|2026-07-25T13:27:55.062Z|25|Discharging|7367000|386000|NA|NA|NA|875000|3500000|NA|NA|0|cpu 65202 0 69906 1528817 2396 0 3256 0 0 0|796336|47000|3829108|2520084|2895780|284594|216905|248505|4|2.77%|56.97MiB / 3.652GiB
