0.014|2026-07-25T12:47:57.204Z|99|Discharging|8598000|NA|1565000|37840000|38000000|NA|NA|NA|NA|0|cpu 288671 336 169194 11313190 2907 0 3548 0 0 0|795927|41000|3822904|3111736|1729498|799610|15329376|28506643|3|NA|NA
3.014|2026-07-25T12:48:00.206Z|99|Discharging|8606000|NA|1520000|37840000|38000000|NA|NA|NA|NA|0|cpu 288708 336 169237 11314295 2907 0 3548 0 0 0|795927|40000|3822904|3113212|1729498|800434|15330532|28509045|3|NA|NA
6.013|2026-07-25T12:48:03.188Z|99|Discharging|8592000|NA|1527000|37840000|38000000|NA|NA|NA|NA|0|cpu 288760 336 169291 11315358 2908 0 3550 0 0 0|795747|41000|3822904|3097864|1729498|800530|15334420|28519509|3|NA|NA
9.014|2026-07-25T12:48:06.230Z|99|Discharging|8600000|NA|1542000|37840000|38000000|NA|NA|NA|NA|0|cpu 288818 336 169348 11316422 2909 0 3551 0 0 0|795560|40000|3822904|3101908|1729498|800650|15336836|28525217|3|NA|NA
12.014|2026-07-25T12:48:09.216Z|99|Discharging|8604000|NA|1542000|37840000|38000000|NA|NA|NA|NA|0|cpu 288874 336 169415 11317481 2909 0 3551 0 0 0|795911|39000|3822904|3107696|1729498|800722|15339672|28529713|3|NA|NA
15.015|2026-07-25T12:48:12.211Z|99|Discharging|8594000|NA|1520000|37840000|38000000|NA|NA|NA|NA|0|cpu 288922 336 169462 11318572 2909 0 3551 0 0 0|796684|41000|3822904|3111128|1729498|800842|15341246|28532573|3|NA|NA
18.014|2026-07-25T12:48:15.204Z|99|Discharging|8606000|NA|1520000|37840000|38000000|NA|NA|NA|NA|0|cpu 288965 336 169509 11319666 2909 0 3552 0 0 0|795935|39000|3822904|3101072|1729498|800898|15343066|28535971|3|NA|NA
21.014|2026-07-25T12:48:18.200Z|99|Discharging|8598000|NA|1520000|37840000|38000000|NA|NA|NA|NA|0|cpu 289041 336 169577 11320695 2909 0 3552 0 0 0|795927|39000|3822904|3094736|1729498|800962|15347386|28547275|3|NA|NA
24.015|2026-07-25T12:48:21.205Z|99|Discharging|8602000|NA|1520000|37840000|38000000|NA|NA|NA|NA|0|cpu 289130 336 169655 11321706 2909 0 3553 0 0 0|795878|40000|3822904|3107764|1729498|800970|15350900|28552353|3|NA|NA
27.014|2026-07-25T12:48:24.198Z|99|Discharging|8606000|NA|1527000|37840000|38000000|NA|NA|NA|NA|0|cpu 289182 336 169704 11322784 2909 0 3553 0 0 0|795919|39000|3822904|3096688|1729498|800986|15352555|28555293|3|NA|NA
30.014|2026-07-25T12:48:27.181Z|99|Discharging|8604000|NA|1520000|37840000|38000000|NA|NA|NA|NA|0|cpu 289234 336 169750 11323863 2910 0 3554 0 0 0|795927|40000|3822904|3110692|1729498|801210|15353165|28556627|3|NA|NA
33.014|2026-07-25T12:48:30.207Z|99|Discharging|8606000|NA|1520000|37840000|38000000|NA|NA|NA|NA|0|cpu 289269 336 169793 11324972 2911 0 3554 0 0 0|795919|39000|3822904|3098624|1729498|801314|15355525|28560609|3|NA|NA
36.015|2026-07-25T12:48:33.204Z|99|Discharging|8584000|NA|1520000|37840000|38000000|NA|NA|NA|NA|0|cpu 289322 336 169844 11326048 2911 0 3555 0 0 0|795927|40000|3822904|3105328|1729498|801346|15357035|28566143|3|NA|NA
39.014|2026-07-25T12:48:36.203Z|99|Discharging|8594000|NA|1520000|37840000|38000000|NA|NA|NA|NA|0|cpu 289379 336 169911 11327099 2911 0 3555 0 0 0|795885|39000|3822904|3112232|1729498|801466|15360371|28572659|3|NA|NA
42.015|2026-07-25T12:48:39.202Z|99|Discharging|8596000|NA|1520000|37840000|38000000|NA|NA|NA|NA|0|cpu 289432 336 169968 11328170 2911 0 3556 0 0 0|795927|39000|3822904|3109920|1729498|801530|15362273|28575887|3|NA|NA
45.014|2026-07-25T12:48:42.208Z|99|Discharging|8604000|NA|1520000|37840000|38000000|NA|NA|NA|NA|0|cpu 289466 336 170011 11329278 2911 0 3556 0 0 0|796414|39000|3822904|3106248|1729498|801546|15363249|28577673|3|NA|NA
48.014|2026-07-25T12:48:45.220Z|99|Discharging|8596000|NA|1520000|37840000|38000000|NA|NA|NA|NA|0|cpu 289522 336 170067 11330340 2912 0 3557 0 0 0|796281|39000|3822904|3107576|1729498|801706|15366447|28584549|3|NA|NA
51.015|2026-07-25T12:48:48.203Z|99|Discharging|8598000|NA|1520000|37840000|38000000|NA|NA|NA|NA|0|cpu 289672 336 170165 11331266 2913 0 3559 0 0 0|795927|39000|3822904|3113512|1729498|802018|15377440|28602394|3|NA|NA
54.015|2026-07-25T12:48:51.197Z|99|Discharging|8586000|NA|1603000|37840000|38000000|NA|NA|NA|NA|0|cpu 289758 336 170231 11332289 2913 0 3560 0 0 0|796066|41000|3822904|3101648|1729498|802178|15380768|28607994|3|NA|NA
57.014|2026-07-25T12:48:54.207Z|99|Discharging|8598000|NA|1573000|37840000|38000000|NA|NA|NA|NA|0|cpu 289808 336 170278 11333370 2915 0 3561 0 0 0|795927|39000|3822904|3098220|1729498|802602|15381139|28608528|3|NA|NA
60.015|2026-07-25T12:48:57.279Z|99|Discharging|8596000|NA|1573000|37840000|38000000|NA|NA|NA|NA|0|cpu 289851 336 170328 11334448 2915 0 3562 0 0 0|795935|40000|3822904|3102552|1729498|802738|15386425|28622300|3|NA|NA
63.014|2026-07-25T12:49:00.216Z|99|Discharging|8592000|NA|1573000|37840000|38000000|NA|NA|NA|NA|0|cpu 290029 336 170444 11335320 2915 0 3563 0 0 0|796215|40000|3822904|3091172|1729498|802834|15390893|28628814|3|NA|NA
66.014|2026-07-25T12:49:03.229Z|99|Discharging|8582000|NA|1687000|37840000|38000000|NA|NA|NA|NA|0|cpu 290075 336 170491 11336411 2916 0 3564 0 0 0|795927|40000|3822904|3105200|1729498|802946|15393329|28633100|3|NA|NA
69.014|2026-07-25T12:49:06.197Z|99|Discharging|8604000|NA|1618000|37840000|38000000|NA|NA|NA|NA|0|cpu 290125 336 170536 11337499 2916 0 3564 0 0 0|795568|39000|3822904|3107092|1729498|803002|15393329|28633100|3|NA|NA
72.014|2026-07-25T12:49:09.184Z|99|Discharging|8590000|NA|1618000|37840000|38000000|NA|NA|NA|NA|0|cpu 290175 336 170589 11338570 2916 0 3565 0 0 0|796149|39000|3822904|3103048|1729498|803066|15397485|28643062|3|NA|NA
75.015|2026-07-25T12:49:12.217Z|99|Discharging|8604000|NA|1527000|37840000|38000000|NA|NA|NA|NA|0|cpu 290210 336 170633 11339675 2916 0 3566 0 0 0|795581|40000|3822904|3096040|1729498|803106|15399645|28647970|3|NA|NA
78.014|2026-07-25T12:49:15.198Z|99|Discharging|8600000|NA|1550000|37840000|38000000|NA|NA|NA|NA|0|cpu 290293 336 170717 11340677 2916 0 3566 0 0 0|795927|41000|3822904|3114376|1729498|803114|15403369|28653644|3|NA|NA
81.014|2026-07-25T12:49:18.201Z|99|Discharging|8604000|NA|1550000|37840000|38000000|NA|NA|NA|NA|0|cpu 290344 336 170763 11341760 2917 0 3567 0 0 0|795927|40000|3822904|3105844|1729498|803314|15404892|28656760|3|NA|NA
84.014|2026-07-25T12:49:21.228Z|99|Discharging|8586000|NA|1550000|37840000|38000000|NA|NA|NA|NA|0|cpu 290389 336 170809 11342851 2917 0 3567 0 0 0|795927|40000|3822904|3109756|1729498|803330|15405724|28658024|3|NA|NA
87.015|2026-07-25T12:49:24.213Z|99|Discharging|8598000|NA|1520000|37840000|38000000|NA|NA|NA|NA|0|cpu 290478 336 170872 11343877 2917 0 3568 0 0 0|795927|39000|3822904|3105356|1729498|803458|15407056|28660536|3|NA|NA
90.014|2026-07-25T12:49:27.193Z|99|Discharging|8594000|NA|1527000|37840000|38000000|NA|NA|NA|NA|0|cpu 290520 336 170919 11344971 2917 0 3569 0 0 0|795919|39000|3822904|3106324|1729498|803522|15409494|28667508|3|NA|NA
93.015|2026-07-25T12:49:30.203Z|99|Discharging|8580000|NA|1527000|37840000|38000000|NA|NA|NA|NA|0|cpu 290591 336 170992 11345986 2918 0 3570 0 0 0|795927|40000|3822904|3106656|1729498|803586|15413138|28674212|3|NA|NA
96.015|2026-07-25T12:49:33.197Z|99|Discharging|8600000|NA|1550000|37840000|38000000|NA|NA|NA|NA|0|cpu 290628 336 171045 11347086 2918 0 3571 0 0 0|795927|39000|3822904|3109072|1729498|803626|15415844|28678862|3|NA|NA
99.015|2026-07-25T12:49:36.208Z|99|Discharging|8590000|NA|1520000|37840000|38000000|NA|NA|NA|NA|0|cpu 290681 336 171097 11348159 2918 0 3572 0 0 0|795927|39000|3822904|3096488|1729498|803634|15418262|28683810|3|NA|NA
102.015|2026-07-25T12:49:39.226Z|99|Discharging|8586000|NA|1550000|37840000|38000000|NA|NA|NA|NA|0|cpu 290738 336 171149 11349229 2918 0 3572 0 0 0|795927|40000|3822904|3103612|1729498|803794|15422170|28693500|3|NA|NA
105.014|2026-07-25T12:49:42.198Z|99|Discharging|8592000|NA|1550000|37840000|38000000|NA|NA|NA|NA|0|cpu 290793 336 171224 11350275 2918 0 3574 0 0 0|795927|40000|3822904|3085952|1729498|803802|15426564|28701034|3|NA|NA
108.014|2026-07-25T12:49:45.205Z|99|Discharging|8600000|NA|1565000|37840000|38000000|NA|NA|NA|NA|0|cpu 290845 336 171272 11351357 2918 0 3574 0 0 0|795927|39000|3822904|3098340|1729498|803914|15427324|28702618|3|NA|NA
111.015|2026-07-25T12:49:48.237Z|99|Discharging|8600000|NA|1527000|37840000|38000000|NA|NA|NA|NA|0|cpu 290883 336 171313 11352457 2918 0 3575 0 0 0|795633|41000|3822904|3106672|1729498|803970|15429944|28707368|3|NA|NA
114.015|2026-07-25T12:49:51.201Z|99|Discharging|8576000|NA|1565000|37840000|38000000|NA|NA|NA|NA|0|cpu 290940 336 171370 11353523 2919 0 3576 0 0 0|795927|39000|3822904|3114524|1729498|804034|15433712|28717372|3|NA|NA
117.016|2026-07-25T12:49:54.238Z|99|Discharging|8598000|NA|1596000|37840000|38000000|NA|NA|NA|NA|0|cpu 291050 336 171461 11354495 2919 0 3577 0 0 0|795927|39000|3822904|3097608|1729498|804058|15437338|28723152|3|NA|NA
120.014|2026-07-25T12:49:57.199Z|99|Discharging|8602000|NA|1596000|37840000|38000000|NA|NA|NA|NA|0|cpu 291104 336 171510 11355571 2920 0 3578 0 0 0|795550|39000|3822904|3092264|1729498|804194|15438879|28726282|3|NA|NA
123.014|2026-07-25T12:50:00.199Z|99|Discharging|8596000|NA|1527000|37840000|38000000|NA|NA|NA|NA|0|cpu 291161 336 171558 11356655 2920 0 3578 0 0 0|796317|40000|3822904|3109472|1729498|804290|15439981|28729162|3|NA|NA
126.015|2026-07-25T12:50:03.182Z|99|Discharging|8598000|NA|1550000|37840000|38000000|NA|NA|NA|NA|0|cpu 291196 336 171603 11357752 2921 0 3579 0 0 0|795927|40000|3822904|3102760|1729498|804410|15442631|28736560|3|NA|NA
129.014|2026-07-25T12:50:06.230Z|99|Discharging|8600000|NA|1550000|37840000|38000000|NA|NA|NA|NA|0|cpu 291263 336 171668 11358806 2921 0 3579 0 0 0|795919|41000|3822904|3104368|1729498|804426|15445113|28741840|3|NA|NA
132.014|2026-07-25T12:50:09.212Z|99|Discharging|8600000|NA|1520000|37840000|38000000|NA|NA|NA|NA|0|cpu 291326 336 171744 11359838 2921 0 3580 0 0 0|795927|40000|3822904|3108756|1729498|804538|15449593|28748612|3|NA|NA
135.015|2026-07-25T12:50:12.196Z|99|Discharging|8596000|NA|1573000|37840000|38000000|NA|NA|NA|NA|0|cpu 291363 336 171784 11360947 2921 0 3580 0 0 0|796306|40000|3822904|3104912|1729498|804586|15450275|28750032|3|NA|NA
138.014|2026-07-25T12:50:15.198Z|99|Discharging|8596000|NA|1520000|37840000|38000000|NA|NA|NA|NA|0|cpu 291416 336 171842 11362009 2922 0 3581 0 0 0|795181|40000|3822904|3100840|1729498|804706|15454829|28761274|3|NA|NA
141.015|2026-07-25T12:50:18.204Z|99|Discharging|8596000|NA|1520000|37840000|38000000|NA|NA|NA|NA|0|cpu 291467 336 171898 11363079 2922 0 3581 0 0 0|795927|40000|3822904|3104284|1729498|804762|15457254|28767050|3|NA|NA
144.014|2026-07-25T12:50:21.207Z|99|Discharging|8600000|NA|1520000|37840000|38000000|NA|NA|NA|NA|0|cpu 291525 336 171961 11364137 2922 0 3582 0 0 0|795927|39000|3822904|3107360|1729498|804826|15460262|28771318|3|NA|NA
147.014|2026-07-25T12:50:24.198Z|99|Discharging|8600000|NA|1527000|37840000|38000000|NA|NA|NA|NA|0|cpu 291615 336 172021 11365167 2922 0 3583 0 0 0|795927|40000|3822904|3108880|1729498|804842|15462458|28775302|3|NA|NA
150.015|2026-07-25T12:50:27.191Z|99|Discharging|8600000|NA|1527000|37840000|38000000|NA|NA|NA|NA|0|cpu 291666 336 172073 11366242 2922 0 3583 0 0 0|795754|39000|3822904|3102292|1729498|804866|15463400|28776786|3|NA|NA
153.015|2026-07-25T12:50:30.194Z|99|Discharging|8586000|NA|1565000|37840000|38000000|NA|NA|NA|NA|0|cpu 291718 336 172125 11367316 2923 0 3584 0 0 0|795927|39000|3822904|3105388|1729498|805058|15466498|28785564|3|NA|NA
156.015|2026-07-25T12:50:33.214Z|99|Discharging|8594000|NA|1527000|37840000|38000000|NA|NA|NA|NA|0|cpu 291781 336 172188 11368368 2923 0 3584 0 0 0|796661|39000|3822904|3108092|1729498|805074|15470314|28792582|3|NA|NA
159.014|2026-07-25T12:50:36.196Z|99|Discharging|8600000|NA|1520000|37840000|38000000|NA|NA|NA|NA|0|cpu 291840 336 172254 11369429 2923 0 3585 0 0 0|795927|40000|3822904|3093232|1729498|805178|15474826|28799044|3|NA|NA
162.014|2026-07-25T12:50:39.230Z|99|Discharging|8598000|NA|1573000|37840000|38000000|NA|NA|NA|NA|0|cpu 291874 336 172288 11370547 2923 0 3585 0 0 0|795919|39000|3822904|3097460|1729498|805226|15474940|28799232|3|NA|NA
165.015|2026-07-25T12:50:42.191Z|99|Discharging|8598000|NA|1573000|37840000|38000000|NA|NA|NA|NA|0|cpu 291923 336 172342 11371612 2924 0 3587 0 0 0|795927|41000|3822904|3104532|1729498|805290|15479042|28809130|3|NA|NA
168.014|2026-07-25T12:50:45.227Z|99|Discharging|8580000|NA|1520000|37840000|38000000|NA|NA|NA|NA|0|cpu 291985 336 172414 11372649 2924 0 3588 0 0 0|795927|40000|3822904|3103164|1729498|805346|15483724|28817758|3|NA|NA
171.015|2026-07-25T12:50:48.201Z|99|Discharging|8596000|NA|1573000|37840000|38000000|NA|NA|NA|NA|0|cpu 292044 336 172473 11373720 2924 0 3589 0 0 0|795577|39000|3822904|3094004|1729498|805346|15485932|28821238|3|NA|NA
174.014|2026-07-25T12:50:51.199Z|99|Discharging|8598000|NA|1603000|37840000|38000000|NA|NA|NA|NA|0|cpu 292092 336 172520 11374809 2924 0 3590 0 0 0|795189|40000|3822904|3108916|1729498|805514|15486674|28822622|3|NA|NA
177.015|2026-07-25T12:50:54.211Z|99|Discharging|8598000|NA|1603000|37840000|38000000|NA|NA|NA|NA|0|cpu 292177 336 172577 11375844 2924 0 3590 0 0 0|795289|40000|3822904|3108712|1729498|805530|15488638|28826240|3|NA|NA
180.014|2026-07-25T12:50:57.190Z|99|Discharging|8582000|NA|1527000|37840000|38000000|NA|NA|NA|NA|0|cpu 292325 336 172666 11376769 2926 0 3592 0 0 0|795919|41000|3822904|3099156|1729498|806034|15498439|28844557|3|NA|NA
183.014|2026-07-25T12:51:00.201Z|99|Discharging|8594000|NA|1702000|37840000|38000000|NA|NA|NA|NA|0|cpu 292384 336 172735 11377822 2928 0 3593 0 0 0|796355|41000|3822904|3107560|1729498|806522|15503526|28851987|3|NA|NA
186.014|2026-07-25T12:51:03.206Z|99|Discharging|8588000|NA|1702000|37840000|38000000|NA|NA|NA|NA|0|cpu 292416 336 172771 11378938 2928 0 3593 0 0 0|795927|39000|3822904|3110796|1729498|806634|15503792|28852175|3|NA|NA
189.014|2026-07-25T12:51:06.185Z|99|Discharging|8586000|NA|1702000|37840000|38000000|NA|NA|NA|NA|0|cpu 292476 336 172828 11379995 2929 0 3594 0 0 0|795927|39000|3822904|3107152|1729498|806754|15507644|28859903|3|NA|NA
192.015|2026-07-25T12:51:09.197Z|99|Discharging|8590000|NA|1626000|37840000|38000000|NA|NA|NA|NA|0|cpu 292509 336 172869 11381110 2929 0 3595 0 0 0|795919|40000|3822904|3112316|1729498|806818|15509201|28867251|3|NA|NA
195.014|2026-07-25T12:51:12.186Z|99|Discharging|8596000|NA|1527000|37840000|38000000|NA|NA|NA|NA|0|cpu 292585 336 172948 11382117 2929 0 3596 0 0 0|795919|40000|3822904|3106196|1729498|806874|15514291|28875871|3|NA|NA
198.015|2026-07-25T12:51:15.204Z|99|Discharging|8598000|NA|1580000|37840000|38000000|NA|NA|NA|NA|0|cpu 292622 336 172994 11383219 2929 0 3597 0 0 0|795935|39000|3822904|3098164|1729498|806882|15516617|28879767|3|NA|NA
201.014|2026-07-25T12:51:18.197Z|99|Discharging|8598000|NA|1580000|37840000|38000000|NA|NA|NA|NA|0|cpu 292674 336 173046 11384297 2929 0 3597 0 0 0|795927|39000|3822904|3095776|1729498|806914|15518763|28883687|3|NA|NA
204.014|2026-07-25T12:51:21.196Z|99|Discharging|8584000|NA|1520000|37840000|38000000|NA|NA|NA|NA|0|cpu 292724 336 173097 11385375 2930 0 3598 0 0 0|795246|39000|3822904|3112072|1729498|807074|15520481|28889823|3|NA|NA
207.014|2026-07-25T12:51:24.186Z|99|Discharging|8568000|NA|1520000|37840000|38000000|NA|NA|NA|NA|0|cpu 292833 336 173179 11386354 2930 0 3598 0 0 0|795927|40000|3822904|3103128|1729498|807090|15523729|28896525|3|NA|NA
210.015|2026-07-25T12:51:27.190Z|99|Discharging|8594000|NA|1520000|37840000|38000000|NA|NA|NA|NA|0|cpu 292887 336 173247 11387410 2930 0 3599 0 0 0|795927|39000|3822904|3099500|1729498|807202|15527233|28902207|3|NA|NA
213.014|2026-07-25T12:51:30.236Z|99|Discharging|8588000|NA|1596000|37840000|38000000|NA|NA|NA|NA|0|cpu 292925 336 173287 11388522 2930 0 3599 0 0 0|795169|39000|3822904|3097672|1729498|807282|15529519|28906233|3|NA|NA
216.014|2026-07-25T12:51:33.198Z|99|Discharging|8592000|NA|1520000|37840000|38000000|NA|NA|NA|NA|0|cpu 292977 336 173337 11389602 2931 0 3600 0 0 0|795927|40000|3822904|3110752|1729498|807346|15533237|28915659|3|NA|NA
219.014|2026-07-25T12:51:36.184Z|99|Discharging|8566000|NA|1520000|37840000|38000000|NA|NA|NA|NA|0|cpu 293041 336 173414 11390618 2931 0 3601 0 0 0|795927|40000|3822904|3105500|1729498|807386|15538669|28925353|3|NA|NA
222.015|2026-07-25T12:51:39.205Z|99|Discharging|8596000|NA|1641000|37840000|38000000|NA|NA|NA|NA|0|cpu 293091 336 173464 11391708 2931 0 3602 0 0 0|795202|40000|3822904|3105716|1729498|807394|15539495|28927031|3|NA|NA
225.014|2026-07-25T12:51:42.203Z|99|Discharging|8586000|NA|1641000|37840000|38000000|NA|NA|NA|NA|0|cpu 293142 336 173516 11392786 2931 0 3603 0 0 0|795985|39000|3822904|3101404|1729498|807570|15542171|28931773|3|NA|NA
228.015|2026-07-25T12:51:45.199Z|99|Discharging|8590000|NA|1527000|37840000|38000000|NA|NA|NA|NA|0|cpu 293176 336 173569 11393878 2931 0 3603 0 0 0|796396|39000|3822904|3110220|1729498|807594|15545311|28940815|3|NA|NA
231.014|2026-07-25T12:51:48.209Z|99|Discharging|8596000|NA|1603000|37840000|38000000|NA|NA|NA|NA|0|cpu 293257 336 173647 11394892 2932 0 3603 0 0 0|795935|39000|3822904|3104608|1729498|807730|15548335|28945911|3|NA|NA
234.014|2026-07-25T12:51:51.195Z|99|Discharging|8596000|NA|1626000|37840000|38000000|NA|NA|NA|NA|0|cpu 293309 336 173699 11395969 2932 0 3604 0 0 0|795927|39000|3822904|3113176|1729498|807818|15550525|28949487|3|NA|NA
237.014|2026-07-25T12:51:54.221Z|99|Discharging|8590000|NA|1626000|37840000|38000000|NA|NA|NA|NA|0|cpu 293356 336 173750 11397053 2932 0 3604 0 0 0|795959|41000|3822904|3106100|1729498|807914|15553307|28954449|3|NA|NA
240.015|2026-07-25T12:51:57.203Z|99|Discharging|8588000|NA|1520000|37840000|38000000|NA|NA|NA|NA|0|cpu 293479 336 173851 11397998 2932 0 3606 0 0 0|795548|41000|3822904|3097672|1729498|807938|15561761|28971621|3|NA|NA
243.014|2026-07-25T12:52:00.203Z|99|Discharging|8596000|NA|1679000|37840000|38000000|NA|NA|NA|NA|0|cpu 293516 336 173889 11399110 2933 0 3606 0 0 0|795572|39000|3822904|3112676|1729498|808066|15562001|28971973|3|NA|NA
246.014|2026-07-25T12:52:03.187Z|99|Discharging|8596000|NA|1679000|37840000|38000000|NA|NA|NA|NA|0|cpu 293570 336 173943 11400173 2933 0 3606 0 0 0|796009|39000|3822904|3102852|1729498|808138|15567805|28985733|3|NA|NA
249.015|2026-07-25T12:52:06.197Z|99|Discharging|8586000|NA|1580000|37840000|38000000|NA|NA|NA|NA|0|cpu 293633 336 174024 11401206 2933 0 3608 0 0 0|795927|40000|3822904|3103276|1729498|808154|15573569|28994617|3|NA|NA
252.014|2026-07-25T12:52:09.207Z|99|Discharging|8594000|NA|1618000|37840000|38000000|NA|NA|NA|NA|0|cpu 293682 336 174073 11402290 2933 0 3608 0 0 0|795927|39000|3822904|3113480|1729498|808306|15575245|28997163|3|NA|NA
255.015|2026-07-25T12:52:12.192Z|99|Discharging|8594000|NA|1580000|37840000|38000000|NA|NA|NA|NA|0|cpu 293736 336 174125 11403356 2933 0 3609 0 0 0|795927|40000|3822904|3106104|1729498|808314|15578149|29004355|3|NA|NA
258.014|2026-07-25T12:52:15.223Z|99|Discharging|8594000|NA|1573000|37840000|38000000|NA|NA|NA|NA|0|cpu 293774 336 174169 11404458 2934 0 3610 0 0 0|795927|40000|3822904|3101576|1729498|808386|15581687|29012479|3|NA|NA
261.014|2026-07-25T12:52:18.194Z|99|Discharging|8562000|NA|1573000|37840000|38000000|NA|NA|NA|NA|0|cpu 293848 336 174247 11405485 2934 0 3610 0 0 0|795218|40000|3822904|3098292|1729522|808402|15586811|29020535|3|NA|NA
264.014|2026-07-25T12:52:21.244Z|99|Discharging|8594000|NA|1573000|37840000|38000000|NA|NA|NA|NA|0|cpu 293877 336 174284 11406603 2935 0 3611 0 0 0|796306|39000|3822904|3104380|1729522|808530|15587103|29021673|3|NA|NA
267.015|2026-07-25T12:52:24.196Z|99|Discharging|8594000|NA|1550000|37840000|38000000|NA|NA|NA|NA|0|cpu 293937 336 174340 11407669 2935 0 3611 0 0 0|795911|40000|3822904|3099128|1729522|808618|15591131|29030787|3|NA|NA
270.014|2026-07-25T12:52:27.185Z|99|Discharging|8586000|NA|1550000|37840000|38000000|NA|NA|NA|NA|0|cpu 294043 336 174419 11408654 2935 0 3612 0 0 0|795927|40000|3822904|3105976|1729522|808754|15594723|29037427|3|NA|NA
273.015|2026-07-25T12:52:30.205Z|99|Discharging|8592000|NA|1596000|37840000|38000000|NA|NA|NA|NA|0|cpu 294097 336 174483 11409720 2935 0 3613 0 0 0|796638|40000|3822904|3094956|1729522|808818|15598497|29043131|3|NA|NA
276.013|2026-07-25T12:52:33.213Z|99|Discharging|8586000|NA|1542000|37840000|38000000|NA|NA|NA|NA|0|cpu 294151 336 174532 11410798 2935 0 3613 0 0 0|795935|40000|3822904|3111668|1729522|808826|15600253|29046729|3|NA|NA
279.015|2026-07-25T12:52:36.196Z|99|Discharging|8586000|NA|1580000|37840000|38000000|NA|NA|NA|NA|0|cpu 294220 336 174622 11411806 2936 0 3615 0 0 0|795927|40000|3822904|3109260|1729522|808898|15608905|29065689|3|NA|NA
282.015|2026-07-25T12:52:39.199Z|99|Discharging|8594000|NA|1618000|37840000|38000000|NA|NA|NA|NA|0|cpu 294272 336 174671 11412891 2936 0 3616 0 0 0|795714|39000|3822904|3099744|1729522|808946|15610075|29068133|3|NA|NA
285.014|2026-07-25T12:52:42.209Z|99|Discharging|8580000|NA|1618000|37840000|38000000|NA|NA|NA|NA|0|cpu 294323 336 174724 11413960 2936 0 3617 0 0 0|795935|39000|3822904|3109448|1729522|809146|15613621|29077921|3|NA|NA
288.015|2026-07-25T12:52:45.186Z|99|Discharging|8578000|NA|1596000|37840000|38000000|NA|NA|NA|NA|0|cpu 294385 336 174790 11415002 2936 0 3618 0 0 0|795919|40000|3822904|3105760|1729522|809162|15617621|29084403|3|NA|NA
291.014|2026-07-25T12:52:48.200Z|99|Discharging|8590000|NA|1641000|37840000|38000000|NA|NA|NA|NA|0|cpu 294439 336 174851 11416073 2938 0 3618 0 0 0|795927|40000|3822904|3107768|1729522|809322|15620679|29089785|3|NA|NA
294.015|2026-07-25T12:52:51.195Z|99|Discharging|8594000|NA|1641000|37840000|38000000|NA|NA|NA|NA|0|cpu 294476 336 174892 11417179 2938 0 3619 0 0 0|795927|39000|3822904|3103816|1729522|809394|15621345|29091017|3|NA|NA
297.015|2026-07-25T12:52:54.215Z|99|Discharging|8588000|NA|1573000|37840000|38000000|NA|NA|NA|NA|0|cpu 294528 336 174946 11418251 2938 0 3619 0 0 0|795927|39000|3822904|3110792|1729522|809458|15624805|29100507|3|NA|NA
300.015|2026-07-25T12:52:57.227Z|99|Discharging|8574000|NA|1527000|37840000|38000000|NA|NA|NA|NA|0|cpu 294641 336 175017 11419235 2938 0 3621 0 0 0|795927|39000|3822904|3106184|1729522|809482|15627083|29105247|3|NA|NA
303.016|2026-07-25T12:53:00.198Z|99|Discharging|8592000|NA|1641000|37840000|38000000|NA|NA|NA|NA|0|cpu 294773 336 175104 11420199 2940 0 3622 0 0 0|795927|40000|3822904|3096276|1729522|810066|15637835|29118950|3|NA|NA
306.014|2026-07-25T12:53:03.196Z|99|Discharging|8582000|NA|1641000|37840000|38000000|NA|NA|NA|NA|0|cpu 294821 336 175151 11421286 2940 0 3623 0 0 0|795927|41000|3822904|3107656|1729522|810242|15638531|29120494|3|NA|NA
309.014|2026-07-25T12:53:06.215Z|99|Discharging|8582000|NA|1641000|37840000|38000000|NA|NA|NA|NA|0|cpu 294856 336 175195 11422391 2941 0 3623 0 0 0|796057|39000|3822904|3091556|1729522|810402|15639706|29123654|3|NA|NA
312.014|2026-07-25T12:53:09.197Z|99|Discharging|8572000|NA|1596000|37840000|38000000|NA|NA|NA|NA|0|cpu 294915 336 175252 11423455 2941 0 3624 0 0 0|796042|40000|3822904|3105952|1729522|810522|15642046|29130892|3|NA|NA
315.014|2026-07-25T12:53:12.234Z|99|Discharging|8590000|NA|1596000|37840000|38000000|NA|NA|NA|NA|0|cpu 294949 336 175290 11424565 2941 0 3625 0 0 0|795576|39000|3822904|3108160|1729522|810586|15643880|29135128|3|NA|NA
318.014|2026-07-25T12:53:15.196Z|99|Discharging|8586000|NA|1596000|37840000|38000000|NA|NA|NA|NA|0|cpu 295023 336 175363 11425587 2942 0 3626 0 0 0|795927|40000|3822904|3089100|1729522|810658|15646732|29139050|3|NA|NA
321.015|2026-07-25T12:53:18.208Z|99|Discharging|8592000|NA|1596000|37840000|38000000|NA|NA|NA|NA|0|cpu 295060 336 175409 11426688 2942 0 3627 0 0 0|795548|39000|3822904|3086836|1729522|810690|15649502|29143956|3|NA|NA
324.014|2026-07-25T12:53:21.197Z|99|Discharging|8592000|NA|1550000|37840000|38000000|NA|NA|NA|NA|0|cpu 295115 336 175456 11427767 2942 0 3627 0 0 0|796211|39000|3822904|3110172|1729522|810802|15649502|29143956|3|NA|NA
327.014|2026-07-25T12:53:24.203Z|99|Discharging|8592000|NA|1520000|37840000|38000000|NA|NA|NA|NA|0|cpu 295163 336 175504 11428853 2942 0 3628 0 0 0|794356|39000|3822904|3104316|1729522|810858|15651356|29146768|3|NA|NA
330.014|2026-07-25T12:53:27.192Z|99|Discharging|8570000|NA|1520000|37840000|38000000|NA|NA|NA|NA|0|cpu 295248 336 175567 11429874 2942 0 3628 0 0 0|795935|39000|3822904|3103960|1729522|810882|15654742|29156270|3|NA|NA
333.014|2026-07-25T12:53:30.195Z|99|Discharging|8576000|NA|1520000|37840000|38000000|NA|NA|NA|NA|0|cpu 295329 336 175656 11430877 2943 0 3630 0 0 0|795849|39000|3822904|3097532|1729522|811074|15661544|29167848|3|NA|NA
336.015|2026-07-25T12:53:33.199Z|99|Discharging|8590000|NA|1603000|37840000|38000000|NA|NA|NA|NA|0|cpu 295382 336 175699 11431962 2943 0 3630 0 0 0|795311|40000|3822904|3094004|1729522|811082|15661838|29168704|3|NA|NA
339.015|2026-07-25T12:53:36.185Z|99|Discharging|8586000|NA|1603000|37840000|38000000|NA|NA|NA|NA|0|cpu 295418 336 175745 11433053 2943 0 3631 0 0 0|795786|39000|3822904|3096644|1729522|811194|15665802|29178804|3|NA|NA
342.014|2026-07-25T12:53:39.247Z|99|Discharging|8568000|NA|1573000|37840000|38000000|NA|NA|NA|NA|0|cpu 295471 336 175807 11434117 2943 0 3632 0 0 0|796189|41000|3822904|3109864|1729522|811242|15669272|29185016|3|NA|NA
345.014|2026-07-25T12:53:42.204Z|99|Discharging|8584000|NA|1573000|37840000|38000000|NA|NA|NA|NA|0|cpu 295527 336 175876 11435167 2944 0 3633 0 0 0|795491|40000|3822904|3107200|1729522|811362|15673210|29191102|3|NA|NA
348.014|2026-07-25T12:53:45.208Z|99|Discharging|8592000|NA|1596000|37840000|38000000|NA|NA|NA|NA|0|cpu 295579 336 175924 11436250 2944 0 3634 0 0 0|795444|39000|3822904|3102528|1729522|811434|15674104|29192700|3|NA|NA
351.014|2026-07-25T12:53:48.185Z|99|Discharging|8580000|NA|1596000|37840000|38000000|NA|NA|NA|NA|0|cpu 295620 336 175968 11437334 2945 0 3636 0 0 0|795927|39000|3822904|3108288|1729522|811554|15677282|29200004|3|NA|NA
354.015|2026-07-25T12:53:51.192Z|99|Discharging|8584000|NA|1596000|37840000|38000000|NA|NA|NA|NA|0|cpu 295694 336 176047 11438353 2945 0 3637 0 0 0|795927|40000|3822904|3114276|1729522|811610|15682536|29210390|3|NA|NA
357.015|2026-07-25T12:53:54.195Z|99|Discharging|8582000|NA|1626000|37840000|38000000|NA|NA|NA|NA|0|cpu 295749 336 176106 11439419 2945 0 3639 0 0 0|795666|40000|3822904|3110428|1729522|811618|15685345|29215436|3|NA|NA
360.015|2026-07-25T12:53:57.185Z|99|Discharging|8590000|NA|1717000|37840000|38000000|NA|NA|NA|NA|0|cpu 295843 336 176160 11440445 2946 0 3639 0 0 0|795559|41000|3822904|3113392|1729522|813250|15686503|29217140|3|NA|NA
363.014|2026-07-25T12:54:00.207Z|99|Discharging|8590000|NA|1770000|37840000|38000000|NA|NA|NA|NA|0|cpu 295894 336 176216 11441518 2947 0 3640 0 0 0|795919|39000|3822904|3104864|1729522|813450|15689809|29225958|3|NA|NA
366.014|2026-07-25T12:54:03.285Z|99|Discharging|8566000|NA|1770000|37840000|38000000|NA|NA|NA|NA|0|cpu 296041 336 176309 11442448 2947 0 3641 0 0 0|795917|43000|3822904|3098500|1729522|813522|15692629|29231790|3|NA|NA
369.014|2026-07-25T12:54:06.199Z|99|Discharging|8578000|NA|1717000|37840000|38000000|NA|NA|NA|NA|0|cpu 296124 336 176385 11443461 2947 0 3642 0 0 0|796279|39000|3822904|3095600|1729522|813546|15695713|29236106|3|NA|NA
372.015|2026-07-25T12:54:09.204Z|99|Discharging|8590000|NA|1824000|37840000|38000000|NA|NA|NA|NA|0|cpu 296162 336 176433 11444561 2947 0 3643 0 0 0|795353|40000|3822904|3100356|1729522|813658|15698678|29241064|3|NA|NA
375.015|2026-07-25T12:54:12.208Z|99|Discharging|8588000|NA|1717000|37840000|38000000|NA|NA|NA|NA|0|cpu 296215 336 176481 11445638 2947 0 3643 0 0 0|795935|39000|3822904|3108876|1729522|813714|15700498|29244462|3|NA|NA
378.015|2026-07-25T12:54:15.187Z|99|Discharging|8564000|NA|1717000|37840000|38000000|NA|NA|NA|NA|0|cpu 296297 336 176552 11446650 2947 0 3645 0 0 0|795935|40000|3822904|3098880|1729522|813722|15705512|29257384|3|NA|NA
381.016|2026-07-25T12:54:18.202Z|99|Discharging|8588000|NA|1618000|37840000|38000000|NA|NA|NA|NA|0|cpu 296336 336 176609 11447741 2947 0 3645 0 0 0|795737|39000|3822904|3104864|1729522|813826|15709884|29264500|3|NA|NA
384.015|2026-07-25T12:54:21.197Z|99|Discharging|8586000|NA|1603000|37840000|38000000|NA|NA|NA|NA|0|cpu 296384 336 176653 11448829 2947 0 3646 0 0 0|795927|39000|3822904|3099824|1729522|813834|15709998|29264594|3|NA|NA
387.015|2026-07-25T12:54:24.218Z|99|Discharging|8584000|NA|1573000|37840000|38000000|NA|NA|NA|NA|0|cpu 296436 336 176712 11449893 2948 0 3646 0 0 0|795927|40000|3822904|3117372|1729522|814066|15714936|29276144|3|NA|NA
390.016|2026-07-25T12:54:27.210Z|99|Discharging|8578000|NA|1573000|37840000|38000000|NA|NA|NA|NA|0|cpu 296518 336 176802 11450888 2948 0 3648 0 0 0|796256|40000|3822904|3092628|1729522|814082|15720422|29285932|3|NA|NA
393.015|2026-07-25T12:54:30.225Z|99|Discharging|8584000|NA|1702000|37840000|38000000|NA|NA|NA|NA|0|cpu 296593 336 176848 11451957 2948 0 3649 0 0 0|795919|39000|3822904|3103436|1729522|814210|15721374|29287474|3|NA|NA
396.014|2026-07-25T12:54:33.198Z|99|Discharging|8588000|NA|1641000|37840000|38000000|NA|NA|NA|NA|0|cpu 296644 336 176900 11453038 2949 0 3649 0 0 0|795927|40000|3822904|3101484|1729522|814282|15723460|29290966|3|NA|NA
399.015|2026-07-25T12:54:36.222Z|99|Discharging|8576000|NA|1664000|37840000|38000000|NA|NA|NA|NA|0|cpu 296726 336 176972 11454060 2949 0 3650 0 0 0|795927|41000|3822904|3114112|1729522|814386|15728114|29302936|3|NA|NA
402.014|2026-07-25T12:54:39.200Z|99|Discharging|8588000|NA|1664000|37840000|38000000|NA|NA|NA|NA|0|cpu 296767 336 177030 11455139 2949 0 3651 0 0 0|795919|40000|3822904|3097164|1729522|814434|15733102|29310700|3|NA|NA
405.015|2026-07-25T12:54:42.197Z|99|Discharging|8588000|NA|1687000|37840000|38000000|NA|NA|NA|NA|0|cpu 296819 336 177075 11456222 2950 0 3652 0 0 0|796020|40000|3822904|3103416|1729522|814554|15733606|29310888|3|NA|NA
408.014|2026-07-25T12:54:45.212Z|99|Discharging|8584000|NA|1580000|37840000|38000000|NA|NA|NA|NA|0|cpu 296871 336 177122 11457301 2950 0 3652 0 0 0|795919|39000|3822904|3102536|1729522|814650|15736362|29316194|3|NA|NA
411.015|2026-07-25T12:54:48.201Z|99|Discharging|8584000|NA|1626000|37840000|38000000|NA|NA|NA|NA|0|cpu 296914 336 177170 11458388 2950 0 3653 0 0 0|795488|40000|3822904|3113988|1729522|814666|15739931|29325852|3|NA|NA
414.014|2026-07-25T12:54:51.197Z|99|Discharging|8560000|NA|1626000|37840000|38000000|NA|NA|NA|NA|0|cpu 296987 336 177248 11459406 2951 0 3654 0 0 0|796245|40000|3822904|3107744|1729522|814858|15743153|29330742|3|NA|NA
417.014|2026-07-25T12:54:54.233Z|99|Discharging|8588000|NA|1626000|37840000|38000000|NA|NA|NA|NA|0|cpu 297023 336 177291 11460512 2951 0 3655 0 0 0|795927|39000|3822904|3099436|1729522|814930|15745031|29334350|3|NA|NA
420.014|2026-07-25T12:54:57.198Z|99|Discharging|8586000|NA|1580000|37840000|38000000|NA|NA|NA|NA|0|cpu 297076 336 177338 11461593 2951 0 3655 0 0 0|796344|40000|3822904|3108272|1729522|814954|15745439|29334822|3|NA|NA
423.015|2026-07-25T12:55:00.203Z|99|Discharging|8578000|NA|1550000|37840000|38000000|NA|NA|NA|NA|0|cpu 297165 336 177394 11462634 2952 0 3655 0 0 0|795927|40000|3822904|3098400|1729522|815082|15746983|29337968|3|NA|NA
426.014|2026-07-25T12:55:03.201Z|99|Discharging|8570000|NA|1550000|37840000|38000000|NA|NA|NA|NA|0|cpu 297308 336 177484 11463566 2953 0 3658 0 0 0|795927|41000|3822904|3108260|1729522|815626|15757574|29356817|3|NA|NA
429.014|2026-07-25T12:55:06.195Z|99|Discharging|8576000|NA|1603000|37840000|38000000|NA|NA|NA|NA|0|cpu 297367 336 177563 11464605 2955 0 3660 0 0 0|795592|40000|3822904|3108852|1729522|816146|15761942|29364855|3|NA|NA
432.015|2026-07-25T12:55:09.213Z|99|Discharging|8584000|NA|1687000|37840000|38000000|NA|NA|NA|NA|0|cpu 297401 336 177601 11465715 2955 0 3661 0 0 0|795919|40000|3822904|3099208|1729522|816250|15763684|29368095|3|NA|NA
435.014|2026-07-25T12:55:12.211Z|99|Discharging|8564000|NA|1626000|37840000|38000000|NA|NA|NA|NA|0|cpu 297461 336 177656 11466776 2955 0 3662 0 0 0|795927|39000|3822904|3100084|1729522|816370|15767699|29379107|3|NA|NA
438.017|2026-07-25T12:55:15.198Z|99|Discharging|8580000|NA|1626000|37840000|38000000|NA|NA|NA|NA|0|cpu 297537 336 177740 11467787 2955 0 3664 0 0 0|795927|40000|3822904|3095644|1729522|816434|15772839|29387257|3|NA|NA
441.014|2026-07-25T12:55:18.199Z|99|Discharging|8588000|NA|1679000|37840000|38000000|NA|NA|NA|NA|0|cpu 297570 336 177780 11468894 2955 0 3665 0 0 0|795927|39000|3822904|3111908|1729522|816554|15773491|29388899|3|NA|NA
444.015|2026-07-25T12:55:21.277Z|99|Discharging|8576000|NA|1542000|37840000|38000000|NA|NA|NA|NA|0|cpu 297606 336 177831 11469990 2955 0 3667 0 0 0|795728|39000|3822904|3104004|1729522|816650|15779073|29402159|3|NA|NA
447.017|2026-07-25T12:55:24.198Z|99|Discharging|8588000|NA|1618000|37840000|38000000|NA|NA|NA|NA|0|cpu 297694 336 177917 11470995 2955 0 3668 0 0 0|795919|40000|3822904|3098112|1729522|816650|15783959|29410041|3|NA|NA
450.014|2026-07-25T12:55:27.186Z|99|Discharging|8586000|NA|1618000|37840000|38000000|NA|NA|NA|NA|0|cpu 297746 336 177967 11472064 2956 0 3668 0 0 0|795927|40000|3822904|3105864|1729522|816714|15784935|29411827|3|NA|NA
453.014|2026-07-25T12:55:30.207Z|99|Discharging|8576000|NA|1520000|37840000|38000000|NA|NA|NA|NA|0|cpu 297830 336 178020 11473110 2956 0 3669 0 0 0|795676|39000|3822904|3108172|1729522|816738|15786589|29415619|3|NA|NA
456.015|2026-07-25T12:55:33.200Z|99|Discharging|8580000|NA|1550000|37840000|38000000|NA|NA|NA|NA|0|cpu 297910 336 178091 11474127 2956 0 3670 0 0 0|795286|41000|3822904|3095724|1729522|816970|15791239|29427739|3|NA|NA
459.014|2026-07-25T12:55:36.209Z|99|Discharging|8584000|NA|1626000|37840000|38000000|NA|NA|NA|NA|0|cpu 297964 336 178164 11475173 2956 0 3671 0 0 0|795731|40000|3822904|3098564|1729522|816978|15795287|29434177|3|NA|NA
462.014|2026-07-25T12:55:39.199Z|99|Discharging|8584000|NA|1626000|37840000|38000000|NA|NA|NA|NA|0|cpu 297996 336 178205 11476282 2956 0 3672 0 0 0|795535|40000|3822904|3106264|1729522|817082|15796069|29435617|3|NA|NA
465.014|2026-07-25T12:55:42.232Z|99|Discharging|8576000|NA|1550000|37840000|38000000|NA|NA|NA|NA|0|cpu 298053 336 178269 11477337 2957 0 3673 0 0 0|795895|41000|3822904|3104024|1729522|817210|15801953|29450093|3|NA|NA
468.014|2026-07-25T12:55:45.228Z|99|Discharging|8586000|NA|1596000|37840000|38000000|NA|NA|NA|NA|0|cpu 298115 336 178342 11478379 2957 0 3674 0 0 0|795927|40000|3822904|3094272|1729522|817282|15806420|29457175|3|NA|NA
471.015|2026-07-25T12:55:48.200Z|99|Discharging|8586000|NA|1603000|37840000|38000000|NA|NA|NA|NA|0|cpu 298167 336 178389 11479463 2957 0 3675 0 0 0|795754|40000|3822904|3094896|1729522|817410|15807412|29458773|3|NA|NA
474.014|2026-07-25T12:55:51.198Z|99|Discharging|8576000|NA|1603000|37840000|38000000|NA|NA|NA|NA|0|cpu 298201 336 178431 11480572 2957 0 3676 0 0 0|795181|39000|3822904|3104244|1729522|817506|15809966|29463357|3|NA|NA
477.014|2026-07-25T12:55:54.207Z|99|Discharging|8552000|NA|1520000|37840000|38000000|NA|NA|NA|NA|0|cpu 298275 336 178509 11481586 2957 0 3676 0 0 0|795927|41000|3822904|3099032|1729522|817514|15815450|29475915|3|NA|NA
480.015|2026-07-25T12:55:57.186Z|99|Discharging|8586000|NA|1596000|37840000|38000000|NA|NA|NA|NA|0|cpu 298335 336 178576 11482637 2958 0 3677 0 0 0|795927|39000|3822904|3098152|1729522|817586|15818826|29482103|3|NA|NA
483.014|2026-07-25T12:56:00.200Z|99|Discharging|8580000|NA|1527000|37840000|38000000|NA|NA|NA|NA|0|cpu 298414 336 178629 11483693 2958 0 3678 0 0 0|795544|40000|3822904|3109884|1729522|817594|15819754|29483335|3|NA|NA
486.014|2026-07-25T12:56:03.207Z|99|Discharging|8566000|NA|1527000|37840000|38000000|NA|NA|NA|NA|0|cpu 298466 336 178687 11484755 2958 0 3678 0 0 0|795545|40000|3822904|3095584|1729522|817722|15824004|29493681|3|NA|NA
489.015|2026-07-25T12:56:06.205Z|99|Discharging|8584000|NA|1596000|37840000|38000000|NA|NA|NA|NA|0|cpu 298541 336 178762 11485775 2958 0 3679 0 0 0|796174|40000|3822904|3105904|1729522|817794|15827244|29499417|3|NA|NA
492.014|2026-07-25T12:56:09.196Z|99|Discharging|8584000|NA|1641000|37840000|38000000|NA|NA|NA|NA|0|cpu 298581 336 178815 11486867 2959 0 3679 0 0 0|795927|40000|3822904|3100132|1729522|817922|15830592|29504901|3|NA|NA
495.015|2026-07-25T12:56:12.203Z|99|Discharging|8572000|NA|1550000|37840000|38000000|NA|NA|NA|NA|0|cpu 298617 336 178853 11487979 2959 0 3680 0 0 0|795927|39000|3822904|3090436|1729522|818042|15832354|29507461|3|NA|NA
498.016|2026-07-25T12:56:15.208Z|99|Discharging|8578000|NA|1550000|37840000|38000000|NA|NA|NA|NA|0|cpu 298669 336 178907 11489052 2959 0 3681 0 0 0|795919|39000|3822904|3092604|1729522|818050|15835489|29515681|3|NA|NA
501.014|2026-07-25T12:56:18.191Z|99|Discharging|8558000|NA|1520000|37840000|38000000|NA|NA|NA|NA|0|cpu 298746 336 178984 11490060 2960 0 3682 0 0 0|795846|40000|3822904|3109520|1729522|818114|15840015|29523285|3|NA|NA
504.014|2026-07-25T12:56:21.198Z|99|Discharging|8584000|NA|1641000|37840000|38000000|NA|NA|NA|NA|0|cpu 298785 336 179034 11491161 2960 0 3682 0 0 0|795749|40000|3822904|3106400|1729522|818122|15842513|29528017|3|NA|NA
507.015|2026-07-25T12:56:24.197Z|99|Discharging|8582000|NA|1641000|37840000|38000000|NA|NA|NA|NA|0|cpu 298837 336 179082 11492241 2960 0 3683 0 0 0|796273|40000|3822904|3107640|1729522|818282|15843603|29530513|3|NA|NA
510.014|2026-07-25T12:56:27.189Z|99|Discharging|8576000|NA|1527000|37840000|38000000|NA|NA|NA|NA|0|cpu 298892 336 179132 11493307 2960 0 3683 0 0 0|795927|40000|3822904|3106280|1729522|818306|15845873|29535793|3|NA|NA
513.014|2026-07-25T12:56:30.213Z|99|Discharging|8560000|NA|1565000|37840000|38000000|NA|NA|NA|NA|0|cpu 298998 336 179205 11494302 2961 0 3684 0 0 0|796018|41000|3822904|3102368|1729522|818426|15849507|29544343|3|NA|NA
516.014|2026-07-25T12:56:33.199Z|99|Discharging|8570000|NA|1702000|37840000|38000000|NA|NA|NA|NA|0|cpu 299063 336 179273 11495349 2961 0 3685 0 0 0|795927|41000|3822904|3106908|1729522|818514|15853947|29551279|3|NA|NA
519.014|2026-07-25T12:56:36.239Z|99|Discharging|8582000|NA|1641000|37840000|38000000|NA|NA|NA|NA|0|cpu 299096 336 179309 11496465 2962 0 3686 0 0 0|796150|40000|3822904|3106944|1729522|818610|15854439|29551731|3|NA|NA
522.014|2026-07-25T12:56:39.197Z|99|Discharging|8584000|NA|1641000|37840000|38000000|NA|NA|NA|NA|0|cpu 299152 336 179363 11497532 2962 0 3686 0 0 0|795919|40000|3822904|3105940|1729522|818634|15859084|29561783|3|NA|NA
525.015|2026-07-25T12:56:42.198Z|99|Discharging|8580000|NA|1550000|37840000|38000000|NA|NA|NA|NA|0|cpu 299210 336 179426 11498587 2962 0 3687 0 0 0|795927|40000|3822904|3104928|1729522|818746|15863106|29570243|3|NA|NA
528.014|2026-07-25T12:56:45.196Z|99|Discharging|8582000|NA|1656000|37840000|38000000|NA|NA|NA|NA|0|cpu 299270 336 179487 11499650 2962 0 3688 0 0 0|795927|40000|3822904|3101420|1729522|818794|15866370|29575615|3|NA|NA
531.014|2026-07-25T12:56:48.212Z|99|Discharging|8570000|NA|1550000|37840000|38000000|NA|NA|NA|NA|0|cpu 299318 336 179536 11500728 2962 0 3689 0 0 0|795927|41000|3822904|3107092|1729522|818810|15868214|29579315|3|NA|NA
534.015|2026-07-25T12:56:51.231Z|99|Discharging|8582000|NA|1550000|37840000|38000000|NA|NA|NA|NA|0|cpu 299355 336 179583 11501823 2964 0 3690 0 0 0|795927|39000|3822904|3112844|1729522|819010|15871888|29588123|3|NA|NA
537.017|2026-07-25T12:56:54.211Z|99|Discharging|8582000|NA|1550000|37840000|38000000|NA|NA|NA|NA|0|cpu 299432 336 179666 11502836 2964 0 3691 0 0 0|795927|40000|3822904|3099624|1729522|819018|15877616|29598579|3|NA|NA
540.015|2026-07-25T12:56:57.188Z|99|Discharging|8580000|NA|1641000|37840000|38000000|NA|NA|NA|NA|0|cpu 299487 336 179709 11503914 2965 0 3691 0 0 0|795927|39000|3822904|3109964|1729522|819098|15877908|29599717|3|NA|NA
543.014|2026-07-25T12:57:00.238Z|99|Discharging|8582000|NA|1527000|37840000|38000000|NA|NA|NA|NA|0|cpu 299535 336 179761 11505001 2965 0 3692 0 0 0|795752|40000|3822904|3097968|1729522|819122|15881206|29606301|3|NA|NA
546.015|2026-07-25T12:57:03.197Z|99|Discharging|8584000|NA|1527000|37840000|38000000|NA|NA|NA|NA|0|cpu 299613 336 179806 11506058 2965 0 3692 0 0 0|795903|40000|3822904|3103120|1729522|819258|15881978|29609419|3|NA|NA
549.014|2026-07-25T12:57:06.196Z|99|Discharging|8580000|NA|1520000|37840000|38000000|NA|NA|NA|NA|0|cpu 299717 336 179861 11507071 2965 0 3693 0 0 0|795911|41000|3822904|3096336|1729522|819330|15883297|29613486|3|NA|NA
552.015|2026-07-25T12:57:09.210Z|99|Discharging|8580000|NA|1542000|37840000|38000000|NA|NA|NA|NA|0|cpu 299784 336 179918 11508133 2966 0 3694 0 0 0|795927|40000|3822904|3106056|1729522|819650|15888315|29617202|3|NA|NA
555.014|2026-07-25T12:57:12.208Z|99|Discharging|8582000|NA|1550000|37840000|38000000|NA|NA|NA|NA|0|cpu 299824 336 179961 11509234 2968 0 3694 0 0 0|795685|39000|3822904|3118604|1729522|820562|15888513|29617666|3|NA|NA
558.014|2026-07-25T12:57:15.194Z|99|Discharging|8582000|NA|1550000|37840000|38000000|NA|NA|NA|NA|0|cpu 299874 336 180010 11510315 2968 0 3694 0 0 0|796299|39000|3822904|3107520|1729522|820570|15888812|29618062|3|NA|NA
561.014|2026-07-25T12:57:18.201Z|99|Discharging|8574000|NA|1520000|37840000|38000000|NA|NA|NA|NA|0|cpu 299925 336 180056 11511402 2968 0 3695 0 0 0|795927|39000|3822904|3114208|1729522|820762|15889108|29618588|3|NA|NA
564.014|2026-07-25T12:57:21.195Z|99|Discharging|8580000|NA|1520000|37840000|38000000|NA|NA|NA|NA|0|cpu 299960 336 180095 11512509 2968 0 3695 0 0 0|795927|40000|3822904|3112408|1729522|820770|15889206|29622863|3|NA|NA
567.015|2026-07-25T12:57:24.217Z|99|Discharging|8578000|NA|1520000|37840000|38000000|NA|NA|NA|NA|0|cpu 300009 336 180143 11513594 2970 0 3695 0 0 0|795544|41000|3822904|3107660|1729522|821162|15889410|29624214|3|NA|NA
570.014|2026-07-25T12:57:27.224Z|99|Discharging|8580000|NA|1520000|37840000|38000000|NA|NA|NA|NA|0|cpu 300049 336 180179 11514694 2970 0 3695 0 0 0|794825|39000|3822904|3110124|1729522|821170|15889494|29624214|3|NA|NA
573.014|2026-07-25T12:57:30.196Z|99|Discharging|8572000|NA|1520000|37840000|38000000|NA|NA|NA|NA|0|cpu 300101 336 180222 11515791 2970 0 3695 0 0 0|795927|39000|3822904|3107420|1729522|821426|15889623|29624308|3|NA|NA
576.014|2026-07-25T12:57:33.241Z|99|Discharging|8568000|NA|1520000|37840000|38000000|NA|NA|NA|NA|0|cpu 300306 336 180305 11516681 2971 0 3697 0 0 0|795626|41000|3822904|3090224|1729522|821594|15892417|29627491|3|NA|NA
579.015|2026-07-25T12:57:36.214Z|99|Discharging|8580000|NA|1520000|37840000|38000000|NA|NA|NA|NA|0|cpu 300414 336 180417 11517626 2972 0 3699 0 0 0|795927|40000|3822904|3108168|1729522|822202|15900813|29646247|3|NA|NA
582.014|2026-07-25T12:57:39.208Z|99|Discharging|8580000|NA|1641000|37840000|38000000|NA|NA|NA|NA|0|cpu 300472 336 180470 11518705 2972 0 3699 0 0 0|795775|40000|3822904|3113180|1729522|822218|15902769|29649917|3|NA|NA
585.015|2026-07-25T12:57:42.189Z|99|Discharging|8580000|NA|1596000|37840000|38000000|NA|NA|NA|NA|0|cpu 300512 336 180518 11519791 2973 0 3700 0 0 0|795927|40000|3822904|3108964|1729522|822418|15907007|29660531|3|NA|NA
588.014|2026-07-25T12:57:45.210Z|99|Discharging|8580000|NA|1656000|37840000|38000000|NA|NA|NA|NA|0|cpu 300584 336 180585 11520827 2973 0 3700 0 0 0|795911|40000|3822904|3112292|1729522|822530|15910789|29667423|3|NA|NA
591.015|2026-07-25T12:57:48.218Z|99|Discharging|8580000|NA|1656000|37840000|38000000|NA|NA|NA|NA|0|cpu 300647 336 180648 11521881 2973 0 3701 0 0 0|795935|39000|3822904|3109520|1729522|822618|15914631|29673497|3|NA|NA
594.014|2026-07-25T12:57:51.200Z|99|Discharging|8572000|NA|1603000|37840000|38000000|NA|NA|NA|NA|0|cpu 300687 336 180685 11522990 2973 0 3701 0 0 0|795162|39000|3822904|3107684|1729522|822626|15915157|29674761|3|NA|NA
597.014|2026-07-25T12:57:54.179Z|99|Discharging|8566000|NA|1520000|37840000|38000000|NA|NA|NA|NA|0|cpu 300751 336 180777 11523998 2973 0 3704 0 0 0|795927|41000|3822904|3101272|1729522|822738|15925271|29695317|3|NA|NA
600.014|2026-07-25T12:57:57.186Z|99|Discharging|8580000|NA|1687000|37840000|38000000|NA|NA|NA|NA|0|cpu 300803 336 180822 11525085 2973 0 3704 0 0 0|795935|39000|3822904|3088784|1729522|822746|15925355|29695317|3|NA|NA
603.014|2026-07-25T12:58:00.200Z|99|Discharging|8580000|NA|1687000|37840000|38000000|NA|NA|NA|NA|0|cpu 300852 336 180873 11526164 2973 0 3705 0 0 0|795927|39000|3822904|3096576|1729522|822946|15929033|29703021|3|NA|NA
606.014|2026-07-25T12:58:03.225Z|99|Discharging|8578000|NA|1573000|37840000|38000000|NA|NA|NA|NA|0|cpu 300944 336 180933 11527198 2973 0 3706 0 0 0|796062|40000|3822904|3108064|1729522|822970|15931725|29710593|3|NA|NA
609.016|2026-07-25T12:58:06.199Z|99|Discharging|8576000|NA|1626000|37840000|38000000|NA|NA|NA|NA|0|cpu 301019 336 181021 11528212 2974 0 3707 0 0 0|795927|40000|3822904|3104908|1729522|823162|15936741|29718633|3|NA|NA
612.014|2026-07-25T12:58:09.200Z|99|Discharging|8580000|NA|1687000|37840000|38000000|NA|NA|NA|NA|0|cpu 301069 336 181067 11529298 2974 0 3707 0 0 0|796108|40000|3822904|3105596|1729522|823170|15938545|29722073|3|NA|NA
615.013|2026-07-25T12:58:12.233Z|99|Discharging|8574000|NA|1687000|37840000|38000000|NA|NA|NA|NA|0|cpu 301106 336 181116 11530390 2974 0 3708 0 0 0|795927|41000|3822904|3106556|1729522|823306|15943201|29733287|3|NA|NA
618.014|2026-07-25T12:58:15.209Z|99|Discharging|8578000|NA|1603000|37840000|38000000|NA|NA|NA|NA|0|cpu 301178 336 181189 11531426 2975 0 3709 0 0 0|795927|41000|3822904|3107272|1729522|823418|15948261|29741749|3|NA|NA
621.014|2026-07-25T12:58:18.229Z|99|Discharging|8578000|NA|1603000|37840000|38000000|NA|NA|NA|NA|0|cpu 301218 336 181231 11532526 2975 0 3710 0 0 0|795927|39000|3822904|3106768|1729522|823482|15949210|29743169|3|NA|NA
624.015|2026-07-25T12:58:21.199Z|99|Discharging|8580000|NA|1596000|37840000|38000000|NA|NA|NA|NA|0|cpu 301269 336 181279 11533613 2975 0 3710 0 0 0|796240|39000|3822904|3094876|1729522|823570|15952254|29749193|3|NA|NA
627.015|2026-07-25T12:58:24.200Z|99|Discharging|8580000|NA|1573000|37840000|38000000|NA|NA|NA|NA|0|cpu 301333 336 181339 11534664 2975 0 3711 0 0 0|795927|40000|3822904|3106732|1729522|823578|15956248|29758283|3|NA|NA
630.014|2026-07-25T12:58:27.185Z|99|Discharging|8560000|NA|1573000|37840000|38000000|NA|NA|NA|NA|0|cpu 301392 336 181412 11535706 2975 0 3712 0 0 0|796295|40000|3822904|3103828|1729522|823626|15960009|29764041|3|NA|NA
633.015|2026-07-25T12:58:30.196Z|99|Discharging|8580000|NA|1596000|37840000|38000000|NA|NA|NA|NA|0|cpu 301440 336 181455 11536801 2976 0 3712 0 0 0|796289|40000|3822904|3106432|1729522|823802|15960539|29765103|3|NA|NA
636.014|2026-07-25T12:58:33.211Z|99|Discharging|8558000|NA|1573000|37840000|38000000|NA|NA|NA|NA|0|cpu 301525 336 181515 11537840 2976 0 3713 0 0 0|795556|40000|3822904|3102008|1729522|823818|15963647|29770745|3|NA|NA
639.015|2026-07-25T12:58:36.208Z|99|Discharging|8578000|NA|1573000|37840000|38000000|NA|NA|NA|NA|0|cpu 301583 336 181568 11538909 2976 0 3713 0 0 0|794871|40000|3822904|3102996|1729522|824034|15966859|29779931|3|NA|NA
642.014|2026-07-25T12:58:39.198Z|99|Discharging|8570000|NA|1580000|37840000|38000000|NA|NA|NA|NA|0|cpu 301660 336 181652 11539916 2976 0 3714 0 0 0|795919|41000|3822904|3093168|1729522|824042|15971983|29788363|3|NA|NA
645.015|2026-07-25T12:58:42.201Z|99|Discharging|8572000|NA|1603000|37840000|38000000|NA|NA|NA|NA|0|cpu 301695 336 181688 11541033 2977 0 3714 0 0 0|795919|40000|3822904|3099456|1729522|824130|15972043|29788433|3|NA|NA
648.015|2026-07-25T12:58:45.207Z|99|Discharging|8572000|NA|1565000|37840000|38000000|NA|NA|NA|NA|0|cpu 301731 336 181739 11542124 2977 0 3715 0 0 0|796290|40000|3822904|3091340|1729522|824170|15976917|29799651|3|NA|NA
651.014|2026-07-25T12:58:48.183Z|99|Discharging|8578000|NA|1565000|37840000|38000000|NA|NA|NA|NA|0|cpu 301812 336 181815 11543135 2977 0 3716 0 0 0|795813|40000|3822904|3099360|1729522|824178|15980767|29806419|3|NA|NA
654.014|2026-07-25T12:58:51.201Z|99|Discharging|8570000|NA|1573000|37840000|38000000|NA|NA|NA|NA|0|cpu 301866 336 181867 11544211 2977 0 3717 0 0 0|795927|40000|3822904|3107440|1729522|824346|15983381|29811213|3|NA|NA
657.015|2026-07-25T12:58:54.201Z|99|Discharging|8576000|NA|1542000|37840000|38000000|NA|NA|NA|NA|0|cpu 301900 336 181907 11545321 2977 0 3717 0 0 0|795927|39000|3822904|3114880|1729522|824362|15984717|29813123|3|NA|NA
660.015|2026-07-25T12:58:57.194Z|99|Discharging|8566000|NA|1580000|37840000|38000000|NA|NA|NA|NA|0|cpu 301953 336 181965 11546381 2978 0 3718 0 0 0|795672|40000|3822904|3109580|1729522|824522|15987851|29821961|3|NA|NA
663.015|2026-07-25T12:59:00.183Z|99|Discharging|8556000|NA|1580000|37840000|38000000|NA|NA|NA|NA|0|cpu 302033 336 182040 11547402 2978 0 3718 0 0 0|796401|40000|3822904|3104492|1729522|824530|15991395|29828747|3|NA|NA
666.014|2026-07-25T12:59:03.198Z|99|Discharging|8564000|NA|1603000|37840000|38000000|NA|NA|NA|NA|0|cpu 302123 336 182099 11548435 2978 0 3719 0 0 0|795927|41000|3822904|3098164|1729522|824610|15994525|29834365|3|NA|NA
669.015|2026-07-25T12:59:06.228Z|99|Discharging|8578000|NA|1664000|37840000|38000000|NA|NA|NA|NA|0|cpu 302160 336 182143 11549539 2978 0 3720 0 0 0|795927|41000|3822904|3095296|1729522|824626|15996041|29836861|3|NA|NA
672.014|2026-07-25T12:59:09.242Z|99|Discharging|8562000|NA|1596000|37840000|38000000|NA|NA|NA|NA|0|cpu 302212 336 182198 11550613 2979 0 3720 0 0 0|795903|40000|3822904|3111836|1729522|824746|15999767|29846255|3|NA|NA
675.014|2026-07-25T12:59:12.196Z|99|Discharging|8552000|NA|1596000|37840000|38000000|NA|NA|NA|NA|0|cpu 302383 336 182308 11551488 2979 0 3721 0 0 0|795927|41000|3822904|3108216|1729522|824810|16001999|29850997|3|NA|NA
678.014|2026-07-25T12:59:15.195Z|99|Discharging|8576000|NA|1618000|37840000|38000000|NA|NA|NA|NA|0|cpu 302497 336 182388 11552473 2980 0 3722 0 0 0|795927|40000|3822904|3103468|1729522|825362|16012952|29865212|3|NA|NA
681.014|2026-07-25T12:59:18.196Z|99|Discharging|8572000|NA|1717000|37840000|38000000|NA|NA|NA|NA|0|cpu 302552 336 182434 11553554 2980 0 3723 0 0 0|795927|40000|3822904|3099072|1729522|825370|16013924|29867562|3|NA|NA
684.015|2026-07-25T12:59:21.206Z|99|Discharging|8576000|NA|1626000|37840000|38000000|NA|NA|NA|NA|0|cpu 302605 336 182490 11554626 2981 0 3723 0 0 0|795927|41000|3822904|3102368|1729522|825658|16018266|29879478|3|NA|NA
687.015|2026-07-25T12:59:24.198Z|99|Discharging|8570000|NA|1626000|37840000|38000000|NA|NA|NA|NA|0|cpu 302667 336 182568 11555656 2981 0 3723 0 0 0|795927|40000|3822904|3106356|1729522|825674|16024050|29887766|3|NA|NA
690.014|2026-07-25T12:59:27.199Z|99|Discharging|8570000|NA|1732000|37840000|38000000|NA|NA|NA|NA|0|cpu 302720 336 182614 11556734 2981 0 3723 0 0 0|795927|40000|3822904|3108192|1729522|825786|16024196|29888018|3|NA|NA
693.015|2026-07-25T12:59:30.202Z|99|Discharging|8558000|NA|1618000|37840000|38000000|NA|NA|NA|NA|0|cpu 302776 336 182666 11557811 2981 0 3724 0 0 0|795911|41000|3822904|3113660|1729522|825842|16028112|29897658|3|NA|NA
696.014|2026-07-25T12:59:33.228Z|99|Discharging|8568000|NA|1618000|37840000|38000000|NA|NA|NA|NA|0|cpu 302845 336 182742 11558839 2982 0 3725 0 0 0|795786|41000|3822904|3094540|1729522|825906|16032926|29905992|3|NA|NA
699.016|2026-07-25T12:59:36.199Z|99|Discharging|8576000|NA|1626000|37840000|38000000|NA|NA|NA|NA|0|cpu 302926 336 182802 11559883 2982 0 3726 0 0 0|795927|40000|3822904|3104040|1729522|825922|16036112|29911286|3|NA|NA
702.014|2026-07-25T12:59:39.214Z|99|Discharging|8574000|NA|1626000|37840000|38000000|NA|NA|NA|NA|0|cpu 302975 336 182847 11560968 2982 0 3726 0 0 0|795927|40000|3822904|3102328|1729522|826050|16037120|29912770|3|NA|NA
705.014|2026-07-25T12:59:42.196Z|99|Discharging|8570000|NA|1550000|37840000|38000000|NA|NA|NA|NA|0|cpu 303030 336 182903 11562038 2982 0 3727 0 0 0|795362|40000|3822904|3110176|1729522|826122|16041696|29924644|3|NA|NA
708.014|2026-07-25T12:59:45.190Z|99|Discharging|8570000|NA|1550000|37840000|38000000|NA|NA|NA|NA|0|cpu 303090 336 182963 11563088 2982 0 3728 0 0 0|795927|41000|3822904|3105388|1729522|826138|16044340|29930034|3|NA|NA
711.015|2026-07-25T12:59:48.197Z|99|Discharging|8574000|NA|1596000|37840000|38000000|NA|NA|NA|NA|0|cpu 303145 336 183029 11564151 2983 0 3728 0 0 0|795927|40000|3822904|3098028|1729522|826314|16047448|29935716|3|NA|NA
714.014|2026-07-25T12:59:51.208Z|99|Discharging|8572000|NA|1550000|37840000|38000000|NA|NA|NA|NA|0|cpu 303193 336 183075 11565241 2983 0 3728 0 0 0|795919|40000|3822904|3108408|1729522|826322|16047580|29935904|3|NA|NA
717.015|2026-07-25T12:59:54.186Z|99|Discharging|8574000|NA|1520000|37840000|38000000|NA|NA|NA|NA|0|cpu 303233 336 183123 11566330 2983 0 3729 0 0 0|795927|40000|3822904|3101496|1729522|826394|16051232|29945786|3|NA|NA
720.014|2026-07-25T12:59:57.246Z|99|Discharging|8574000|NA|1520000|37840000|38000000|NA|NA|NA|NA|0|cpu 303293 336 183178 11567385 2983 0 3730 0 0 0|795927|40000|3822904|3099896|1729522|826426|16054798|29952902|3|NA|NA
723.015|2026-07-25T13:00:00.245Z|99|Discharging|8574000|NA|1520000|37840000|38000000|NA|NA|NA|NA|0|cpu 303349 336 183244 11568452 2984 0 3730 0 0 0|795927|40000|3822904|3098060|1729522|826530|16058880|29959170|3|NA|NA
726.014|2026-07-25T13:00:03.204Z|99|Discharging|8574000|NA|1520000|37840000|38000000|NA|NA|NA|NA|0|cpu 303405 336 183288 11569542 2984 0 3731 0 0 0|795943|40000|3822904|3099680|1729522|826578|16058994|29959264|3|NA|NA
729.014|2026-07-25T13:00:06.192Z|99|Discharging|8570000|NA|1520000|37840000|38000000|NA|NA|NA|NA|0|cpu 303491 336 183352 11570564 2984 0 3732 0 0 0|796311|40000|3822904|3098756|1729522|826714|16063488|29969744|3|NA|NA
732.014|2026-07-25T13:00:09.190Z|99|Discharging|8574000|NA|1520000|37840000|38000000|NA|NA|NA|NA|0|cpu 303567 336 183429 11571582 2984 0 3733 0 0 0|795927|41000|3822904|3108788|1729522|826778|16068232|29977864|3|NA|NA
735.015|2026-07-25T13:00:12.210Z|99|Discharging|8574000|NA|1603000|37840000|38000000|NA|NA|NA|NA|0|cpu 303622 336 183486 11572657 2984 0 3733 0 0 0|794816|40000|3822904|3114200|1729522|826794|16071040|29982970|3|NA|NA
738.015|2026-07-25T13:00:15.201Z|99|Discharging|8572000|NA|1641000|37840000|38000000|NA|NA|NA|NA|0|cpu 303660 336 183527 11573762 2984 0 3734 0 0 0|795927|39000|3822904|3110376|1729522|826890|16072253|29984674|3|NA|NA
741.014|2026-07-25T13:00:18.210Z|99|Discharging|8556000|NA|1580000|37840000|38000000|NA|NA|NA|NA|0|cpu 303713 336 183586 11574831 2984 0 3735 0 0 0|795869|39000|3822904|3104996|1729522|826938|16077067|29997006|3|NA|NA
744.014|2026-07-25T13:00:21.202Z|99|Discharging|8554000|NA|1626000|37840000|38000000|NA|NA|NA|NA|0|cpu 303792 336 183670 11575838 2985 0 3736 0 0 0|795927|40000|3822904|3119312|1729522|827042|16083009|30007494|3|NA|NA
747.015|2026-07-25T13:00:24.207Z|99|Discharging|8560000|NA|1626000|37840000|38000000|NA|NA|NA|NA|0|cpu 303827 336 183709 11576950 2985 0 3736 0 0 0|795818|40000|3822904|3106772|1729522|827098|16083542|30008218|3|NA|NA
750.014|2026-07-25T13:00:27.197Z|99|Discharging|8574000|NA|1542000|37840000|38000000|NA|NA|NA|NA|0|cpu 303866 336 183753 11578050 2985 0 3736 0 0 0|796645|40000|3822904|3097952|1729522|827218|16085686|30013090|3|NA|NA
753.015|2026-07-25T13:00:30.204Z|99|Discharging|8566000|NA|1550000|37840000|38000000|NA|NA|NA|NA|0|cpu 303937 336 183824 11579078 2985 0 3737 0 0 0|795740|40000|3822904|3107564|1729522|827282|16089598|30023572|3|NA|NA
756.015|2026-07-25T13:00:33.194Z|99|Discharging|8574000|NA|1664000|37840000|38000000|NA|NA|NA|NA|0|cpu 303994 336 183892 11580132 2985 0 3738 0 0 0|795927|40000|3822904|3114396|1729522|827298|16093850|30030186|3|NA|NA
759.014|2026-07-25T13:00:36.206Z|99|Discharging|8570000|NA|1664000|37840000|38000000|NA|NA|NA|NA|0|cpu 304078 336 183947 11581171 2986 0 3739 0 0 0|796374|41000|3822904|3102036|1729522|827410|16096484|30035096|3|NA|NA
762.014|2026-07-25T13:00:39.208Z|99|Discharging|8574000|NA|1618000|37840000|38000000|NA|NA|NA|NA|0|cpu 304134 336 184002 11582242 2986 0 3739 0 0 0|795927|40000|3822904|3101060|1729522|827418|16099342|30042366|3|NA|NA
765.015|2026-07-25T13:00:42.201Z|99|Discharging|8560000|NA|1626000|37840000|38000000|NA|NA|NA|NA|0|cpu 304210 336 184089 11583250 2986 0 3740 0 0 0|795541|41000|3822904|3107720|1729522|827594|16104308|30051336|3|NA|NA
768.015|2026-07-25T13:00:45.198Z|99|Discharging|8568000|NA|1626000|37840000|38000000|NA|NA|NA|NA|0|cpu 304247 336 184129 11584358 2986 0 3740 0 0 0|795927|41000|3822904|3106072|1729522|827610|16105350|30053122|3|NA|NA
771.014|2026-07-25T13:00:48.241Z|99|Discharging|8572000|NA|1626000|37840000|38000000|NA|NA|NA|NA|0|cpu 304279 336 184172 11585465 2987 0 3741 0 0 0|795654|40000|3822904|3105784|1729522|827722|16108048|30057864|3|NA|NA
774.015|2026-07-25T13:00:51.244Z|99|Discharging|8568000|NA|1520000|37840000|38000000|NA|NA|NA|NA|0|cpu 304336 336 184221 11586544 2987 0 3741 0 0 0|795927|40000|3822904|3098336|1729522|827778|16109716|30063732|3|NA|NA
777.015|2026-07-25T13:00:54.203Z|99|Discharging|8572000|NA|1542000|37840000|38000000|NA|NA|NA|NA|0|cpu 304389 336 184272 11587623 2987 0 3742 0 0 0|796118|40000|3822904|3093144|1729522|827842|16111522|30067710|3|NA|NA
780.017|2026-07-25T13:00:57.200Z|99|Discharging|8568000|NA|1542000|37840000|38000000|NA|NA|NA|NA|0|cpu 304447 336 184350 11588661 2987 0 3743 0 0 0|795552|40000|3822904|3087888|1729522|827874|16116802|30076134|3|NA|NA
783.014|2026-07-25T13:01:00.206Z|99|Discharging|8574000|NA|1573000|37840000|38000000|NA|NA|NA|NA|0|cpu 304497 336 184395 11589747 2988 0 3743 0 0 0|795927|40000|3822904|3095180|1729522|827986|16117122|30076562|3|NA|NA
786.015|2026-07-25T13:01:03.203Z|99|Discharging|8570000|NA|1520000|37840000|38000000|NA|NA|NA|NA|0|cpu 304550 336 184452 11590815 2988 0 3744 0 0 0|795693|40000|3822904|3110636|1729522|828058|16121668|30087120|3|NA|NA
789.015|2026-07-25T13:01:06.181Z|99|Discharging|8570000|NA|1550000|37840000|38000000|NA|NA|NA|NA|0|cpu 304658 336 184528 11591796 2988 0 3745 0 0 0|795935|41000|3822904|3110496|1729522|828074|16124769|30093268|3|NA|NA
792.014|2026-07-25T13:01:09.198Z|99|Discharging|8572000|NA|1550000|37840000|38000000|NA|NA|NA|NA|0|cpu 304715 336 184591 11592860 2989 0 3746 0 0 0|795927|41000|3822904|3107240|1729522|828314|16128521|30099026|3|NA|NA
795.014|2026-07-25T13:01:12.219Z|99|Discharging|8570000|NA|1664000|37840000|38000000|NA|NA|NA|NA|0|cpu 304764 336 184640 11593947 2989 0 3746 0 0 0|795927|40000|3822904|3108888|1729522|828322|16130535|30102770|3|NA|NA
798.014|2026-07-25T13:01:15.221Z|99|Discharging|8566000|NA|1520000|37840000|38000000|NA|NA|NA|NA|0|cpu 304807 336 184688 11595035 2989 0 3747 0 0 0|796529|40000|3822904|3111180|1729522|828426|16134589|30111786|3|NA|NA
801.014|2026-07-25T13:01:18.199Z|99|Discharging|8570000|NA|1580000|37840000|38000000|NA|NA|NA|NA|0|cpu 304940 336 184777 11595990 2990 0 3748 0 0 0|795935|40000|3822904|3104344|1729522|828778|16145414|30127451|3|NA|NA
804.014|2026-07-25T13:01:21.198Z|99|Discharging|8568000|NA|1580000|37840000|38000000|NA|NA|NA|NA|0|cpu 304992 336 184822 11597074 2991 0 3749 0 0 0|796325|40000|3822904|3102876|1729522|829282|16146698|30129683|3|NA|NA
807.015|2026-07-25T13:01:24.221Z|99|Discharging|8568000|NA|1641000|37840000|38000000|NA|NA|NA|NA|0|cpu 305042 336 184871 11598157 2992 0 3750 0 0 0|795972|40000|3822904|3111932|1729522|829442|16148278|30133239|3|NA|NA
810.014|2026-07-25T13:01:27.201Z|99|Discharging|8562000|NA|1573000|37840000|38000000|NA|NA|NA|NA|0|cpu 305087 336 184919 11599245 2992 0 3751 0 0 0|796307|40000|3822904|3099880|1729522|829458|16152273|30141933|3|NA|NA
813.015|2026-07-25T13:01:30.200Z|99|Discharging|8572000|NA|1656000|37840000|38000000|NA|NA|NA|NA|0|cpu 305157 336 184994 11600269 2992 0 3751 0 0 0|795927|40000|3822904|3100672|1729522|829634|16155555|30147721|3|NA|NA
816.014|2026-07-25T13:01:33.199Z|99|Discharging|8572000|NA|1596000|37840000|38000000|NA|NA|NA|NA|0|cpu 305209 336 185049 11601340 2992 0 3752 0 0 0|795927|40000|3822904|3109860|1729522|829642|16158235|30152515|3|NA|NA
819.014|2026-07-25T13:01:36.212Z|99|Discharging|8560000|NA|1596000|37840000|38000000|NA|NA|NA|NA|0|cpu 305291 336 185104 11602384 2992 0 3753 0 0 0|795927|41000|3822904|3102352|1729522|829722|16159415|30154599|3|NA|NA
822.015|2026-07-25T13:01:39.210Z|99|Discharging|8570000|NA|1520000|37840000|38000000|NA|NA|NA|NA|0|cpu 305334 336 185152 11603475 2992 0 3753 0 0 0|795927|40000|3822904|3102008|1729522|829738|16163405|30164989|3|NA|NA
825.015|2026-07-25T13:01:42.229Z|99|Discharging|8564000|NA|1580000|37840000|38000000|NA|NA|NA|NA|0|cpu 305406 336 185228 11604498 2992 0 3754 0 0 0|795756|40000|3822904|3098028|1729522|829954|16166839|30171135|3|NA|NA
828.014|2026-07-25T13:01:45.205Z|99|Discharging|8554000|NA|1580000|37840000|38000000|NA|NA|NA|NA|0|cpu 305461 336 185289 11605565 2993 0 3754 0 0 0|795927|40000|3822904|3107896|1729522|830058|16170023|30176419|3|NA|NA
831.014|2026-07-25T13:01:48.205Z|99|Discharging|8570000|NA|1565000|37840000|38000000|NA|NA|NA|NA|0|cpu 305495 336 185327 11606681 2993 0 3755 0 0 0|795927|40000|3822904|3106044|1729522|830090|16170169|30176671|3|NA|NA
834.014|2026-07-25T13:01:51.184Z|99|Discharging|8570000|NA|1520000|37840000|38000000|NA|NA|NA|NA|0|cpu 305550 336 185382 11607746 2993 0 3755 0 0 0|795927|40000|3822904|3105480|1729522|830210|16174167|30185905|3|NA|NA
837.014|2026-07-25T13:01:54.206Z|99|Discharging|8570000|NA|1542000|37840000|38000000|NA|NA|NA|NA|0|cpu 305602 336 185429 11608830 2993 0 3756 0 0 0|795927|41000|3822904|3098924|1729522|830274|16176663|30190897|3|NA|NA
840.017|2026-07-25T13:01:57.207Z|99|Discharging|8562000|NA|1542000|37840000|38000000|NA|NA|NA|NA|0|cpu 305665 336 185506 11609865 2994 0 3757 0 0 0|794835|41000|3822904|3088900|1729522|830410|16180949|30196861|3|NA|NA
843.014|2026-07-25T13:02:00.205Z|99|Discharging|8570000|NA|1550000|37840000|38000000|NA|NA|NA|NA|0|cpu 305716 336 185557 11610944 2995 0 3757 0 0 0|795927|41000|3822904|3091072|1729522|830522|16182697|30199635|3|NA|NA
846.014|2026-07-25T13:02:03.196Z|99|Discharging|8554000|NA|1527000|37840000|38000000|NA|NA|NA|NA|0|cpu 305769 336 185605 11612024 2995 0 3758 0 0 0|795927|41000|3822904|3115760|1729522|830578|16184382|30203285|3|NA|NA
849.013|2026-07-25T13:02:06.225Z|99|Discharging|8570000|NA|1573000|37840000|38000000|NA|NA|NA|NA|0|cpu 305838 336 185675 11613056 2995 0 3759 0 0 0|795919|42000|3822904|3094884|1729522|830714|16189372|30216025|3|NA|NA
852.015|2026-07-25T13:02:09.204Z|99|Discharging|8564000|NA|1573000|37840000|38000000|NA|NA|NA|NA|0|cpu 305919 336 185745 11614083 2995 0 3760 0 0 0|796688|41000|3822904|3094848|1729522|830786|16194692|30223813|3|NA|NA
855.015|2026-07-25T13:02:12.209Z|99|Discharging|8572000|NA|1596000|37840000|38000000|NA|NA|NA|NA|0|cpu 305971 336 185792 11615165 2996 0 3760 0 0 0|795927|41000|3822904|3104240|1729522|830866|16194692|30223813|3|NA|NA
858.014|2026-07-25T13:02:15.198Z|99|Discharging|8568000|NA|1520000|37840000|38000000|NA|NA|NA|NA|0|cpu 306025 336 185846 11616235 2996 0 3761 0 0 0|796145|40000|3822904|3110480|1729522|830898|16197894|30229091|3|NA|NA
861.014|2026-07-25T13:02:18.220Z|99|Discharging|8570000|NA|1573000|37840000|38000000|NA|NA|NA|NA|0|cpu 306059 336 185890 11617338 2996 0 3761 0 0 0|795919|40000|3822904|3107484|1729522|830906|16201522|30238987|3|NA|NA
864.014|2026-07-25T13:02:21.195Z|99|Discharging|8548000|NA|1573000|37840000|38000000|NA|NA|NA|NA|0|cpu 306136 336 185969 11618362 2996 0 3762 0 0 0|795927|40000|3822904|3103076|1729522|831074|16206498|30247467|3|NA|NA
867.015|2026-07-25T13:02:24.208Z|99|Discharging|8550000|NA|1618000|37840000|38000000|NA|NA|NA|NA|0|cpu 306185 336 186014 11619455 2996 0 3762 0 0 0|795935|40000|3822904|3113832|1729522|831082|16206644|30247719|3|NA|NA
870.014|2026-07-25T13:02:27.186Z|99|Discharging|8564000|NA|1520000|37840000|38000000|NA|NA|NA|NA|0|cpu 306226 336 186062 11620538 2997 0 3762 0 0 0|795935|40000|3822904|3107192|1729522|831194|16210854|30257725|3|NA|NA
873.014|2026-07-25T13:02:30.227Z|99|Discharging|8570000|NA|1550000|37840000|38000000|NA|NA|NA|NA|0|cpu 306271 336 186114 11621634 2997 0 3763 0 0 0|795979|40000|3822904|3101268|1729522|831202|16213619|30262829|3|NA|NA
876.016|2026-07-25T13:02:33.240Z|99|Discharging|8562000|NA|1550000|37840000|38000000|NA|NA|NA|NA|0|cpu 306340 336 186192 11622661 2997 0 3764 0 0 0|796344|41000|3822904|3104580|1729522|831330|16219043|30271117|3|NA|NA
879.014|2026-07-25T13:02:36.229Z|99|Discharging|8568000|NA|1596000|37840000|38000000|NA|NA|NA|NA|0|cpu 306392 336 186254 11623723 2997 0 3765 0 0 0|795927|41000|3822904|3105896|1729522|831346|16224343|30284585|3|NA|NA
882.015|2026-07-25T13:02:39.196Z|99|Discharging|8564000|NA|1542000|37840000|38000000|NA|NA|NA|NA|0|cpu 306500 336 186340 11624710 2997 0 3766 0 0 0|795614|40000|3822904|3099904|1729522|831522|16229479|30292589|3|NA|NA
885.014|2026-07-25T13:02:42.208Z|99|Discharging|8568000|NA|1580000|37840000|38000000|NA|NA|NA|NA|0|cpu 306551 336 186386 11625796 2997 0 3767 0 0 0|796126|40000|3822904|3112232|1729522|831530|16230035|30293569|3|NA|NA
888.014|2026-07-25T13:02:45.200Z|99|Discharging|8554000|NA|1580000|37840000|38000000|NA|NA|NA|NA|0|cpu 306608 336 186445 11626857 2998 0 3767 0 0 0|795255|41000|3822904|3107480|1729522|831626|16235275|30306729|3|NA|NA
891.014|2026-07-25T13:02:48.230Z|99|Discharging|8568000|NA|1573000|37840000|38000000|NA|NA|NA|NA|0|cpu 306662 336 186509 11627923 2998 0 3768 0 0 0|795927|41000|3822904|3102272|1729522|831642|16238331|30312153|3|NA|NA
894.014|2026-07-25T13:02:51.206Z|99|Discharging|8560000|NA|1603000|37840000|38000000|NA|NA|NA|NA|0|cpu 306724 336 186574 11628974 2998 0 3769 0 0 0|795927|40000|3822904|3099516|1729522|831770|16241665|30317587|3|NA|NA
897.015|2026-07-25T13:02:54.201Z|99|Discharging|8540000|NA|1596000|37840000|38000000|NA|NA|NA|NA|0|cpu 306775 336 186619 11630057 2998 0 3769 0 0 0|795927|40000|3822904|3102184|1729522|831842|16242086|30318819|3|NA|NA
900.014|2026-07-25T13:02:57.183Z|99|Discharging|8560000|NA|1596000|37840000|38000000|NA|NA|NA|NA|0|cpu 306811 336 186666 11631150 2998 0 3770 0 0 0|795927|40000|3822904|3101464|1729522|831954|16246442|30327797|3|NA|NA
903.014|2026-07-25T13:03:00.223Z|99|Discharging|8546000|NA|1550000|37840000|38000000|NA|NA|NA|NA|0|cpu 306868 336 186728 11632213 2998 0 3770 0 0 0|795202|41000|3822904|3093452|1729522|832066|16250026|30336001|3|NA|NA
906.014|2026-07-25T13:03:03.203Z|99|Discharging|8562000|NA|1542000|37840000|38000000|NA|NA|NA|NA|0|cpu 306927 336 186794 11633270 2998 0 3772 0 0 0|795935|41000|3822904|3106836|1729522|832074|16254302|30342213|3|NA|NA
909.014|2026-07-25T13:03:06.197Z|99|Discharging|8568000|NA|1565000|37840000|38000000|NA|NA|NA|NA|0|cpu 306982 336 186846 11634345 2999 0 3772 0 0 0|795927|40000|3822904|3108904|1729522|832170|16255374|30344741|3|NA|NA
912.013|2026-07-25T13:03:09.247Z|99|Discharging|8564000|NA|1565000|37840000|38000000|NA|NA|NA|NA|0|cpu 307091 336 186928 11635332 2999 0 3774 0 0 0|795927|42000|3822904|3104880|1729522|832194|16262108|30359043|3|NA|NA
915.015|2026-07-25T13:03:12.207Z|99|Discharging|8554000|NA|1565000|37840000|38000000|NA|NA|NA|NA|0|cpu 307148 336 186992 11636386 3000 0 3774 0 0 0|795588|41000|3822904|3102660|1729522|832386|16264890|30364249|3|NA|NA
918.015|2026-07-25T13:03:15.208Z|99|Discharging|8550000|NA|1542000|37840000|38000000|NA|NA|NA|NA|0|cpu 307203 336 187041 11637464 3000 0 3775 0 0 0|795935|41000|3822904|3102264|1729522|832394|16267824|30369827|3|NA|NA
921.015|2026-07-25T13:03:18.219Z|99|Discharging|8566000|NA|1565000|37840000|38000000|NA|NA|NA|NA|0|cpu 307260 336 187103 11638518 3000 0 3775 0 0 0|795927|40000|3822904|3106912|1729522|832522|16272952|30381409|3|NA|NA
924.014|2026-07-25T13:03:21.194Z|99|Discharging|8566000|NA|1565000|37840000|38000000|NA|NA|NA|NA|0|cpu 307372 336 187179 11639509 3001 0 3777 0 0 0|795927|40000|3822904|3096056|1729522|832834|16283005|30395112|3|NA|NA
927.014|2026-07-25T13:03:24.247Z|99|Discharging|8556000|NA|1679000|37840000|38000000|NA|NA|NA|NA|0|cpu 307422 336 187228 11640591 3003 0 3777 0 0 0|796098|41000|3822904|3094368|1729522|833418|16284529|30397984|3|NA|NA
930.014|2026-07-25T13:03:27.207Z|99|Discharging|8566000|NA|1626000|37840000|38000000|NA|NA|NA|NA|0|cpu 307484 336 187285 11641655 3003 0 3778 0 0 0|795435|40000|3822904|3100804|1729522|833434|16288053|30406758|3|NA|NA
933.014|2026-07-25T13:03:30.197Z|99|Discharging|8558000|NA|1626000|37840000|38000000|NA|NA|NA|NA|0|cpu 307547 336 187361 11642685 3004 0 3780 0 0 0|796872|40000|3822904|3106348|1729522|833666|16294495|30417618|3|NA|NA
936.014|2026-07-25T13:03:33.201Z|99|Discharging|8566000|NA|1626000|37840000|38000000|NA|NA|NA|NA|0|cpu 307597 336 187408 11643772 3004 0 3780 0 0 0|795320|41000|3822904|3106460|1729522|833674|16294996|30418674|3|NA|NA
939.014|2026-07-25T13:03:36.214Z|99|Discharging|8566000|NA|1573000|37840000|38000000|NA|NA|NA|NA|0|cpu 307648 336 187462 11644845 3005 0 3781 0 0 0|795927|40000|3822904|3103704|1729522|833778|16297882|30423888|3|NA|NA
942.014|2026-07-25T13:03:39.199Z|99|Discharging|8566000|NA|1596000|37840000|38000000|NA|NA|NA|NA|0|cpu 307738 336 187518 11645879 3005 0 3781 0 0 0|796367|41000|3822904|3108268|1729522|833810|16300492|30431082|3|NA|NA
945.015|2026-07-25T13:03:42.215Z|99|Discharging|8568000|NA|1641000|37840000|38000000|NA|NA|NA|NA|0|cpu 307810 336 187591 11646904 3006 0 3783 0 0 0|795943|42000|3822904|3104124|1729522|833938|16305004|30439518|3|NA|NA
948.014|2026-07-25T13:03:45.198Z|99|Discharging|8566000|NA|1641000|37840000|38000000|NA|NA|NA|NA|0|cpu 307866 336 187652 11647964 3007 0 3783 0 0 0|795608|41000|3822904|3114236|1729522|833994|16306584|30442000|3|NA|NA
951.014|2026-07-25T13:03:48.218Z|99|Discharging|8558000|NA|1565000|37840000|38000000|NA|NA|NA|NA|0|cpu 307900 336 187691 11649070 3008 0 3784 0 0 0|795712|41000|3822904|3110260|1729522|834130|16308402|30445208|3|NA|NA
954.014|2026-07-25T13:03:51.199Z|99|Discharging|8556000|NA|1580000|37840000|38000000|NA|NA|NA|NA|0|cpu 307961 336 187755 11650118 3008 0 3785 0 0 0|795140|41000|3822904|3106728|1729522|834226|16313477|30458178|3|NA|NA
957.019|2026-07-25T13:03:54.204Z|99|Discharging|8560000|NA|1641000|37840000|38000000|NA|NA|NA|NA|0|cpu 308019 336 187827 11651167 3009 0 3787 0 0 0|795927|40000|3822904|3091316|1729522|834322|16318339|30465180|3|NA|NA
960.014|2026-07-25T13:03:57.200Z|99|Discharging|8558000|NA|1641000|37840000|38000000|NA|NA|NA|NA|0|cpu 308075 336 187875 11652240 3011 0 3787 0 0 0|796288|41000|3822904|3113340|1729522|835906|16318779|30465810|3|NA|NA
963.015|2026-07-25T13:04:00.199Z|99|Discharging|8564000|NA|1626000|37840000|38000000|NA|NA|NA|NA|0|cpu 308110 336 187919 11653338 3012 0 3788 0 0 0|797099|41000|3822904|3105912|1729522|836098|16321993|30472656|3|NA|NA
966.015|2026-07-25T13:04:03.197Z|99|Discharging|8542000|NA|1603000|37840000|38000000|NA|NA|NA|NA|0|cpu 308191 336 187981 11654373 3012 0 3789 0 0 0|795927|41000|3822904|3107232|1729522|836154|16325541|30481186|3|NA|NA
969.014|2026-07-25T13:04:06.197Z|99|Discharging|8546000|NA|1573000|37840000|38000000|NA|NA|NA|NA|0|cpu 308257 336 188058 11655407 3012 0 3790 0 0 0|795935|41000|3822904|3107472|1729522|836170|16331203|30489680|3|NA|NA
972.015|2026-07-25T13:04:09.206Z|99|Discharging|8560000|NA|1573000|37840000|38000000|NA|NA|NA|NA|0|cpu 308339 336 188107 11656458 3012 0 3790 0 0 0|795927|41000|3822904|3102628|1729522|836282|16331269|30489774|3|NA|NA
975.014|2026-07-25T13:04:12.207Z|99|Discharging|8566000|NA|1573000|37840000|38000000|NA|NA|NA|NA|0|cpu 308377 336 188146 11657563 3012 0 3791 0 0 0|795927|40000|3822904|3100980|1729522|836346|16333703|30493646|3|NA|NA
978.015|2026-07-25T13:04:15.226Z|99|Discharging|8562000|NA|1550000|37840000|38000000|NA|NA|NA|NA|0|cpu 308437 336 188200 11658632 3013 0 3791 0 0 0|795817|40000|3822904|3101608|1729522|836450|16337711|30504158|3|NA|NA
981.021|2026-07-25T13:04:18.191Z|99|Discharging|8558000|NA|1550000|37840000|38000000|NA|NA|NA|NA|0|cpu 308618 336 188320 11659478 3013 0 3792 0 0 0|795919|40000|3822904|3094520|1729522|836458|16341385|30509164|3|NA|NA
984.014|2026-07-25T13:04:21.196Z|99|Discharging|8558000|NA|1656000|37840000|38000000|NA|NA|NA|NA|0|cpu 308655 336 188366 11660579 3013 0 3792 0 0 0|795547|41000|3822904|3105408|1729522|836666|16344209|30514322|3|NA|NA
987.014|2026-07-25T13:04:24.201Z|99|Discharging|8562000|NA|1618000|37840000|38000000|NA|NA|NA|NA|0|cpu 308706 336 188409 11661668 3013 0 3792 0 0 0|795927|40000|3822904|3107232|1729522|836674|16344323|30514428|3|NA|NA
990.015|2026-07-25T13:04:27.185Z|99|Discharging|8556000|NA|1550000|37840000|38000000|NA|NA|NA|NA|0|cpu 308764 336 188466 11662726 3014 0 3793 0 0 0|795927|41000|3822904|3110988|1729522|836778|16347867|30523912|3|NA|NA
993.014|2026-07-25T13:04:30.182Z|99|Discharging|8556000|NA|1550000|37840000|38000000|NA|NA|NA|NA|0|cpu 308825 336 188533 11663770 3014 0 3794 0 0 0|795927|41000|3822904|3108452|1729522|836810|16352469|30531738|3|NA|NA
996.015|2026-07-25T13:04:33.225Z|99|Discharging|8564000|NA|1626000|37840000|38000000|NA|NA|NA|NA|0|cpu 308866 336 188587 11664864 3014 0 3795 0 0 0|795927|41000|3822904|3103664|1729522|836898|16355373|30536816|3|NA|NA
999.014|2026-07-25T13:04:36.214Z|99|Discharging|8564000|NA|1580000|37840000|38000000|NA|NA|NA|NA|0|cpu 308931 336 188638 11665929 3014 0 3795 0 0 0|795927|41000|3822904|3104960|1729522|836954|16356960|30539418|3|NA|NA
1002.014|2026-07-25T13:04:39.298Z|99|Discharging|8558000|NA|1580000|37840000|38000000|NA|NA|NA|NA|0|cpu 308989 336 188703 11666995 3015 0 3796 0 0 0|795917|43000|3822904|3094512|1729522|837074|16362052|30552244|3|NA|NA
1005.014|2026-07-25T13:04:42.195Z|99|Discharging|8558000|NA|1656000|37840000|38000000|NA|NA|NA|NA|0|cpu 309089 336 188786 11667986 3015 0 3797 0 0 0|795272|41000|3822904|3109360|1729522|837146|16367304|30560658|3|NA|NA
1008.014|2026-07-25T13:04:45.199Z|99|Discharging|8556000|NA|1656000|37840000|38000000|NA|NA|NA|NA|0|cpu 309139 336 188832 11669072 3015 0 3797 0 0 0|795548|41000|3822904|3106672|1729522|837218|16367304|30560658|3|NA|NA
1011.014|2026-07-25T13:04:48.191Z|99|Discharging|8558000|NA|1550000|37840000|38000000|NA|NA|NA|NA|0|cpu 309191 336 188884 11670138 3015 0 3798 0 0 0|795980|40000|3822904|3105664|1729522|837250|16371087|30568228|3|NA|NA
1014.014|2026-07-25T13:04:51.198Z|99|Discharging|8558000|NA|1626000|37840000|38000000|NA|NA|NA|NA|0|cpu 309226 336 188926 11671251 3015 0 3798 0 0 0|795927|41000|3822904|3108448|1729522|837258|16373649|30573698|3|NA|NA
1017.014|2026-07-25T13:04:54.185Z|99|Discharging|8532000|NA|1626000|37840000|38000000|NA|NA|NA|NA|0|cpu 309300 336 188994 11672277 3016 0 3799 0 0 0|795927|41000|3822904|3104172|1729522|837466|16375843|30578400|3|NA|NA
1020.015|2026-07-25T13:04:57.207Z|99|Discharging|8562000|NA|1520000|37840000|38000000|NA|NA|NA|NA|0|cpu 309355 336 189060 11673341 3016 0 3799 0 0 0|795919|41000|3822904|3096120|1729522|837482|16379569|30583854|3|NA|NA
1023.015|2026-07-25T13:05:00.198Z|99|Discharging|8556000|NA|1527000|37840000|38000000|NA|NA|NA|NA|0|cpu 309392 336 189097 11674452 3017 0 3800 0 0 0|795927|41000|3822904|3110580|1729522|837610|16380267|30585074|3|NA|NA
1026.014|2026-07-25T13:05:03.184Z|99|Discharging|8562000|NA|1520000|37840000|38000000|NA|NA|NA|NA|0|cpu 309428 336 189142 11675546 3017 0 3800 0 0 0|795919|41000|3822904|3114136|1729522|837682|16384063|30594496|3|NA|NA
1029.014|2026-07-25T13:05:06.208Z|99|Discharging|8554000|NA|1520000|37840000|38000000|NA|NA|NA|NA|0|cpu 309510 336 189229 11676543 3018 0 3802 0 0 0|795927|41000|3822904|3100040|1729522|838106|16389993|30605016|3|NA|NA
1032.015|2026-07-25T13:05:09.206Z|99|Discharging|8562000|NA|1527000|37840000|38000000|NA|NA|NA|NA|0|cpu 309561 336 189280 11677630 3019 0 3803 0 0 0|796290|41000|3822904|3096764|1729522|838322|16391971|30608410|3|NA|NA
1035.014|2026-07-25T13:05:12.203Z|99|Discharging|8562000|NA|1520000|37840000|38000000|NA|NA|NA|NA|0|cpu 309646 336 189330 11678678 3019 0 3803 0 0 0|795231|40000|3822904|3097392|1729522|838338|16392669|30610106|3|NA|NA
1038.014|2026-07-25T13:05:15.196Z|99|Discharging|8550000|NA|1527000|37840000|38000000|NA|NA|NA|NA|0|cpu 309697 336 189389 11679745 3020 0 3804 0 0 0|795935|41000|3822904|3105100|1729522|838514|16397653|30621150|3|NA|NA
1041.014|2026-07-25T13:05:18.182Z|99|Discharging|8558000|NA|1527000|37840000|38000000|NA|NA|NA|NA|0|cpu 309774 336 189461 11680759 3020 0 3805 0 0 0|795919|41000|3822904|3104864|1729522|838538|16401125|30628258|3|NA|NA
1044.015|2026-07-25T13:05:21.204Z|99|Discharging|8564000|NA|1596000|37840000|38000000|NA|NA|NA|NA|0|cpu 309811 336 189510 11681864 3020 0 3806 0 0 0|796035|40000|3822904|3095804|1729522|838658|16404021|30633644|3|NA|NA
1047.014|2026-07-25T13:05:24.230Z|99|Discharging|8560000|NA|1542000|37840000|38000000|NA|NA|NA|NA|0|cpu 309847 336 189544 11682978 3020 0 3806 0 0 0|795597|40000|3822904|3108520|1729522|838746|16404021|30633644|3|NA|NA
1050.014|2026-07-25T13:05:27.184Z|99|Discharging|8554000|NA|1520000|37840000|38000000|NA|NA|NA|NA|0|cpu 309997 336 189632 11683911 3021 0 3808 0 0 0|795927|42000|3822904|3111016|1729522|838866|16415588|30656743|3|NA|NA
1053.014|2026-07-25T13:05:30.196Z|99|Discharging|8562000|NA|1520000|37840000|38000000|NA|NA|NA|NA|0|cpu 310060 336 189707 11684947 3022 0 3809 0 0 0|796574|41000|3822904|3100184|1729522|839266|16420730|30665437|3|NA|NA
1056.014|2026-07-25T13:05:33.200Z|99|Discharging|8560000|NA|1679000|37840000|38000000|NA|NA|NA|NA|0|cpu 310096 336 189742 11686062 3023 0 3809 0 0 0|795261|40000|3822904|3095732|1729522|839442|16420844|30665531|3|NA|NA
1059.014|2026-07-25T13:05:36.202Z|99|Discharging|8554000|NA|1550000|37840000|38000000|NA|NA|NA|NA|0|cpu 310146 336 189795 11687139 3023 0 3810 0 0 0|795184|40000|3822904|3104220|1729522|839570|16423608|30670367|3|NA|NA
1062.014|2026-07-25T13:05:39.200Z|99|Discharging|8562000|NA|1580000|37840000|38000000|NA|NA|NA|NA|0|cpu 310197 336 189851 11688211 3023 0 3810 0 0 0|795927|40000|3822904|3107648|1729522|839586|16427318|30680519|3|NA|NA
1065.015|2026-07-25T13:05:42.191Z|99|Discharging|8550000|NA|1580000|37840000|38000000|NA|NA|NA|NA|0|cpu 310305 336 189927 11689192 3024 0 3811 0 0 0|795919|41000|3822904|3111248|1729522|839754|16429708|30684637|3|NA|NA
1068.015|2026-07-25T13:05:45.198Z|99|Discharging|8544000|NA|1580000|37840000|38000000|NA|NA|NA|NA|0|cpu 310361 336 189985 11690264 3024 0 3811 0 0 0|795927|41000|3822904|3105496|1729522|839762|16431024|30686979|3|NA|NA
1071.014|2026-07-25T13:05:48.193Z|99|Discharging|8560000|NA|1596000|37840000|38000000|NA|NA|NA|NA|0|cpu 310413 336 190034 11691344 3024 0 3812 0 0 0|796231|41000|3822904|3113632|1729522|839834|16432454|30689745|3|NA|NA
1074.015|2026-07-25T13:05:51.200Z|99|Discharging|8558000|NA|1565000|37840000|38000000|NA|NA|NA|NA|0|cpu 310448 336 190068 11692463 3024 0 3812 0 0 0|795927|41000|3822904|3106156|1729522|839858|16432496|30689745|3|NA|NA
1077.014|2026-07-25T13:05:54.208Z|99|Discharging|8562000|NA|1565000|37840000|38000000|NA|NA|NA|NA|0|cpu 310482 336 190112 11693567 3024 0 3812 0 0 0|795935|41000|3822904|3106864|1729522|839978|16435244|30696351|3|NA|NA
1080.015|2026-07-25T13:05:57.249Z|99|Discharging|8554000|NA|1520000|37840000|38000000|NA|NA|NA|NA|0|cpu 310560 336 190180 11694594 3024 0 3813 0 0 0|795927|40000|3822904|3094640|1729522|840082|16438650|30704811|3|NA|NA
1083.017|2026-07-25T13:06:00.199Z|99|Discharging|8550000|NA|1520000|37840000|38000000|NA|NA|NA|NA|0|cpu 310618 336 190251 11695648 3024 0 3814 0 0 0|795935|41000|3822904|3112800|1729522|840098|16442274|30710395|3|NA|NA
1086.015|2026-07-25T13:06:03.197Z|99|Discharging|8562000|NA|1527000|37840000|38000000|NA|NA|NA|NA|0|cpu 310650 336 190289 11696761 3024 0 3814 0 0 0|795578|40000|3822904|3107944|1729522|840306|16442956|30711803|3|NA|NA
1089.014|2026-07-25T13:06:06.206Z|99|Discharging|8542000|NA|1527000|37840000|38000000|NA|NA|NA|NA|0|cpu 310703 336 190346 11697824 3024 0 3815 0 0 0|795223|41000|3822904|3103672|1729522|840314|16447472|30722079|3|NA|NA
1092.015|2026-07-25T13:06:09.199Z|99|Discharging|8550000|NA|1520000|37840000|38000000|NA|NA|NA|NA|0|cpu 310789 336 190434 11698822 3025 0 3817 0 0 0|795927|41000|3822904|3105880|1729522|840386|16453770|30732853|3|NA|NA
1095.015|2026-07-25T13:06:12.197Z|99|Discharging|8560000|NA|1580000|37840000|38000000|NA|NA|NA|NA|0|cpu 310872 336 190485 11699869 3025 0 3817 0 0 0|795927|41000|3822904|3105560|1729522|840410|16454528|30734143|3|NA|NA
1098.014|2026-07-25T13:06:15.227Z|99|Discharging|8548000|NA|1565000|37840000|38000000|NA|NA|NA|NA|0|cpu 310905 336 190526 11700978 3025 0 3817 0 0 0|795927|40000|3822904|3109288|1729522|840626|16456752|30738759|3|NA|NA
1101.016|2026-07-25T13:06:18.208Z|99|Discharging|8526000|NA|1565000|37840000|38000000|NA|NA|NA|NA|0|cpu 311005 336 190603 11701977 3025 0 3818 0 0 0|795927|41000|3822904|3105764|1729522|840642|16461102|30749889|3|NA|NA
1104.014|2026-07-25T13:06:21.200Z|99|Discharging|8544000|NA|1520000|37840000|38000000|NA|NA|NA|NA|0|cpu 311046 336 190665 11703057 3026 0 3818 0 0 0|796635|41000|3822904|3104512|1729522|840762|16464540|30755189|3|NA|NA
1107.014|2026-07-25T13:06:24.198Z|99|Discharging|8558000|NA|1565000|37840000|38000000|NA|NA|NA|NA|0|cpu 311077 336 190701 11704171 3026 0 3819 0 0 0|795558|40000|3822904|3112516|1729522|840850|16465416|30756861|3|NA|NA
1110.014|2026-07-25T13:06:27.196Z|99|Discharging|8560000|NA|1520000|37840000|38000000|NA|NA|NA|NA|0|cpu 311130 336 190749 11705251 3026 0 3819 0 0 0|795927|41000|3822904|3107212|1729522|840858|16467608|30760481|3|NA|NA
1113.014|2026-07-25T13:06:30.204Z|99|Discharging|8558000|NA|1520000|37840000|38000000|NA|NA|NA|NA|0|cpu 311188 336 190806 11706318 3026 0 3820 0 0 0|795605|41000|3822904|3110472|1729522|840938|16470952|30768305|3|NA|NA
1116.015|2026-07-25T13:06:33.186Z|99|Discharging|8538000|NA|1520000|37840000|38000000|NA|NA|NA|NA|0|cpu 311246 336 190869 11707363 3026 0 3821 0 0 0|795846|40000|3822904|3095616|1729522|840946|16475083|30775325|3|NA|NA
1119.014|2026-07-25T13:06:36.198Z|99|Discharging|8554000|NA|1520000|37840000|38000000|NA|NA|NA|NA|0|cpu 311301 336 190927 11708437 3026 0 3822 0 0 0|795748|41000|3822904|3097560|1729522|841138|16477879|30780067|3|NA|NA
1122.014|2026-07-25T13:06:39.200Z|99|Discharging|8552000|NA|1520000|37840000|38000000|NA|NA|NA|NA|0|cpu 311358 336 190982 11709498 3026 0 3823 0 0 0|795239|41000|3822904|3099240|1729522|841154|16483402|30792025|3|NA|NA
1125.015|2026-07-25T13:06:42.202Z|99|Discharging|8544000|NA|1520000|37840000|38000000|NA|NA|NA|NA|0|cpu 311471 336 191061 11710483 3027 0 3824 0 0 0|795927|41000|3822904|3093360|1729522|841330|16487054|30799911|3|NA|NA
1128.014|2026-07-25T13:06:45.198Z|99|Discharging|8562000|NA|1565000|37840000|38000000|NA|NA|NA|NA|0|cpu 311507 336 191113 11711579 3027 0 3824 0 0 0|795221|41000|3822904|3102844|1729522|841354|16489816|30804881|3|NA|NA
1131.014|2026-07-25T13:06:48.213Z|99|Discharging|8560000|NA|1573000|37840000|38000000|NA|NA|NA|NA|0|cpu 311557 336 191164 11712659 3028 0 3825 0 0 0|795715|40000|3822904|3101584|1729522|841474|16490776|30806491|3|NA|NA
1134.015|2026-07-25T13:06:51.211Z|99|Discharging|8558000|NA|1520000|37840000|38000000|NA|NA|NA|NA|0|cpu 311608 336 191222 11713731 3028 0 3825 0 0 0|795768|41000|3822904|3108652|1729522|841506|16495378|30816673|3|NA|NA
1137.015|2026-07-25T13:06:54.196Z|99|Discharging|8558000|NA|1520000|37840000|38000000|NA|NA|NA|NA|0|cpu 311673 336 191300 11714762 3028 0 3826 0 0 0|795559|40000|3822904|3106140|1729522|841618|16499740|30824257|3|NA|NA
1140.015|2026-07-25T13:06:57.197Z|99|Discharging|8560000|NA|1542000|37840000|38000000|NA|NA|NA|NA|0|cpu 311723 336 191347 11715844 3028 0 3826 0 0 0|795209|41000|3822904|3103944|1729522|841698|16501136|30827003|3|NA|NA
1143.014|2026-07-25T13:07:00.198Z|99|Discharging|8560000|NA|1527000|37840000|38000000|NA|NA|NA|NA|0|cpu 311774 336 191393 11716927 3028 0 3827 0 0 0|796509|40000|3822904|3115052|1729522|841714|16503006|30829847|3|NA|NA
1146.014|2026-07-25T13:07:03.205Z|99|Discharging|8556000|NA|1520000|37840000|38000000|NA|NA|NA|NA|0|cpu 311810 336 191436 11718027 3029 0 3828 0 0 0|795927|41000|3822904|3103720|1729522|841914|16506450|30838225|3|NA|NA
1149.014|2026-07-25T13:07:06.206Z|99|Discharging|8552000|NA|1520000|37840000|38000000|NA|NA|NA|NA|0|cpu 311879 336 191517 11719052 3029 0 3829 0 0 0|795737|41000|3822904|3102536|1729522|841922|16512934|30850281|3|NA|NA
1152.015|2026-07-25T13:07:09.201Z|99|Discharging|8558000|NA|1596000|37840000|38000000|NA|NA|NA|NA|0|cpu 311949 336 191573 11720107 3029 0 3829 0 0 0|795927|41000|3822904|3107100|1729522|842042|16513228|30850659|3|NA|NA
1155.014|2026-07-25T13:07:12.217Z|99|Discharging|8560000|NA|1580000|37840000|38000000|NA|NA|NA|NA|0|cpu 311992 336 191624 11721191 3029 0 3830 0 0 0|795927|41000|3822904|3100208|1729522|842098|16517158|30860393|3|NA|NA
1158.015|2026-07-25T13:07:15.235Z|99|Discharging|8556000|NA|1596000|37840000|38000000|NA|NA|NA|NA|0|cpu 312077 336 191679 11722241 3030 0 3830 0 0 0|795943|41000|3822904|3095756|1729522|842210|16519874|30865703|3|NA|NA
1161.015|2026-07-25T13:07:18.205Z|99|Discharging|8560000|NA|1596000|37840000|38000000|NA|NA|NA|NA|0|cpu 312152 336 191756 11723265 3030 0 3830 0 0 0|795903|41000|3822904|3092648|1729522|842290|16523424|30870607|3|NA|NA
1164.014|2026-07-25T13:07:21.200Z|99|Discharging|8558000|NA|1565000|37840000|38000000|NA|NA|NA|NA|0|cpu 312205 336 191807 11724344 3030 0 3831 0 0 0|795927|41000|3822904|3099940|1729522|842298|16525004|30873961|3|NA|NA
1167.014|2026-07-25T13:07:24.200Z|99|Discharging|8558000|NA|1520000|37840000|38000000|NA|NA|NA|NA|0|cpu 312238 336 191851 11725451 3030 0 3831 0 0 0|795834|41000|3822904|3110692|1729522|842498|16527324|30878641|3|NA|NA
1170.014|2026-07-25T13:07:27.219Z|99|Discharging|8550000|NA|1520000|37840000|38000000|NA|NA|NA|NA|0|cpu 312318 336 191935 11726457 3030 0 3833 0 0 0|795935|42000|3822904|3102088|1729522|842506|16532341|30890679|3|NA|NA
1173.014|2026-07-25T13:07:30.195Z|99|Discharging|8538000|NA|1520000|37840000|38000000|NA|NA|NA|NA|0|cpu 312447 336 192009 11727434 3030 0 3834 0 0 0|795951|41000|3822904|3108616|1729522|842826|16542080|30903694|3|NA|NA
1176.015|2026-07-25T13:07:33.188Z|99|Discharging|8540000|NA|1603000|37840000|38000000|NA|NA|NA|NA|0|cpu 312479 336 192054 11728532 3031 0 3835 0 0 0|796126|41000|3822904|3100816|1729522|843474|16546218|30914146|3|NA|NA
1179.015|2026-07-25T13:07:36.199Z|99|Discharging|8544000|NA|1596000|37840000|38000000|NA|NA|NA|NA|0|cpu 312543 336 192136 11729563 3032 0 3836 0 0 0|796108|41000|3822904|3103772|1729522|843514|16552884|30926624|3|NA|NA
1182.014|2026-07-25T13:07:39.230Z|99|Discharging|8558000|NA|1596000|37840000|38000000|NA|NA|NA|NA|0|cpu 312595 336 192187 11730640 3032 0 3837 0 0 0|795927|40000|3822904|3112320|1729522|843538|16554396|30929446|3|NA|NA
1185.015|2026-07-25T13:07:42.197Z|99|Discharging|8556000|NA|1626000|37840000|38000000|NA|NA|NA|NA|0|cpu 312652 336 192239 11731714 3032 0 3837 0 0 0|795943|41000|3822904|3105224|1729522|843554|16558107|30938916|3|NA|NA
1188.015|2026-07-25T13:07:45.215Z|99|Discharging|8550000|NA|1573000|37840000|38000000|NA|NA|NA|NA|0|cpu 312754 336 192307 11732716 3032 0 3838 0 0 0|795481|40000|3822904|3105704|1729522|843754|16560087|30942978|3|NA|NA
1191.015|2026-07-25T13:07:48.202Z|99|Discharging|8540000|NA|1618000|37840000|38000000|NA|NA|NA|NA|0|cpu 312817 336 192378 11733762 3032 0 3839 0 0 0|796246|41000|3822904|3102020|1729522|843762|16564405|30949498|3|NA|NA
1194.015|2026-07-25T13:07:51.214Z|99|Discharging|8552000|NA|1550000|37840000|38000000|NA|NA|NA|NA|0|cpu 312867 336 192424 11734849 3032 0 3839 0 0 0|795498|41000|3822904|3107332|1729522|843858|16564845|30950128|3|NA|NA
1197.015|2026-07-25T13:07:54.199Z|99|Discharging|8544000|NA|1550000|37840000|38000000|NA|NA|NA|NA|0|cpu 312907 336 192473 11735938 3032 0 3840 0 0 0|795576|40000|3822904|3098512|1729522|843866|16569669|30961874|3|NA|NA
1200.014|2026-07-25T13:07:57.205Z|99|Discharging|8550000|NA|1520000|37840000|38000000|NA|NA|NA|NA|0|cpu 312968 336 192544 11736982 3032 0 3841 0 0 0|795935|41000|3822904|3101624|1729522|844066|16573717|30969102|3|NA|NA
1203.016|2026-07-25T13:08:00.200Z|99|Discharging|8554000|NA|1527000|37840000|38000000|NA|NA|NA|NA|0|cpu 313038 336 192608 11738024 3032 0 3842 0 0 0|796409|41000|3822904|3101700|1729522|844082|16575875|30973150|3|NA|NA
1206.015|2026-07-25T13:08:03.207Z|99|Discharging|8554000|NA|1520000|37840000|38000000|NA|NA|NA|NA|0|cpu 313071 336 192644 11739139 3032 0 3842 0 0 0|795150|41000|3822904|3105484|1729522|844090|16576573|30974370|3|NA|NA
1209.015|2026-07-25T13:08:06.202Z|99|Discharging|8550000|NA|1520000|37840000|38000000|NA|NA|NA|NA|0|cpu 313111 336 192687 11740241 3033 0 3842 0 0 0|795927|41000|3822904|3105732|1729522|844290|16579085|30979288|3|NA|NA
1212.014|2026-07-25T13:08:09.184Z|99|Discharging|8544000|NA|1520000|37840000|38000000|NA|NA|NA|NA|0|cpu 313192 336 192768 11741242 3033 0 3844 0 0 0|795927|41000|3822904|3107036|1729522|844306|16585295|30992760|3|NA|NA
1215.015|2026-07-25T13:08:12.195Z|99|Discharging|8558000|NA|1618000|37840000|38000000|NA|NA|NA|NA|0|cpu 313247 336 192824 11742317 3033 0 3845 0 0 0|795559|41000|3822904|3109140|1729522|844314|16588367|30997942|3|NA|NA
1218.014|2026-07-25T13:08:15.205Z|99|Discharging|8556000|NA|1618000|37840000|38000000|NA|NA|NA|NA|0|cpu 313330 336 192874 11743366 3033 0 3845 0 0 0|795549|41000|3822904|3115480|1729522|844498|16589217|30999244|3|NA|NA
1221.014|2026-07-25T13:08:18.202Z|99|Discharging|8554000|NA|1565000|37840000|38000000|NA|NA|NA|NA|0|cpu 313389 336 192932 11744432 3033 0 3846 0 0 0|795927|41000|3822904|3104416|1729522|844506|16594231|31009948|3|NA|NA
1224.014|2026-07-25T13:08:21.201Z|99|Discharging|8556000|NA|1520000|37840000|38000000|NA|NA|NA|NA|0|cpu 313468 336 193016 11745432 3034 0 3847 0 0 0|795515|40000|3822904|3104136|1729522|844594|16599886|31020164|3|NA|NA
1227.015|2026-07-25T13:08:24.200Z|99|Discharging|8558000|NA|1603000|37840000|38000000|NA|NA|NA|NA|0|cpu 313500 336 193059 11746542 3034 0 3847 0 0 0|795919|41000|3822904|3104764|1729522|844602|16602382|31025334|3|NA|NA
1230.014|2026-07-25T13:08:27.211Z|99|Discharging|8552000|NA|1542000|37840000|38000000|NA|NA|NA|NA|0|cpu 313537 336 193107 11747640 3034 0 3848 0 0 0|795927|41000|3822904|3110580|1729522|844802|16605888|31034796|3|NA|NA
1233.016|2026-07-25T13:08:30.223Z|99|Discharging|8558000|NA|1542000|37840000|38000000|NA|NA|NA|NA|0|cpu 313619 336 193204 11748635 3034 0 3849 0 0 0|795927|41000|3822904|3088768|1729522|844818|16611232|31043008|3|NA|NA
1236.015|2026-07-25T13:08:33.201Z|99|Discharging|8556000|NA|1527000|37840000|38000000|NA|NA|NA|NA|0|cpu 313669 336 193248 11749728 3034 0 3849 0 0 0|795927|40000|3822904|3101284|1729522|844826|16611524|31044146|3|NA|NA
1239.015|2026-07-25T13:08:36.193Z|99|Discharging|8554000|NA|1520000|37840000|38000000|NA|NA|NA|NA|0|cpu 313705 336 193290 11750826 3035 0 3850 0 0 0|795536|40000|3822904|3107904|1729522|845034|16615762|31053706|3|NA|NA
1242.014|2026-07-25T13:08:39.193Z|99|Discharging|8520000|NA|1520000|37840000|38000000|NA|NA|NA|NA|0|cpu 313788 336 193379 11751820 3035 0 3851 0 0 0|796307|42000|3822904|3102100|1729522|845138|16622418|31065488|3|NA|NA
1245.014|2026-07-25T13:08:42.197Z|99|Discharging|8552000|NA|1520000|37840000|38000000|NA|NA|NA|NA|0|cpu 313839 336 193422 11752912 3035 0 3851 0 0 0|795729|41000|3822904|3096256|1729522|845178|16622648|31065676|3|NA|NA
1248.015|2026-07-25T13:08:45.189Z|99|Discharging|8550000|NA|1520000|37840000|38000000|NA|NA|NA|NA|0|cpu 313926 336 193480 11753939 3036 0 3853 0 0 0|796229|41000|3822904|3102696|1729522|845298|16627143|31075792|3|NA|NA
1251.015|2026-07-25T13:08:48.204Z|99|Discharging|8534000|NA|1520000|37840000|38000000|NA|NA|NA|NA|0|cpu 313982 336 193550 11754990 3036 0 3853 0 0 0|795927|41000|3822904|3107744|1729522|845402|16631745|31083730|3|NA|NA
1254.015|2026-07-25T13:08:51.205Z|99|Discharging|8556000|NA|1542000|37840000|38000000|NA|NA|NA|NA|0|cpu 314058 336 193618 11756030 3036 0 3855 0 0 0|795927|41000|3822904|3095408|1729522|845522|16634773|31088838|3|NA|NA
1257.014|2026-07-25T13:08:54.183Z|99|Discharging|8540000|NA|1550000|37840000|38000000|NA|NA|NA|NA|0|cpu 314096 336 193660 11757125 3036 0 3855 0 0 0|795919|41000|3822904|3107484|1729522|845578|16637829|31095644|3|NA|NA
1260.015|2026-07-25T13:08:57.184Z|99|Discharging|8554000|NA|1520000|37840000|38000000|NA|NA|NA|NA|0|cpu 314154 336 193721 11758180 3037 0 3856 0 0 0|795927|41000|3822904|3094128|1729522|845642|16641989|31105490|3|NA|NA
1263.015|2026-07-25T13:09:00.209Z|99|Discharging|8540000|NA|1573000|37840000|38000000|NA|NA|NA|NA|0|cpu 314212 336 193784 11759242 3037 0 3857 0 0 0|796294|41000|3822904|3100132|1729522|845674|16645261|31110252|3|NA|NA
1266.015|2026-07-25T13:09:03.202Z|99|Discharging|8554000|NA|1573000|37840000|38000000|NA|NA|NA|NA|0|cpu 314266 336 193833 11760323 3037 0 3857 0 0 0|795927|41000|3822904|3103952|1729522|845682|16645943|31111660|3|NA|NA
1269.014|2026-07-25T13:09:06.205Z|99|Discharging|8554000|NA|1580000|37840000|38000000|NA|NA|NA|NA|0|cpu 314301 336 193875 11761430 3037 0 3858 0 0 0|795927|40000|3822904|3098948|1729522|845898|16648167|31115500|3|NA|NA
1272.014|2026-07-25T13:09:09.216Z|99|Discharging|8554000|NA|1520000|37840000|38000000|NA|NA|NA|NA|0|cpu 314370 336 193947 11762456 3037 0 3859 0 0 0|795927|41000|3822904|3105604|1729522|845906|16653461|31127912|3|NA|NA
1275.015|2026-07-25T13:09:12.214Z|99|Discharging|8546000|NA|1626000|37840000|38000000|NA|NA|NA|NA|0|cpu 314433 336 194017 11763506 3037 0 3860 0 0 0|796556|40000|3822904|3107224|1729522|845922|16657375|31134048|3|NA|NA
1278.014|2026-07-25T13:09:15.200Z|99|Discharging|8548000|NA|1626000|37840000|38000000|NA|NA|NA|NA|0|cpu 314521 336 194075 11764541 3038 0 3860 0 0 0|795927|40000|3822904|3104560|1729522|846098|16660219|31139354|3|NA|NA
1281.019|2026-07-25T13:09:18.303Z|99|Discharging|8552000|NA|1520000|37840000|38000000|NA|NA|NA|NA|0|cpu 314607 336 194144 11765569 3038 0 3861 0 0 0|795917|42000|3822904|3097416|1729522|846114|16664416|31150242|3|NA|NA
1284.016|2026-07-25T13:09:21.227Z|99|Discharging|8534000|NA|1527000|37840000|38000000|NA|NA|NA|NA|0|cpu 314738 336 194240 11766498 3039 0 3862 0 0 0|795927|41000|3822904|3088932|1729522|846242|16667792|31155416|3|NA|NA
1287.016|2026-07-25T13:09:24.206Z|99|Discharging|8552000|NA|1656000|37840000|38000000|NA|NA|NA|NA|0|cpu 314789 336 194295 11767578 3039 0 3863 0 0 0|795919|41000|3822904|3096592|1729522|846258|16670010|31159678|3|NA|NA
1290.014|2026-07-25T13:09:27.204Z|99|Discharging|8552000|NA|1656000|37840000|38000000|NA|NA|NA|NA|0|cpu 314828 336 194330 11768685 3039 0 3863 0 0 0|795927|41000|3822904|3099624|1729522|846362|16670978|31161268|3|NA|NA
1293.015|2026-07-25T13:09:30.211Z|99|Discharging|8544000|NA|1520000|37840000|38000000|NA|NA|NA|NA|0|cpu 314880 336 194381 11769767 3039 0 3864 0 0 0|795733|40000|3822904|3107848|1729522|846458|16671864|31163206|3|NA|NA
1296.015|2026-07-25T13:09:33.199Z|99|Discharging|8552000|NA|1520000|37840000|38000000|NA|NA|NA|NA|0|cpu 314936 336 194427 11770846 3039 0 3864 0 0 0|795927|41000|3822904|3109924|1729522|846490|16672728|31165578|3|NA|NA
1299.015|2026-07-25T13:09:36.208Z|99|Discharging|8536000|NA|1520000|37840000|38000000|NA|NA|NA|NA|0|cpu 315072 336 194517 11771791 3041 0 3866 0 0 0|795927|41000|3822904|3109740|1729522|847002|16684807|31186623|3|NA|NA
1302.014|2026-07-25T13:09:39.202Z|99|Discharging|8554000|NA|1520000|37840000|38000000|NA|NA|NA|NA|0|cpu 315108 336 194559 11772895 3042 0 3867 0 0 0|795927|41000|3822904|3106720|1729522|847330|16686853|31189907|3|NA|NA
1305.014|2026-07-25T13:09:42.203Z|99|Discharging|8530000|NA|1527000|37840000|38000000|NA|NA|NA|NA|0|cpu 315182 336 194619 11773932 3043 0 3868 0 0 0|796342|41000|3822904|3098664|1729522|847610|16689643|31195823|3|NA|NA
1308.014|2026-07-25T13:09:45.236Z|99|Discharging|8544000|NA|1520000|37840000|38000000|NA|NA|NA|NA|0|cpu 315229 336 194667 11775017 3043 0 3869 0 0 0|795927|41000|3822904|3100184|1729522|847626|16691771|31205889|3|NA|NA
1311.015|2026-07-25T13:09:48.200Z|99|Discharging|8554000|NA|1573000|37840000|38000000|NA|NA|NA|NA|0|cpu 315307 336 194714 11776077 3043 0 3869 0 0 0|795687|40000|3822904|3110296|1729522|847770|16691930|31206393|3|NA|NA
1314.014|2026-07-25T13:09:51.200Z|99|Discharging|8554000|NA|1573000|37840000|38000000|NA|NA|NA|NA|0|cpu 315357 336 194760 11777165 3044 0 3869 0 0 0|795927|41000|3822904|3097392|1729522|847882|16691930|31206553|3|NA|NA
1317.015|2026-07-25T13:09:54.206Z|99|Discharging|8550000|NA|1520000|37840000|38000000|NA|NA|NA|NA|0|cpu 315408 336 194812 11778238 3046 0 3869 0 0 0|795927|40000|3822904|3113792|1729522|848570|16692342|31207005|3|NA|NA
1320.014|2026-07-25T13:09:57.197Z|99|Discharging|8552000|NA|1520000|37840000|38000000|NA|NA|NA|NA|0|cpu 315447 336 194849 11779349 3046 0 3870 0 0 0|795538|41000|3822904|3110452|1729522|848650|16692440|31207131|3|NA|NA
1323.014|2026-07-25T13:10:00.226Z|99|Discharging|8554000|NA|1520000|37840000|38000000|NA|NA|NA|NA|0|cpu 315484 336 194890 11780457 3046 0 3870 0 0 0|796038|41000|3822904|3114772|1729522|848770|16692440|31207131|3|NA|NA
1326.014|2026-07-25T13:10:03.233Z|99|Discharging|8522000|NA|1520000|37840000|38000000|NA|NA|NA|NA|0|cpu 315663 336 194966 11781379 3047 0 3870 0 0 0|795927|43000|3822904|3089712|1729522|848882|16696352|31211732|3|NA|NA
1329.016|2026-07-25T13:10:06.214Z|99|Discharging|8546000|NA|1520000|37840000|38000000|NA|NA|NA|NA|0|cpu 315737 336 195023 11782431 3049 0 3870 0 0 0|795927|41000|3822904|3084376|1729522|849466|16697082|31214744|3|NA|NA
1332.015|2026-07-25T13:10:09.200Z|99|Discharging|8544000|NA|1542000|37840000|38000000|NA|NA|NA|NA|0|cpu 315773 336 195062 11783542 3050 0 3870 0 0 0|795252|40000|3822904|3099460|1729522|849602|16697762|31215524|3|NA|NA
1335.014|2026-07-25T13:10:12.231Z|99|Discharging|8550000|NA|1520000|37840000|38000000|NA|NA|NA|NA|0|cpu 315822 336 195106 11784629 3050 0 3870 0 0 0|795480|40000|3822904|3100604|1729522|849666|16698004|31215952|3|NA|NA
1338.015|2026-07-25T13:10:15.200Z|99|Discharging|8554000|NA|1520000|37840000|38000000|NA|NA|NA|NA|0|cpu 315874 336 195153 11785718 3050 0 3870 0 0 0|795595|41000|3822904|3098104|1729522|849786|16698004|31216250|3|NA|NA
1341.014|2026-07-25T13:10:18.203Z|99|Discharging|8552000|NA|1520000|37840000|38000000|NA|NA|NA|NA|0|cpu 315956 336 195208 11786759 3053 0 3871 0 0 0|796316|41000|3822904|3109600|1729522|850450|16698495|31216696|3|NA|NA
1344.015|2026-07-25T13:10:21.209Z|99|Discharging|8548000|NA|1520000|37840000|38000000|NA|NA|NA|NA|0|cpu 316009 336 195257 11787843 3053 0 3871 0 0 0|796316|41000|3822904|3106604|1729522|850554|16698593|31217232|3|NA|NA
1347.014|2026-07-25T13:10:24.195Z|99|Discharging|8552000|NA|1520000|37840000|38000000|NA|NA|NA|NA|0|cpu 316062 336 195300 11788929 3053 0 3871 0 0 0|795824|41000|3822904|3117324|1729522|850562|16698741|31217538|3|NA|NA
1350.015|2026-07-25T13:10:27.202Z|99|Discharging|8544000|NA|1520000|37840000|38000000|NA|NA|NA|NA|0|cpu 316098 336 195337 11790042 3054 0 3871 0 0 0|795935|41000|3822904|3112376|1729522|850714|16699103|31217840|3|NA|NA
1353.015|2026-07-25T13:10:30.199Z|99|Discharging|8552000|NA|1520000|37840000|38000000|NA|NA|NA|NA|0|cpu 316134 336 195372 11791156 3054 0 3871 0 0 0|796254|41000|3822904|3097264|1729522|850810|16699232|31217946|3|NA|NA
1356.014|2026-07-25T13:10:33.198Z|99|Discharging|8532000|NA|1520000|37840000|38000000|NA|NA|NA|NA|0|cpu 316200 336 195427 11792212 3055 0 3871 0 0 0|795927|41000|3822904|3109060|1729522|850938|16699634|31218488|3|NA|NA
1359.015|2026-07-25T13:10:36.208Z|99|Discharging|8552000|NA|1520000|37840000|38000000|NA|NA|NA|NA|0|cpu 316232 336 195466 11793328 3055 0 3871 0 0 0|795927|41000|3822904|3111856|1729522|850962|16699676|31218646|3|NA|NA
1362.014|2026-07-25T13:10:39.199Z|99|Discharging|8552000|NA|1520000|37840000|38000000|NA|NA|NA|NA|0|cpu 316268 336 195503 11794442 3056 0 3871 0 0 0|795672|41000|3822904|3113440|1729522|851074|16699750|31218748|3|NA|NA
1365.014|2026-07-25T13:10:42.205Z|99|Discharging|8550000|NA|1520000|37840000|38000000|NA|NA|NA|NA|0|cpu 316324 336 195548 11795524 3056 0 3872 0 0 0|795919|41000|3822904|3099896|1729522|851162|16701428|31220561|3|NA|NA
1368.015|2026-07-25T13:10:45.197Z|99|Discharging|8550000|NA|1520000|37840000|38000000|NA|NA|NA|NA|0|cpu 316390 336 195616 11796567 3057 0 3872 0 0 0|795927|41000|3822904|3107208|1729522|851858|16702370|31224251|3|NA|NA
1371.014|2026-07-25T13:10:48.196Z|99|Discharging|8552000|NA|1520000|37840000|38000000|NA|NA|NA|NA|0|cpu 316473 336 195665 11797617 3057 0 3872 0 0 0|795556|40000|3822904|3110116|1729522|851946|16703406|31227359|3|NA|NA
1374.014|2026-07-25T13:10:51.258Z|99|Discharging|8550000|NA|1520000|37840000|38000000|NA|NA|NA|NA|0|cpu 316535 336 195741 11798643 3057 0 3874 0 0 0|795176|41000|3822904|3113248|1729522|852042|16711045|31243453|3|NA|NA
1377.015|2026-07-25T13:10:54.198Z|99|Discharging|8534000|NA|1520000|37840000|38000000|NA|NA|NA|NA|0|cpu 316612 336 195811 11799684 3057 0 3875 0 0 0|795400|41000|3822904|3097492|1729522|852082|16713487|31247915|3|NA|NA
1380.014|2026-07-25T13:10:57.187Z|99|Discharging|8530000|NA|1520000|37840000|38000000|NA|NA|NA|NA|0|cpu 316678 336 195895 11800695 3058 0 3876 0 0 0|795919|41000|3822904|3096068|1729522|852202|16723781|31269823|3|NA|NA
1383.014|2026-07-25T13:11:00.217Z|99|Discharging|8544000|NA|1527000|37840000|38000000|NA|NA|NA|NA|0|cpu 316716 336 195936 11801806 3058 0 3877 0 0 0|795585|40000|3822904|3105564|1729522|852290|16728162|31271950|3|NA|NA
1386.014|2026-07-25T13:11:03.218Z|99|Discharging|8548000|NA|1527000|37840000|38000000|NA|NA|NA|NA|0|cpu 316805 336 196041 11802776 3060 0 3879 0 0 0|795927|41000|3822904|3098052|1729522|852642|16746517|31298819|3|NA|NA
1389.015|2026-07-25T13:11:06.201Z|99|Discharging|8550000|NA|1603000|37840000|38000000|NA|NA|NA|NA|0|cpu 316857 336 196086 11803867 3060 0 3879 0 0 0|795927|41000|3822904|3105468|1729522|852682|16746795|31299343|3|NA|NA
1392.014|2026-07-25T13:11:09.188Z|99|Discharging|8546000|NA|1603000|37840000|38000000|NA|NA|NA|NA|0|cpu 316892 336 196131 11804963 3061 0 3880 0 0 0|796318|41000|3822904|3104108|1729522|852794|16750293|31309219|3|NA|NA
1395.015|2026-07-25T13:11:12.204Z|99|Discharging|8546000|NA|1520000|37840000|38000000|NA|NA|NA|NA|0|cpu 316967 336 196197 11806003 3061 0 3881 0 0 0|795927|41000|3822904|3109676|1729522|852882|16753185|31315127|3|NA|NA
1398.014|2026-07-25T13:11:15.197Z|99|Discharging|8544000|NA|1520000|37840000|38000000|NA|NA|NA|NA|0|cpu 317027 336 196271 11807047 3061 0 3882 0 0 0|795927|41000|3822904|3114196|1729522|853002|16757991|31322371|3|NA|NA
1401.014|2026-07-25T13:11:18.201Z|99|Discharging|8548000|NA|1565000|37840000|38000000|NA|NA|NA|NA|0|cpu 317111 336 196319 11808099 3061 0 3882 0 0 0|795927|41000|3822904|3094580|1729522|853090|16758137|31322623|3|NA|NA
1404.015|2026-07-25T13:11:21.184Z|99|Discharging|8550000|NA|1520000|37840000|38000000|NA|NA|NA|NA|0|cpu 317147 336 196363 11809200 3061 0 3882 0 0 0|796903|41000|3822904|3093076|1729522|853106|16761545|31329927|3|NA|NA
1407.015|2026-07-25T13:11:24.191Z|99|Discharging|8538000|NA|1520000|37840000|38000000|NA|NA|NA|NA|0|cpu 317246 336 196444 11810188 3062 0 3884 0 0 0|794858|42000|3822904|3112980|1729522|853178|16766647|31339991|3|NA|NA
1410.015|2026-07-25T13:11:27.196Z|99|Discharging|8548000|NA|1520000|37840000|38000000|NA|NA|NA|NA|0|cpu 317286 336 196501 11811278 3062 0 3885 0 0 0|796272|41000|3822904|3104164|1729522|853202|16770069|31345773|3|NA|NA
1413.015|2026-07-25T13:11:30.198Z|99|Discharging|8536000|NA|1565000|37840000|38000000|NA|NA|NA|NA|0|cpu 317317 336 196537 11812393 3062 0 3885 0 0 0|796152|41000|3822904|3098880|1729522|853434|16770817|31347005|3|NA|NA
1416.015|2026-07-25T13:11:33.226Z|99|Discharging|8528000|NA|1520000|37840000|38000000|NA|NA|NA|NA|0|cpu 317392 336 196610 11813425 3062 0 3886 0 0 0|795943|42000|3822904|3104900|1729522|853442|16776779|31362417|3|NA|NA
1419.015|2026-07-25T13:11:36.218Z|99|Discharging|8532000|NA|1580000|37840000|38000000|NA|NA|NA|NA|0|cpu 317511 336 196691 11814395 3062 0 3887 0 0 0|795919|42000|3822904|3108636|1729522|853602|16783720|31372648|3|NA|NA
1422.015|2026-07-25T13:11:39.198Z|99|Discharging|8546000|NA|1580000|37840000|38000000|NA|NA|NA|NA|0|cpu 317563 336 196735 11815482 3064 0 3887 0 0 0|795935|41000|3822904|3099164|1729522|854050|16787614|31377236|3|NA|NA
1425.014|2026-07-25T13:11:42.237Z|99|Discharging|8550000|NA|1550000|37840000|38000000|NA|NA|NA|NA|0|cpu 317596 336 196778 11816589 3065 0 3888 0 0 0|795927|40000|3822904|3102840|1729522|854186|16790974|31382436|3|NA|NA
1428.016|2026-07-25T13:11:45.222Z|99|Discharging|8534000|NA|1520000|37840000|38000000|NA|NA|NA|NA|0|cpu 317688 336 196860 11817591 3065 0 3889 0 0 0|795927|41000|3822904|3106324|1729522|854194|16794798|31392474|3|NA|NA
1431.015|2026-07-25T13:11:48.212Z|99|Discharging|8534000|NA|1542000|37840000|38000000|NA|NA|NA|NA|0|cpu 317782 336 196934 11818604 3065 0 3890 0 0 0|795566|41000|3822904|3108096|1729522|854386|16798992|31399152|3|NA|NA
1434.014|2026-07-25T13:11:51.197Z|99|Discharging|8550000|NA|1542000|37840000|38000000|NA|NA|NA|NA|0|cpu 317821 336 196967 11819716 3065 0 3890 0 0 0|795927|41000|3822904|3095740|1729522|854426|16799286|31399434|3|NA|NA
1437.014|2026-07-25T13:11:54.226Z|99|Discharging|8544000|NA|1520000|37840000|38000000|NA|NA|NA|NA|0|cpu 317874 336 197020 11820790 3065 0 3891 0 0 0|795919|41000|3822904|3101264|1729522|854530|16801411|31403398|3|NA|NA
1440.018|2026-07-25T13:11:57.201Z|99|Discharging|8534000|NA|1520000|37840000|38000000|NA|NA|NA|NA|0|cpu 317925 336 197074 11821869 3065 0 3891 0 0 0|796587|41000|3822904|3102860|1729522|854546|16804564|31411540|3|NA|NA
1443.015|2026-07-25T13:12:00.207Z|99|Discharging|8544000|NA|1520000|37840000|38000000|NA|NA|NA|NA|0|cpu 317989 336 197147 11822902 3066 0 3892 0 0 0|795745|40000|3822904|3103848|1729522|854658|16809542|31420780|3|NA|NA
1446.015|2026-07-25T13:12:03.202Z|99|Discharging|8548000|NA|1520000|37840000|38000000|NA|NA|NA|NA|0|cpu 318042 336 197194 11823984 3066 0 3892 0 0 0|795927|41000|3822904|3096800|1729522|854746|16810500|31422346|3|NA|NA
1449.014|2026-07-25T13:12:06.200Z|99|Discharging|8544000|NA|1520000|37840000|38000000|NA|NA|NA|NA|0|cpu 318096 336 197245 11825059 3066 0 3893 0 0 0|795935|41000|3822904|3103968|1729522|854762|16812824|31426186|3|NA|NA
1452.015|2026-07-25T13:12:09.208Z|99|Discharging|8546000|NA|1527000|37840000|38000000|NA|NA|NA|NA|0|cpu 318131 336 197287 11826164 3067 0 3893 0 0 0|795927|41000|3822904|3112576|1729522|854978|16815820|31433608|3|NA|NA
1455.014|2026-07-25T13:12:12.198Z|99|Discharging|8546000|NA|1527000|37840000|38000000|NA|NA|NA|NA|0|cpu 318191 336 197357 11827203 3067 0 3894 0 0 0|795911|41000|3822904|3097188|1729522|854986|16820486|31441722|3|NA|NA
1458.014|2026-07-25T13:12:15.199Z|99|Discharging|8546000|NA|1520000|37840000|38000000|NA|NA|NA|NA|0|cpu 318266 336 197424 11828243 3067 0 3895 0 0 0|796118|41000|3822904|3108452|1729522|855106|16822796|31445976|3|NA|NA
1461.014|2026-07-25T13:12:18.210Z|99|Discharging|8534000|NA|1520000|37840000|38000000|NA|NA|NA|NA|0|cpu 318310 336 197472 11829326 3067 0 3896 0 0 0|795927|41000|3822904|3105764|1729522|855162|16825780|31452782|3|NA|NA
1464.016|2026-07-25T13:12:21.206Z|99|Discharging|8542000|NA|1520000|37840000|38000000|NA|NA|NA|NA|0|cpu 318386 336 197524 11830387 3068 0 3896 0 0 0|795927|41000|3822904|3103360|1729522|855274|16828000|31457954|3|NA|NA
1467.015|2026-07-25T13:12:24.199Z|99|Discharging|8514000|NA|1520000|37840000|38000000|NA|NA|NA|NA|0|cpu 318464 336 197592 11831409 3068 0 3897 0 0 0|795927|40000|3822904|3104292|1729522|855354|16830608|31463122|3|NA|NA
1470.015|2026-07-25T13:12:27.198Z|99|Discharging|8546000|NA|1520000|37840000|38000000|NA|NA|NA|NA|0|cpu 318526 336 197658 11832470 3068 0 3897 0 0 0|795763|41000|3822904|3113988|1729522|855362|16833522|31468422|3|NA|NA
1473.014|2026-07-25T13:12:30.199Z|99|Discharging|8528000|NA|1520000|37840000|38000000|NA|NA|NA|NA|0|cpu 318558 336 197698 11833581 3069 0 3897 0 0 0|795696|41000|3822904|3104420|1729522|855562|16835226|31472284|3|NA|NA
1476.015|2026-07-25T13:12:33.207Z|99|Discharging|8540000|NA|1520000|37840000|38000000|NA|NA|NA|NA|0|cpu 318626 336 197785 11834598 3069 0 3900 0 0 0|796311|40000|3822904|3103552|1729522|855570|16844250|31490866|3|NA|NA
1479.015|2026-07-25T13:12:36.227Z|99|Discharging|8546000|NA|1520000|37840000|38000000|NA|NA|NA|NA|0|cpu 318694 336 197850 11835644 3069 0 3900 0 0 0|795927|41000|3822904|3110256|1729522|855586|16847482|31498308|3|NA|NA
1482.016|2026-07-25T13:12:39.197Z|99|Discharging|8540000|NA|1520000|37840000|38000000|NA|NA|NA|NA|0|cpu 318760 336 197928 11836669 3069 0 3901 0 0 0|795927|41000|3822904|3103784|1729522|855770|16854236|31512244|3|NA|NA
1485.014|2026-07-25T13:12:42.205Z|99|Discharging|8538000|NA|1542000|37840000|38000000|NA|NA|NA|NA|0|cpu 318793 336 197970 11837777 3069 0 3902 0 0 0|795548|41000|3822904|3093200|1729522|855778|16857072|31518054|3|NA|NA
1488.014|2026-07-25T13:12:45.227Z|99|Discharging|8548000|NA|1520000|37840000|38000000|NA|NA|NA|NA|0|cpu 318850 336 198027 11838840 3069 0 3903 0 0 0|795935|40000|3822904|3098600|1729522|855818|16860368|31527348|3|NA|NA
1491.016|2026-07-25T13:12:48.200Z|99|Discharging|8540000|NA|1520000|37840000|38000000|NA|NA|NA|NA|0|cpu 318929 336 198109 11839853 3069 0 3904 0 0 0|795164|41000|3822904|3097948|1729522|855826|16865597|31535586|3|NA|NA
1494.015|2026-07-25T13:12:51.207Z|99|Discharging|8546000|NA|1520000|37840000|38000000|NA|NA|NA|NA|0|cpu 319012 336 198159 11840902 3070 0 3904 0 0 0|795951|41000|3822904|3097232|1729522|855994|16866161|31536530|3|NA|NA
1497.015|2026-07-25T13:12:54.184Z|99|Discharging|8544000|NA|1520000|37840000|38000000|NA|NA|NA|NA|0|cpu 319070 336 198215 11841961 3070 0 3905 0 0 0|796111|41000|3822904|3102468|1729522|856074|16870581|31546424|3|NA|NA
1500.014|2026-07-25T13:12:57.209Z|99|Discharging|8546000|NA|1520000|37840000|38000000|NA|NA|NA|NA|0|cpu 319138 336 198279 11843006 3070 0 3906 0 0 0|795927|42000|3822904|3108644|1729522|856090|16873486|31552114|3|NA|NA
1503.014|2026-07-25T13:13:00.196Z|99|Discharging|8544000|NA|1520000|37840000|38000000|NA|NA|NA|NA|0|cpu 319181 336 198334 11844091 3071 0 3906 0 0 0|795927|41000|3822904|3095048|1729522|856202|16875798|31555374|3|NA|NA
1506.015|2026-07-25T13:13:03.204Z|99|Discharging|8548000|NA|1520000|37840000|38000000|NA|NA|NA|NA|0|cpu 319217 336 198378 11845198 3071 0 3907 0 0 0|795927|40000|3822904|3100600|1729522|856282|16878012|31559074|3|NA|NA
1509.014|2026-07-25T13:13:06.185Z|99|Discharging|8544000|NA|1520000|37840000|38000000|NA|NA|NA|NA|0|cpu 319291 336 198445 11846230 3071 0 3907 0 0 0|796654|41000|3822904|3107104|1729522|856402|16880970|31565964|3|NA|NA
1512.015|2026-07-25T13:13:09.221Z|99|Discharging|8534000|NA|1520000|37840000|38000000|NA|NA|NA|NA|0|cpu 319343 336 198502 11847302 3071 0 3908 0 0 0|796273|41000|3822904|3106432|1729522|856458|16884602|31574394|3|NA|NA
1515.014|2026-07-25T13:13:12.205Z|99|Discharging|8544000|NA|1520000|37840000|38000000|NA|NA|NA|NA|0|cpu 319387 336 198562 11848377 3071 0 3909 0 0 0|796058|41000|3822904|3099964|1729522|856530|16889114|31581372|3|NA|NA
1518.015|2026-07-25T13:13:15.201Z|99|Discharging|8544000|NA|1520000|37840000|38000000|NA|NA|NA|NA|0|cpu 319440 336 198612 11849454 3071 0 3909 0 0 0|795521|41000|3822904|3104360|1729522|856586|16890918|31584122|3|NA|NA
1521.015|2026-07-25T13:13:18.187Z|99|Discharging|8546000|NA|1520000|37840000|38000000|NA|NA|NA|NA|0|cpu 319491 336 198662 11850529 3071 0 3910 0 0 0|795927|41000|3822904|3107888|1729522|856602|16893304|31589240|3|NA|NA
1524.014|2026-07-25T13:13:21.214Z|99|Discharging|8538000|NA|1520000|37840000|38000000|NA|NA|NA|NA|0|cpu 319589 336 198736 11851534 3072 0 3911 0 0 0|796275|41000|3822904|3099280|1729522|856818|16896752|31597756|3|NA|NA
1527.014|2026-07-25T13:13:24.215Z|99|Discharging|8538000|NA|1520000|37840000|38000000|NA|NA|NA|NA|0|cpu 319636 336 198796 11852608 3072 0 3912 0 0 0|795927|41000|3822904|3112612|1729522|856826|16900972|31604434|3|NA|NA
1530.016|2026-07-25T13:13:27.196Z|99|Discharging|8538000|NA|1527000|37840000|38000000|NA|NA|NA|NA|0|cpu 319710 336 198856 11853654 3072 0 3913 0 0 0|795927|41000|3822904|3109036|1729522|856946|16902434|31607326|3|NA|NA
1533.014|2026-07-25T13:13:30.201Z|99|Discharging|8540000|NA|1520000|37840000|38000000|NA|NA|NA|NA|0|cpu 319744 336 198902 11854757 3073 0 3913 0 0 0|795919|41000|3822904|3108908|1729522|857066|16905418|31615558|3|NA|NA
1536.014|2026-07-25T13:13:33.201Z|99|Discharging|8544000|NA|1520000|37840000|38000000|NA|NA|NA|NA|0|cpu 319801 336 198970 11855803 3073 0 3914 0 0 0|795254|41000|3822904|3101040|1729522|857162|16910070|31623230|3|NA|NA
1539.014|2026-07-25T13:13:36.235Z|99|Discharging|8544000|NA|1520000|37840000|38000000|NA|NA|NA|NA|0|cpu 319860 336 199030 11856868 3073 0 3916 0 0 0|795433|41000|3822904|3099356|1729522|857178|16912706|31627992|3|NA|NA
1542.015|2026-07-25T13:13:39.202Z|99|Discharging|8530000|NA|1520000|37840000|38000000|NA|NA|NA|NA|0|cpu 319913 336 199078 11857953 3073 0 3916 0 0 0|795586|40000|3822904|3100576|1729522|857338|16914006|31630394|3|NA|NA
1545.015|2026-07-25T13:13:42.230Z|99|Discharging|8544000|NA|1520000|37840000|38000000|NA|NA|NA|NA|0|cpu 319950 336 199130 11859047 3073 0 3917 0 0 0|795927|42000|3822904|3095584|1729522|857402|16918534|31642314|3|NA|NA
1548.014|2026-07-25T13:13:45.208Z|99|Discharging|8532000|NA|1520000|37840000|38000000|NA|NA|NA|NA|0|cpu 320099 336 199227 11859973 3074 0 3919 0 0 0|796311|41000|3822904|3106596|1729522|857746|16929478|31656077|3|NA|NA
1551.015|2026-07-25T13:13:48.199Z|99|Discharging|8544000|NA|1520000|37840000|38000000|NA|NA|NA|NA|0|cpu 320155 336 199272 11861056 3076 0 3919 0 0 0|795927|41000|3822904|3104096|1729522|858082|16930370|31657549|3|NA|NA
1554.015|2026-07-25T13:13:51.184Z|99|Discharging|8522000|NA|1550000|37840000|38000000|NA|NA|NA|NA|0|cpu 320239 336 199330 11862089 3077 0 3920 0 0 0|795927|41000|3822904|3092544|1729522|858394|16933442|31664407|3|NA|NA
1557.015|2026-07-25T13:13:54.224Z|99|Discharging|8538000|NA|1542000|37840000|38000000|NA|NA|NA|NA|0|cpu 320316 336 199392 11863131 3077 0 3921 0 0 0|795894|43000|3822904|3091168|1729522|858402|16937030|31672897|3|NA|NA
1560.015|2026-07-25T13:13:57.214Z|99|Discharging|8538000|NA|1755000|37840000|38000000|NA|NA|NA|NA|0|cpu 320503 336 199473 11864040 3077 0 3922 0 0 0|796068|41000|3822904|3093480|1729522|858578|16942214|31680869|3|NA|NA
1563.015|2026-07-25T13:14:00.198Z|99|Discharging|8536000|NA|1755000|37840000|38000000|NA|NA|NA|NA|0|cpu 320547 336 199507 11865140 3081 0 3922 0 0 0|794832|41000|3822904|3100092|1729522|860226|16942307|31680963|3|NA|NA
1566.015|2026-07-25T13:14:03.193Z|99|Discharging|8540000|NA|1618000|37840000|38000000|NA|NA|NA|NA|0|cpu 320581 336 199553 11866238 3081 0 3923 0 0 0|797018|41000|3822904|3094808|1729522|860234|16946655|31691083|3|NA|NA
1569.014|2026-07-25T13:14:06.192Z|99|Discharging|8518000|NA|1580000|37840000|38000000|NA|NA|NA|NA|0|cpu 320662 336 199643 11867238 3082 0 3925 0 0 0|795175|41000|3822904|3094528|1729522|860354|16952019|31699993|3|NA|NA
1572.014|2026-07-25T13:14:09.212Z|99|Discharging|8546000|NA|1626000|37840000|38000000|NA|NA|NA|NA|0|cpu 320716 336 199696 11868319 3082 0 3925 0 0 0|795743|41000|3822904|3083716|1729522|860402|16954699|31704787|3|NA|NA
1575.015|2026-07-25T13:14:12.196Z|99|Discharging|8536000|NA|1626000|37840000|38000000|NA|NA|NA|NA|0|cpu 320759 336 199732 11869424 3082 0 3926 0 0 0|795935|41000|3822904|3103176|1729522|860410|16956259|31707441|3|NA|NA
1578.014|2026-07-25T13:14:15.200Z|99|Discharging|8540000|NA|1520000|37840000|38000000|NA|NA|NA|NA|0|cpu 320796 336 199780 11870519 3082 0 3927 0 0 0|795927|41000|3822904|3097084|1729522|860546|16960697|31716989|3|NA|NA
1581.015|2026-07-25T13:14:18.198Z|99|Discharging|8532000|NA|1520000|37840000|38000000|NA|NA|NA|NA|0|cpu 320886 336 199867 11871505 3082 0 3928 0 0 0|795927|41000|3822904|3096712|1729522|860554|16964715|31724059|3|NA|NA
1584.014|2026-07-25T13:14:21.205Z|99|Discharging|8524000|NA|1520000|37840000|38000000|NA|NA|NA|NA|0|cpu 320972 336 199924 11872548 3083 0 3928 0 0 0|795764|42000|3822904|3108168|1729522|860682|16966905|31727999|3|NA|NA
1587.015|2026-07-25T13:14:24.199Z|99|Discharging|8544000|NA|1520000|37840000|38000000|NA|NA|NA|NA|0|cpu 321010 336 199958 11873663 3083 0 3928 0 0 0|795927|41000|3822904|3099892|1729522|860762|16967051|31728251|3|NA|NA
1590.014|2026-07-25T13:14:27.216Z|99|Discharging|8536000|NA|1520000|37840000|38000000|NA|NA|NA|NA|0|cpu 321065 336 200016 11874719 3083 0 3929 0 0 0|795927|41000|3822904|3101296|1729522|860890|16969995|31734795|3|NA|NA
1593.016|2026-07-25T13:14:30.246Z|99|Discharging|8536000|NA|1542000|37840000|38000000|NA|NA|NA|NA|0|cpu 321226 336 200118 11875635 3083 0 3930 0 0 0|795939|44000|3822904|3099212|1729522|860962|16973865|31743825|3|NA|NA
1596.014|2026-07-25T13:14:33.198Z|99|Discharging|8536000|NA|1542000|37840000|38000000|NA|NA|NA|NA|0|cpu 321285 336 200193 11876668 3084 0 3931 0 0 0|795919|41000|3822904|3096448|1729522|861018|16978635|31751753|3|NA|NA
1599.015|2026-07-25T13:14:36.216Z|99|Discharging|8540000|NA|1618000|37840000|38000000|NA|NA|NA|NA|0|cpu 321334 336 200237 11877759 3084 0 3932 0 0 0|796842|42000|3822904|3106996|1729522|861066|16979292|31752477|3|NA|NA
1602.014|2026-07-25T13:14:39.200Z|99|Discharging|8542000|NA|1520000|37840000|38000000|NA|NA|NA|NA|0|cpu 321392 336 200292 11878826 3084 0 3932 0 0 0|795927|41000|3822904|3104500|1729522|861178|16981564|31756967|3|NA|NA
1605.014|2026-07-25T13:14:42.214Z|99|Discharging|8540000|NA|1527000|37840000|38000000|NA|NA|NA|NA|0|cpu 321442 336 200353 11879888 3084 0 3933 0 0 0|796479|41000|3822904|3112056|1729522|861242|16985360|31767467|3|NA|NA
1608.014|2026-07-25T13:14:45.201Z|99|Discharging|8542000|NA|1520000|37840000|38000000|NA|NA|NA|NA|0|cpu 321488 336 200419 11880959 3084 0 3934 0 0 0|795927|41000|3822904|3104096|1729522|861290|16990228|31774775|3|NA|NA
1611.014|2026-07-25T13:14:48.208Z|99|Discharging|8542000|NA|1520000|37840000|38000000|NA|NA|NA|NA|0|cpu 321554 336 200474 11882017 3084 0 3934 0 0 0|795896|41000|3822904|3112136|1729522|861306|16990864|31775755|3|NA|NA
1614.014|2026-07-25T13:14:51.243Z|99|Discharging|8538000|NA|1520000|37840000|38000000|NA|NA|NA|NA|0|cpu 321605 336 200529 11883092 3085 0 3935 0 0 0|795911|41000|3822904|3105596|1729522|861418|16994820|31786407|3|NA|NA
1617.017|2026-07-25T13:14:54.208Z|99|Discharging|8542000|NA|1527000|37840000|38000000|NA|NA|NA|NA|0|cpu 321706 336 200603 11884093 3085 0 3936 0 0 0|795141|41000|3822904|3094524|1729522|861482|16998722|31792699|3|NA|NA
1620.014|2026-07-25T13:14:57.211Z|99|Discharging|8526000|NA|1527000|37840000|38000000|NA|NA|NA|NA|0|cpu 321760 336 200666 11885157 3085 0 3937 0 0 0|795927|41000|3822904|3091064|1729522|861610|17001856|31797953|3|NA|NA
1623.015|2026-07-25T13:15:00.203Z|99|Discharging|8542000|NA|1527000|37840000|38000000|NA|NA|NA|NA|0|cpu 321814 336 200713 11886241 3085 0 3937 0 0 0|795927|41000|3822904|3106052|1729522|861674|17002823|31799373|3|NA|NA
1626.014|2026-07-25T13:15:03.242Z|99|Discharging|8536000|NA|1520000|37840000|38000000|NA|NA|NA|NA|0|cpu 321869 336 200776 11887301 3087 0 3938 0 0 0|795916|42000|3822904|3111244|1729522|862122|17008241|31813107|3|NA|NA
1629.015|2026-07-25T13:15:06.196Z|99|Discharging|8526000|NA|1565000|37840000|38000000|NA|NA|NA|NA|0|cpu 321916 336 200843 11888359 3087 0 3939 0 0 0|795919|41000|3822904|3103496|1729522|862218|17013307|31821027|3|NA|NA
1632.014|2026-07-25T13:15:09.207Z|99|Discharging|8540000|NA|1520000|37840000|38000000|NA|NA|NA|NA|0|cpu 321982 336 200897 11889419 3087 0 3939 0 0 0|795927|42000|3822904|3096732|1729522|862226|17013421|31821215|3|NA|NA
1635.015|2026-07-25T13:15:12.191Z|99|Discharging|8538000|NA|1520000|37840000|38000000|NA|NA|NA|NA|0|cpu 322020 336 200943 11890511 3088 0 3940 0 0 0|795935|41000|3822904|3112832|1729522|862466|17017609|31831001|3|NA|NA
1638.014|2026-07-25T13:15:15.191Z|99|Discharging|8514000|NA|1520000|37840000|38000000|NA|NA|NA|NA|0|cpu 322082 336 201015 11891550 3088 0 3942 0 0 0|796112|41000|3822904|3109024|1729522|862474|17023149|31840311|3|NA|NA
1641.015|2026-07-25T13:15:18.232Z|99|Discharging|8542000|NA|1550000|37840000|38000000|NA|NA|NA|NA|0|cpu 322138 336 201069 11892625 3088 0 3942 0 0 0|795548|41000|3822904|3096192|1729522|862602|17025071|31843849|3|NA|NA
1644.014|2026-07-25T13:15:21.195Z|99|Discharging|8540000|NA|1550000|37840000|38000000|NA|NA|NA|NA|0|cpu 322189 336 201122 11893699 3088 0 3943 0 0 0|795927|40000|3822904|3108440|1729522|862674|17028545|31850747|3|NA|NA
1647.014|2026-07-25T13:15:24.198Z|99|Discharging|8542000|NA|1520000|37840000|38000000|NA|NA|NA|NA|0|cpu 322298 336 201193 11894697 3089 0 3944 0 0 0|795919|41000|3822904|3114076|1729522|862738|17032107|31860723|3|NA|NA
1650.014|2026-07-25T13:15:27.218Z|99|Discharging|8530000|NA|1520000|37840000|38000000|NA|NA|NA|NA|0|cpu 322346 336 201261 11895762 3089 0 3945 0 0 0|795927|42000|3822904|3102016|1729522|862810|17036399|31867383|3|NA|NA
1653.014|2026-07-25T13:15:30.198Z|99|Discharging|8540000|NA|1596000|37840000|38000000|NA|NA|NA|NA|0|cpu 322407 336 201314 11896830 3089 0 3945 0 0 0|795809|41000|3822904|3106224|1729522|862818|17037097|31868603|3|NA|NA
1656.015|2026-07-25T13:15:33.197Z|99|Discharging|8538000|NA|1596000|37840000|38000000|NA|NA|NA|NA|0|cpu 322442 336 201357 11897928 3089 0 3946 0 0 0|795927|41000|3822904|3098304|1729522|863018|17040755|31878325|3|NA|NA
1659.014|2026-07-25T13:15:36.185Z|99|Discharging|8536000|NA|1520000|37840000|38000000|NA|NA|NA|NA|0|cpu 322506 336 201430 11898964 3089 0 3947 0 0 0|795919|42000|3822904|3102572|1729522|863034|17046272|31887193|3|NA|NA
1662.015|2026-07-25T13:15:39.201Z|99|Discharging|8544000|NA|1542000|37840000|38000000|NA|NA|NA|NA|0|cpu 322574 336 201498 11900012 3089 0 3947 0 0 0|795581|41000|3822904|3103196|1729522|863154|17048928|31891935|3|NA|NA
1665.015|2026-07-25T13:15:42.198Z|99|Discharging|8522000|NA|1520000|37840000|38000000|NA|NA|NA|NA|0|cpu 322609 336 201536 11901121 3089 0 3948 0 0 0|795927|41000|3822904|3105000|1729522|863218|17051008|31895585|3|NA|NA
1668.014|2026-07-25T13:15:45.244Z|99|Discharging|8540000|NA|1520000|37840000|38000000|NA|NA|NA|NA|0|cpu 322642 336 201580 11902228 3090 0 3948 0 0 0|795927|41000|3822904|3105340|1729522|863282|17052998|31902111|3|NA|NA
1671.015|2026-07-25T13:15:48.207Z|99|Discharging|8520000|NA|1520000|37840000|38000000|NA|NA|NA|NA|0|cpu 322800 336 201683 11903140 3091 0 3949 0 0 0|796144|41000|3822904|3102556|1729522|863746|17064193|31918500|3|NA|NA
1674.015|2026-07-25T13:15:51.199Z|99|Discharging|8540000|NA|1580000|37840000|38000000|NA|NA|NA|NA|0|cpu 322853 336 201734 11904219 3092 0 3950 0 0 0|796258|41000|3822904|3108352|1729522|863922|17065835|31921760|3|NA|NA
1677.014|2026-07-25T13:15:54.201Z|99|Discharging|8540000|NA|1520000|37840000|38000000|NA|NA|NA|NA|0|cpu 322937 336 201787 11905263 3092 0 3950 0 0 0|796130|42000|3822904|3102076|1729522|864042|17068287|31926566|3|NA|NA
1680.015|2026-07-25T13:15:57.201Z|99|Discharging|8540000|NA|1520000|37840000|38000000|NA|NA|NA|NA|0|cpu 323002 336 201848 11906310 3092 0 3952 0 0 0|795927|41000|3822904|3107648|1729522|864066|17072817|31937356|3|NA|NA
1683.015|2026-07-25T13:16:00.197Z|99|Discharging|8532000|NA|1520000|37840000|38000000|NA|NA|NA|NA|0|cpu 323077 336 201924 11907334 3092 0 3952 0 0 0|796301|41000|3822904|3107448|1729522|864242|17076605|31943242|3|NA|NA
1686.015|2026-07-25T13:16:03.200Z|98|Discharging|8536000|NA|1558000|37460000|38000000|NA|NA|NA|NA|0|cpu 323111 336 201961 11908450 3092 0 3953 0 0 0|795927|41000|3822904|3106696|1729522|864250|17077446|31944744|3|NA|NA
1689.014|2026-07-25T13:16:06.225Z|98|Discharging|8532000|NA|1520000|37460000|38000000|NA|NA|NA|NA|0|cpu 323148 336 202016 11909528 3093 0 3954 0 0 0|795927|41000|3822904|3102172|1729522|864386|17083556|31959204|3|NA|NA
1692.014|2026-07-25T13:16:09.236Z|98|Discharging|8538000|NA|1520000|37460000|38000000|NA|NA|NA|NA|0|cpu 323224 336 202096 11910555 3093 0 3955 0 0 0|795927|41000|3822904|3107228|1729522|864402|17088326|31967294|3|NA|NA
1695.015|2026-07-25T13:16:12.198Z|98|Discharging|8532000|NA|1542000|37460000|38000000|NA|NA|NA|NA|0|cpu 323275 336 202144 11911642 3093 0 3956 0 0 0|796694|41000|3822904|3111928|1729522|864546|17090428|31971552|3|NA|NA
1698.015|2026-07-25T13:16:15.199Z|98|Discharging|8516000|NA|1520000|37460000|38000000|NA|NA|NA|NA|0|cpu 323329 336 202204 11912700 3093 0 3957 0 0 0|795564|41000|3822904|3100944|1729522|864666|17095278|31983214|3|NA|NA
1701.015|2026-07-25T13:16:18.254Z|98|Discharging|8538000|NA|1535000|37460000|38000000|NA|NA|NA|NA|0|cpu 323367 336 202267 11913778 3093 0 3957 0 0 0|795645|41000|3822904|3101188|1729522|864786|17099250|31989290|3|NA|NA
1704.015|2026-07-25T13:16:21.198Z|98|Discharging|8540000|NA|1535000|37460000|38000000|NA|NA|NA|NA|0|cpu 323441 336 202325 11914831 3093 0 3958 0 0 0|796219|41000|3822904|3103136|1729522|864834|17100574|31990856|3|NA|NA
1707.014|2026-07-25T13:16:24.183Z|98|Discharging|8510000|NA|1520000|37460000|38000000|NA|NA|NA|NA|0|cpu 323524 336 202385 11915859 3094 0 3959 0 0 0|795520|41000|3822904|3104244|1729522|864914|17104520|32001338|3|NA|NA
1710.014|2026-07-25T13:16:27.194Z|98|Discharging|8538000|NA|1527000|37460000|38000000|NA|NA|NA|NA|0|cpu 323587 336 202469 11916886 3094 0 3960 0 0 0|795927|41000|3822904|3092456|1729522|864986|17110980|32012692|3|NA|NA
1713.014|2026-07-25T13:16:30.207Z|98|Discharging|8528000|NA|1580000|37460000|38000000|NA|NA|NA|NA|0|cpu 323658 336 202533 11917928 3094 0 3961 0 0 0|795903|43000|3822904|3093324|1729522|865106|17114139|32020868|3|NA|NA
1716.015|2026-07-25T13:16:33.199Z|98|Discharging|8528000|NA|1580000|37460000|38000000|NA|NA|NA|NA|0|cpu 323714 336 202590 11918988 3094 0 3962 0 0 0|795927|42000|3822904|3104972|1729522|865170|17117561|32029240|3|NA|NA
1719.015|2026-07-25T13:16:36.209Z|98|Discharging|8538000|NA|1535000|37460000|38000000|NA|NA|NA|NA|0|cpu 323755 336 202651 11920066 3095 0 3963 0 0 0|795927|41000|3822904|3104588|1729522|865234|17121919|32035520|3|NA|NA
1722.014|2026-07-25T13:16:39.214Z|98|Discharging|8536000|NA|1520000|37460000|38000000|NA|NA|NA|NA|0|cpu 323806 336 202702 11921147 3095 0 3963 0 0 0|796275|42000|3822904|3104952|1729522|865274|17122895|32037212|3|NA|NA
1725.015|2026-07-25T13:16:42.192Z|98|Discharging|8538000|NA|1520000|37460000|38000000|NA|NA|NA|NA|0|cpu 323864 336 202758 11922207 3096 0 3964 0 0 0|795193|41000|3822904|3109212|1729522|865394|17127795|32047820|3|NA|NA
1728.015|2026-07-25T13:16:45.199Z|98|Discharging|8532000|NA|1520000|37460000|38000000|NA|NA|NA|NA|0|cpu 323924 336 202837 11923240 3096 0 3965 0 0 0|795935|41000|3822904|3101444|1729522|865482|17133769|32058796|3|NA|NA
1731.014|2026-07-25T13:16:48.195Z|98|Discharging|8538000|NA|1565000|37460000|38000000|NA|NA|NA|NA|0|cpu 323959 336 202879 11924343 3096 0 3966 0 0 0|795627|41000|3822904|3095956|1729522|865498|17136185|32063394|3|NA|NA
1734.015|2026-07-25T13:16:51.219Z|98|Discharging|8522000|NA|1520000|37460000|38000000|NA|NA|NA|NA|0|cpu 324028 336 202939 11925390 3096 0 3967 0 0 0|795945|41000|3822904|3107956|1729522|865650|17138941|32071586|3|NA|NA
1737.015|2026-07-25T13:16:54.208Z|98|Discharging|8520000|NA|1565000|37460000|38000000|NA|NA|NA|NA|0|cpu 324143 336 203027 11926361 3096 0 3968 0 0 0|795927|42000|3822904|3104460|1729522|865722|17143497|32079432|3|NA|NA
1740.015|2026-07-25T13:16:57.198Z|98|Discharging|8536000|NA|1565000|37460000|38000000|NA|NA|NA|NA|0|cpu 324178 336 203072 11927463 3096 0 3969 0 0 0|795927|41000|3822904|3096488|1729522|865786|17145367|32083070|3|NA|NA
1743.014|2026-07-25T13:17:00.252Z|98|Discharging|8536000|NA|1542000|37460000|38000000|NA|NA|NA|NA|0|cpu 324228 336 203125 11928542 3096 0 3969 0 0 0|796189|42000|3822904|3090832|1729522|865794|17147139|32086468|3|NA|NA
1746.014|2026-07-25T13:17:03.225Z|98|Discharging|8536000|NA|1520000|37460000|38000000|NA|NA|NA|NA|0|cpu 324299 336 203191 11929590 3098 0 3970 0 0 0|795895|43000|3822904|3101948|1729522|866266|17151533|32097874|3|NA|NA
1749.014|2026-07-25T13:17:06.198Z|98|Discharging|8536000|NA|1542000|37460000|38000000|NA|NA|NA|NA|0|cpu 324353 336 203262 11930640 3098 0 3971 0 0 0|796834|42000|3822904|3098532|1729522|866378|17156040|32104674|3|NA|NA
1752.015|2026-07-25T13:17:09.229Z|98|Discharging|8536000|NA|1542000|37460000|38000000|NA|NA|NA|NA|0|cpu 324386 336 203304 11931751 3098 0 3971 0 0 0|795810|41000|3822904|3103188|1729522|866458|17157032|32106272|3|NA|NA
1755.014|2026-07-25T13:17:12.193Z|98|Discharging|8534000|NA|1527000|37460000|38000000|NA|NA|NA|NA|0|cpu 324457 336 203369 11932791 3098 0 3972 0 0 0|796279|42000|3822904|3100444|1729522|866466|17161776|32117528|3|NA|NA
1758.014|2026-07-25T13:17:15.198Z|98|Discharging|8536000|NA|1527000|37460000|38000000|NA|NA|NA|NA|0|cpu 324524 336 203444 11933824 3099 0 3974 0 0 0|795927|41000|3822904|3092576|1729522|866650|17167198|32127524|3|NA|NA
1761.014|2026-07-25T13:17:18.204Z|98|Discharging|8530000|NA|1520000|37460000|38000000|NA|NA|NA|NA|0|cpu 324560 336 203488 11934928 3099 0 3975 0 0 0|795927|41000|3822904|3096860|1729522|866666|17170038|32133050|3|NA|NA
1764.014|2026-07-25T13:17:21.200Z|98|Discharging|8524000|NA|1520000|37460000|38000000|NA|NA|NA|NA|0|cpu 324630 336 203547 11935975 3100 0 3975 0 0 0|795969|41000|3822904|3101172|1729522|866802|17173397|32142436|3|NA|NA
1767.013|2026-07-25T13:17:24.241Z|98|Discharging|8532000|NA|1520000|37460000|38000000|NA|NA|NA|NA|0|cpu 324700 336 203629 11936992 3100 0 3976 0 0 0|796161|41000|3822904|3095740|1729522|866874|17178907|32151156|3|NA|NA
1770.015|2026-07-25T13:17:27.198Z|98|Discharging|8536000|NA|1580000|37460000|38000000|NA|NA|NA|NA|0|cpu 324785 336 203682 11938040 3100 0 3977 0 0 0|795615|41000|3822904|3103924|1729522|866906|17180465|32153684|3|NA|NA
1773.015|2026-07-25T13:17:30.197Z|98|Discharging|8528000|NA|1542000|37460000|38000000|NA|NA|NA|NA|0|cpu 324838 336 203741 11939106 3101 0 3978 0 0 0|795927|42000|3822904|3102840|1729522|867034|17185159|32166028|3|NA|NA
1776.014|2026-07-25T13:17:33.199Z|98|Discharging|8528000|NA|1542000|37460000|38000000|NA|NA|NA|NA|0|cpu 324913 336 203826 11940116 3101 0 3979 0 0 0|795604|42000|3822904|3096216|1729522|867106|17190145|32173908|3|NA|NA
1779.014|2026-07-25T13:17:36.221Z|98|Discharging|8530000|NA|1611000|37460000|38000000|NA|NA|NA|NA|0|cpu 324948 336 203868 11941225 3102 0 3979 0 0 0|796322|43000|3822904|3101360|1729522|867178|17192827|32178980|3|NA|NA
1782.014|2026-07-25T13:17:39.197Z|98|Discharging|8536000|NA|1520000|37460000|38000000|NA|NA|NA|NA|0|cpu 325016 336 203955 11942240 3102 0 3981 0 0 0|796144|41000|3822904|3106160|1729522|867218|17200263|32195568|3|NA|NA
1785.015|2026-07-25T13:17:42.205Z|98|Discharging|8522000|NA|1520000|37460000|38000000|NA|NA|NA|NA|0|cpu 325084 336 204011 11943295 3102 0 3981 0 0 0|796150|41000|3822904|3105172|1729522|867234|17202369|32199844|3|NA|NA
1788.014|2026-07-25T13:17:45.200Z|98|Discharging|8522000|NA|1520000|37460000|38000000|NA|NA|NA|NA|0|cpu 325121 336 204059 11944390 3102 0 3982 0 0 0|795927|41000|3822904|3105516|1729522|867434|17205869|32208558|3|NA|NA
1791.014|2026-07-25T13:17:48.187Z|98|Discharging|8538000|NA|1520000|37460000|38000000|NA|NA|NA|NA|0|cpu 325254 336 204145 11945339 3102 0 3983 0 0 0|795943|42000|3822904|3098512|1729522|867450|17214656|32222763|3|NA|NA
1794.014|2026-07-25T13:17:51.236Z|98|Discharging|8522000|NA|1580000|37460000|38000000|NA|NA|NA|NA|0|cpu 325307 336 204199 11946415 3104 0 3984 0 0 0|795935|42000|3822904|3105060|1729522|867826|17218248|32226599|3|NA|NA
1797.015|2026-07-25T13:17:54.211Z|98|Discharging|8530000|NA|1520000|37460000|38000000|NA|NA|NA|NA|0|cpu 325362 336 204246 11947500 3104 0 3984 0 0 0|796267|41000|3822904|3102748|1729522|868130|17221074|32231641|3|NA|NA
1800.014|2026-07-25T13:17:57.218Z|98|Discharging|8520000|NA|1520000|37460000|38000000|NA|NA|NA|NA|0|cpu 325468 336 204322 11948488 3104 0 3985 0 0 0|795226|41000|3822904|3094384|1729698|868202|17225534|32243069|3|NA|NA
1803.015|2026-07-25T13:18:00.208Z|98|Discharging|8520000|NA|1520000|37460000|38000000|NA|NA|NA|NA|0|cpu 325514 336 204385 11949559 3104 0 3986 0 0 0|795919|41000|3822904|3107528|1729698|868274|17229660|32249519|3|NA|NA
1806.014|2026-07-25T13:18:03.197Z|98|Discharging|8528000|NA|1520000|37460000|38000000|NA|NA|NA|NA|0|cpu 325586 336 204434 11950617 3105 0 3986 0 0 0|795927|41000|3822904|3102248|1729698|868402|17229952|32250657|3|NA|NA
1809.014|2026-07-25T13:18:06.197Z|98|Discharging|8516000|NA|1520000|37460000|38000000|NA|NA|NA|NA|0|cpu 325654 336 204524 11951626 3105 0 3988 0 0 0|795541|41000|3822904|3101156|1729698|868506|17239760|32270959|3|NA|NA
1812.014|2026-07-25T13:18:09.217Z|98|Discharging|8532000|NA|1520000|37460000|38000000|NA|NA|NA|NA|0|cpu 325689 336 204563 11952737 3105 0 3988 0 0 0|794756|41000|3822904|3098984|1729698|868522|17241388|32273675|3|NA|NA
1815.015|2026-07-25T13:18:12.203Z|98|Discharging|8534000|NA|1520000|37460000|38000000|NA|NA|NA|NA|0|cpu 325790 336 204672 11953690 3106 0 3990 0 0 0|795927|41000|3822904|3109652|1729698|868650|17250056|32292525|3|NA|NA
1818.014|2026-07-25T13:18:15.199Z|98|Discharging|8526000|NA|1611000|37460000|38000000|NA|NA|NA|NA|0|cpu 325852 336 204756 11954712 3106 0 3991 0 0 0|795927|43000|3822904|3099064|1729698|868658|17258300|32310565|3|NA|NA
1821.014|2026-07-25T13:18:18.209Z|98|Discharging|8520000|NA|1588000|37460000|38000000|NA|NA|NA|NA|0|cpu 325890 336 204804 11955815 3106 0 3991 0 0 0|795927|41000|3822904|3102288|1729698|868738|17260108|32313903|3|NA|NA
1824.014|2026-07-25T13:18:21.182Z|98|Discharging|8526000|NA|1588000|37460000|38000000|NA|NA|NA|NA|0|cpu 325945 336 204856 11956880 3106 0 3993 0 0 0|795743|41000|3822904|3104072|1729698|868770|17263660|32321683|3|NA|NA
1827.014|2026-07-25T13:18:24.184Z|98|Discharging|8526000|NA|1535000|37460000|38000000|NA|NA|NA|NA|0|cpu 326019 336 204933 11957899 3107 0 3994 0 0 0|795548|41000|3822904|3105188|1729698|868882|17268540|32331775|3|NA|NA
1830.014|2026-07-25T13:18:27.200Z|98|Discharging|8534000|NA|1626000|37460000|38000000|NA|NA|NA|NA|0|cpu 326106 336 204998 11958933 3107 0 3995 0 0 0|795927|41000|3822904|3103752|1729698|868938|17272298|32337277|3|NA|NA
1833.014|2026-07-25T13:18:30.203Z|98|Discharging|8528000|NA|1626000|37460000|38000000|NA|NA|NA|NA|0|cpu 326140 336 205048 11960025 3107 0 3995 0 0 0|795238|41000|3822904|3098220|1729698|868962|17276130|32344947|3|NA|NA
1836.014|2026-07-25T13:18:33.204Z|98|Discharging|8534000|NA|1520000|37460000|38000000|NA|NA|NA|NA|0|cpu 326239 336 205150 11960997 3107 0 3996 0 0 0|795927|42000|3822904|3106780|1729698|869130|17283202|32359047|3|NA|NA
1839.015|2026-07-25T13:18:36.206Z|98|Discharging|8528000|NA|1588000|37460000|38000000|NA|NA|NA|NA|0|cpu 326276 336 205194 11962102 3107 0 3997 0 0 0|795927|41000|3822904|3098440|1729698|869138|17285692|32363767|3|NA|NA
1842.015|2026-07-25T13:18:39.184Z|98|Discharging|8534000|NA|1520000|37460000|38000000|NA|NA|NA|NA|0|cpu 326334 336 205268 11963136 3108 0 3998 0 0 0|795927|42000|3822904|3096356|1729698|869210|17291674|32376699|3|NA|NA
1845.016|2026-07-25T13:18:42.243Z|98|Discharging|8512000|NA|1520000|37460000|38000000|NA|NA|NA|NA|0|cpu 326393 336 205325 11964206 3108 0 3999 0 0 0|795846|41000|3822904|3100604|1729698|869242|17294524|32381899|3|NA|NA
1848.013|2026-07-25T13:18:45.197Z|98|Discharging|8536000|NA|1520000|37460000|38000000|NA|NA|NA|NA|0|cpu 326445 336 205375 11965291 3108 0 3999 0 0 0|795927|42000|3822904|3109612|1729698|869402|17296100|32384459|3|NA|NA
1851.015|2026-07-25T13:18:48.189Z|98|Discharging|8534000|NA|1520000|37460000|38000000|NA|NA|NA|NA|0|cpu 326482 336 205418 11966387 3108 0 4000 0 0 0|795927|41000|3822904|3105856|1729698|869474|17299444|32392425|3|NA|NA
1854.015|2026-07-25T13:18:51.196Z|98|Discharging|8532000|NA|1520000|37460000|38000000|NA|NA|NA|NA|0|cpu 326543 336 205498 11967424 3108 0 4001 0 0 0|795927|41000|3822904|3098016|1729698|869506|17305508|32403465|3|NA|NA
1857.016|2026-07-25T13:18:54.208Z|98|Discharging|8530000|NA|1520000|37460000|38000000|NA|NA|NA|NA|0|cpu 326613 336 205553 11968480 3109 0 4001 0 0 0|795927|41000|3822904|3110424|1729698|869642|17306190|32404779|3|NA|NA
1860.014|2026-07-25T13:18:57.200Z|98|Discharging|8516000|NA|1535000|37460000|38000000|NA|NA|NA|NA|0|cpu 326702 336 205606 11969515 3110 0 4003 0 0 0|796529|41000|3822904|3102768|1729698|869730|17309016|32409773|3|NA|NA
1863.015|2026-07-25T13:19:00.198Z|98|Discharging|8532000|NA|1558000|37460000|38000000|NA|NA|NA|NA|0|cpu 326754 336 205671 11970570 3110 0 4004 0 0 0|795927|41000|3822904|3111096|1729698|869754|17313044|32420175|3|NA|NA
1866.014|2026-07-25T13:19:03.213Z|98|Discharging|8528000|NA|1588000|37460000|38000000|NA|NA|NA|NA|0|cpu 326828 336 205747 11971596 3110 0 4005 0 0 0|795927|41000|3822904|3111444|1729698|869930|17317115|32425627|3|NA|NA
1869.015|2026-07-25T13:19:06.202Z|98|Discharging|8532000|NA|1588000|37460000|38000000|NA|NA|NA|NA|0|cpu 326871 336 205786 11972700 3110 0 4005 0 0 0|795927|41000|3822904|3106812|1729698|869938|17318609|32428079|3|NA|NA
1872.015|2026-07-25T13:19:09.199Z|98|Discharging|8532000|NA|1588000|37460000|38000000|NA|NA|NA|NA|0|cpu 326905 336 205828 11973804 3111 0 4005 0 0 0|795935|41000|3822904|3117020|1729698|870026|17320835|32432243|3|NA|NA
1875.014|2026-07-25T13:19:12.213Z|98|Discharging|8526000|NA|1520000|37460000|38000000|NA|NA|NA|NA|0|cpu 326960 336 205880 11974885 3111 0 4006 0 0 0|795800|41000|3822904|3101680|1729698|870074|17323798|32439801|3|NA|NA
1878.014|2026-07-25T13:19:15.198Z|98|Discharging|8524000|NA|1520000|37460000|38000000|NA|NA|NA|NA|0|cpu 327030 336 205958 11975902 3111 0 4007 0 0 0|795919|41000|3822904|3107504|1729698|870242|17327816|32446633|3|NA|NA
1881.015|2026-07-25T13:19:18.197Z|98|Discharging|8532000|NA|1520000|37460000|38000000|NA|NA|NA|NA|0|cpu 327071 336 206010 11976996 3112 0 4007 0 0 0|795244|41000|3822904|3109532|1729698|870338|17330324|32451101|3|NA|NA
1884.014|2026-07-25T13:19:21.196Z|98|Discharging|8522000|NA|1520000|37460000|38000000|NA|NA|NA|NA|0|cpu 327103 336 206045 11978111 3112 0 4008 0 0 0|795717|41000|3822904|3104560|1729698|870362|17331084|32452685|3|NA|NA
1887.015|2026-07-25T13:19:24.202Z|98|Discharging|8530000|NA|1520000|37460000|38000000|NA|NA|NA|NA|0|cpu 327170 336 206102 11979165 3112 0 4008 0 0 0|795927|41000|3822904|3098436|1729698|870482|17332756|32456177|3|NA|NA
1890.014|2026-07-25T13:19:27.197Z|98|Discharging|8516000|NA|1520000|37460000|38000000|NA|NA|NA|NA|0|cpu 327255 336 206161 11980197 3112 0 4009 0 0 0|795919|42000|3822904|3103000|1729698|870546|17336554|32466531|3|NA|NA
1893.015|2026-07-25T13:19:30.199Z|98|Discharging|8532000|NA|1520000|37460000|38000000|NA|NA|NA|NA|0|cpu 327324 336 206236 11981226 3113 0 4010 0 0 0|795935|41000|3822904|3108112|1729698|870650|17340522|32472783|3|NA|NA
1896.014|2026-07-25T13:19:33.235Z|98|Discharging|8530000|NA|1603000|37460000|38000000|NA|NA|NA|NA|0|cpu 327374 336 206284 11982310 3113 0 4010 0 0 0|795935|42000|3822904|3106040|1729698|870706|17341724|32475265|3|NA|NA
1899.015|2026-07-25T13:19:36.199Z|98|Discharging|8532000|NA|1520000|37460000|38000000|NA|NA|NA|NA|0|cpu 327425 336 206333 11983395 3114 0 4011 0 0 0|795927|41000|3822904|3098744|1729698|870866|17343754|32479027|3|NA|NA
1902.015|2026-07-25T13:19:39.202Z|98|Discharging|8532000|NA|1520000|37460000|38000000|NA|NA|NA|NA|0|cpu 327459 336 206378 11984494 3114 0 4012 0 0 0|795935|41000|3822904|3110212|1729698|870986|17347134|32487327|3|NA|NA
1905.015|2026-07-25T13:19:42.203Z|98|Discharging|8524000|NA|1520000|37460000|38000000|NA|NA|NA|NA|0|cpu 327621 336 206480 11985386 3114 0 4012 0 0 0|796295|43000|3822904|3096368|1729698|871074|17349590|32492831|3|NA|NA
1908.015|2026-07-25T13:19:45.199Z|98|Discharging|8530000|NA|1520000|37460000|38000000|NA|NA|NA|NA|0|cpu 327698 336 206559 11986405 3115 0 4013 0 0 0|795927|42000|3822904|3105336|1729698|871146|17354002|32500025|3|NA|NA
1911.014|2026-07-25T13:19:48.221Z|98|Discharging|8524000|NA|1527000|37460000|38000000|NA|NA|NA|NA|0|cpu 327729 336 206596 11987521 3115 0 4013 0 0 0|795927|41000|3822904|3113628|1729698|871194|17354506|32500213|3|NA|NA
1914.015|2026-07-25T13:19:51.197Z|98|Discharging|8532000|NA|1520000|37460000|38000000|NA|NA|NA|NA|0|cpu 327773 336 206650 11988605 3115 0 4014 0 0 0|795583|41000|3822904|3114440|1729698|871218|17360190|32515403|3|NA|NA
1917.015|2026-07-25T13:19:54.192Z|98|Discharging|8510000|NA|1520000|37460000|38000000|NA|NA|NA|NA|0|cpu 327944 336 206755 11989489 3116 0 4016 0 0 0|795919|41000|3822904|3108912|1729698|871730|17371207|32530484|3|NA|NA
1920.014|2026-07-25T13:19:57.242Z|98|Discharging|8526000|NA|1649000|37460000|38000000|NA|NA|NA|NA|0|cpu 327989 336 206802 11990586 3116 0 4017 0 0 0|795927|43000|3822904|3109024|1729698|871906|17372788|32533630|3|NA|NA
1923.016|2026-07-25T13:20:00.205Z|98|Discharging|8530000|NA|1535000|37460000|38000000|NA|NA|NA|NA|0|cpu 328073 336 206860 11991626 3116 0 4017 0 0 0|795531|41000|3822904|3097816|1729698|871914|17375968|32541748|3|NA|NA
1926.015|2026-07-25T13:20:03.219Z|98|Discharging|8514000|NA|1649000|37460000|38000000|NA|NA|NA|NA|0|cpu 328145 336 206936 11992651 3118 0 4018 0 0 0|795927|42000|3822904|3100948|1729698|872122|17380278|32549546|3|NA|NA
1929.014|2026-07-25T13:20:06.197Z|98|Discharging|8520000|NA|1649000|37460000|38000000|NA|NA|NA|NA|0|cpu 328205 336 206993 11993707 3118 0 4019 0 0 0|795927|41000|3822904|3109744|1729698|872186|17382258|32553580|3|NA|NA
1932.015|2026-07-25T13:20:09.206Z|98|Discharging|8530000|NA|1649000|37460000|38000000|NA|NA|NA|NA|0|cpu 328240 336 207036 11994815 3118 0 4019 0 0 0|795643|42000|3822904|3101936|1729698|872266|17383704|32556454|3|NA|NA
1935.015|2026-07-25T13:20:12.201Z|98|Discharging|8530000|NA|1520000|37460000|38000000|NA|NA|NA|NA|0|cpu 328280 336 207081 11995913 3118 0 4020 0 0 0|795538|41000|3822904|3110836|1729698|872298|17387032|32564644|3|NA|NA
1938.015|2026-07-25T13:20:15.208Z|98|Discharging|8508000|NA|1520000|37460000|38000000|NA|NA|NA|NA|0|cpu 328373 336 207179 11996894 3118 0 4021 0 0 0|795927|42000|3822904|3107088|1729698|872418|17392787|32574276|3|NA|NA
1941.015|2026-07-25T13:20:18.197Z|98|Discharging|8528000|NA|1520000|37460000|38000000|NA|NA|NA|NA|0|cpu 328410 336 207218 11998003 3118 0 4022 0 0 0|795927|41000|3822904|3105748|1729698|872482|17394211|32576960|3|NA|NA
1944.015|2026-07-25T13:20:21.209Z|98|Discharging|8528000|NA|1520000|37460000|38000000|NA|NA|NA|NA|0|cpu 328446 336 207257 11999112 3119 0 4022 0 0 0|795565|41000|3822904|3103480|1729698|872610|17396081|32579898|3|NA|NA
1947.014|2026-07-25T13:20:24.286Z|98|Discharging|8522000|NA|1520000|37460000|38000000|NA|NA|NA|NA|0|cpu 328502 336 207314 12000176 3119 0 4023 0 0 0|795562|41000|3822904|3113808|1729698|872714|17400577|32591542|3|NA|NA
1950.015|2026-07-25T13:20:27.187Z|98|Discharging|8522000|NA|1520000|37460000|38000000|NA|NA|NA|NA|0|cpu 328576 336 207383 12001210 3119 0 4024 0 0 0|795927|42000|3822904|3099760|1729698|872714|17403001|32595532|3|NA|NA
1953.014|2026-07-25T13:20:30.199Z|98|Discharging|8522000|NA|1520000|37460000|38000000|NA|NA|NA|NA|0|cpu 328665 336 207449 12002237 3119 0 4025 0 0 0|795927|41000|3822904|3106248|1729698|872778|17406287|32600798|3|NA|NA
1956.015|2026-07-25T13:20:33.206Z|98|Discharging|8530000|NA|1520000|37460000|38000000|NA|NA|NA|NA|0|cpu 328697 336 207490 12003349 3119 0 4025 0 0 0|796269|41000|3822904|3102972|1729698|872794|17408053|32604260|3|NA|NA
1959.014|2026-07-25T13:20:36.200Z|98|Discharging|8524000|NA|1520000|37460000|38000000|NA|NA|NA|NA|0|cpu 328767 336 207552 12004394 3120 0 4026 0 0 0|796291|41000|3822904|3104688|1729698|872970|17411153|32611848|3|NA|NA
1962.014|2026-07-25T13:20:39.204Z|98|Discharging|8528000|NA|1520000|37460000|38000000|NA|NA|NA|NA|0|cpu 328829 336 207629 12005429 3121 0 4027 0 0 0|795927|42000|3822904|3100184|1729698|873074|17416337|32620706|3|NA|NA
1965.014|2026-07-25T13:20:42.199Z|98|Discharging|8528000|NA|1520000|37460000|38000000|NA|NA|NA|NA|0|cpu 328864 336 207674 12006533 3121 0 4028 0 0 0|795927|41000|3822904|3103776|1729698|873106|17417923|32624006|3|NA|NA
1968.015|2026-07-25T13:20:45.210Z|98|Discharging|8498000|NA|1520000|37460000|38000000|NA|NA|NA|NA|0|cpu 328929 336 207732 12007588 3121 0 4028 0 0 0|794822|42000|3822904|3094596|1729698|873218|17419681|32626754|3|NA|NA
1971.014|2026-07-25T13:20:48.187Z|98|Discharging|8530000|NA|1520000|37460000|38000000|NA|NA|NA|NA|0|cpu 328966 336 207778 12008681 3122 0 4028 0 0 0|795625|41000|3822904|3099136|1729698|873402|17422639|32633996|3|NA|NA
1974.014|2026-07-25T13:20:51.196Z|98|Discharging|8528000|NA|1520000|37460000|38000000|NA|NA|NA|NA|0|cpu 329028 336 207839 12009739 3122 0 4029 0 0 0|795927|41000|3822904|3110436|1729698|873418|17426212|32641126|3|NA|NA
1977.015|2026-07-25T13:20:54.232Z|98|Discharging|8528000|NA|1520000|37460000|38000000|NA|NA|NA|NA|0|cpu 329068 336 207897 12010822 3123 0 4030 0 0 0|796059|42000|3822904|3102884|1729698|873514|17430588|32647758|3|NA|NA
1980.014|2026-07-25T13:20:57.210Z|98|Discharging|8526000|NA|1520000|37460000|38000000|NA|NA|NA|NA|0|cpu 329132 336 207948 12011889 3123 0 4030 0 0 0|795919|41000|3822904|3118200|1729698|873578|17430776|32648010|3|NA|NA
1983.014|2026-07-25T13:21:00.184Z|98|Discharging|8512000|NA|1520000|37460000|38000000|NA|NA|NA|NA|0|cpu 329223 336 208011 12012908 3124 0 4031 0 0 0|795927|42000|3822904|3103824|1729698|873690|17434296|32655776|3|NA|NA
1986.014|2026-07-25T13:21:03.214Z|98|Discharging|8526000|NA|1527000|37460000|38000000|NA|NA|NA|NA|0|cpu 329281 336 208069 12013973 3124 0 4033 0 0 0|795927|43000|3822904|3107364|1729698|873738|17438508|32666292|3|NA|NA
1989.014|2026-07-25T13:21:06.198Z|98|Discharging|8502000|NA|1527000|37460000|38000000|NA|NA|NA|NA|0|cpu 329355 336 208150 12014989 3124 0 4034 0 0 0|795919|41000|3822904|3111272|1729698|873842|17442758|32672730|3|NA|NA
1992.014|2026-07-25T13:21:09.209Z|98|Discharging|8526000|NA|1588000|37460000|38000000|NA|NA|NA|NA|0|cpu 329389 336 208187 12016106 3124 0 4034 0 0 0|795951|41000|3822904|3113520|1729698|873898|17442856|32672982|3|NA|NA
1995.015|2026-07-25T13:21:12.185Z|98|Discharging|8528000|NA|1520000|37460000|38000000|NA|NA|NA|NA|0|cpu 329428 336 208235 12017191 3125 0 4036 0 0 0|795927|41000|3822904|3108400|1729698|874122|17447022|32683100|3|NA|NA
1998.014|2026-07-25T13:21:15.231Z|98|Discharging|8526000|NA|1520000|37460000|38000000|NA|NA|NA|NA|0|cpu 329481 336 208288 12018271 3125 0 4037 0 0 0|795927|41000|3822904|3094692|1729698|874130|17449000|32687588|3|NA|NA
2001.015|2026-07-25T13:21:18.197Z|98|Discharging|8520000|NA|1520000|37460000|38000000|NA|NA|NA|NA|0|cpu 329557 336 208369 12019288 3125 0 4038 0 0 0|795927|41000|3822904|3102272|1729698|874138|17453373|32694548|3|NA|NA
2004.015|2026-07-25T13:21:21.205Z|98|Discharging|8528000|NA|1520000|37460000|38000000|NA|NA|NA|NA|0|cpu 329591 336 208409 12020396 3125 0 4038 0 0 0|795927|41000|3822904|3106380|1729698|874202|17454427|32696604|3|NA|NA
2007.014|2026-07-25T13:21:24.195Z|98|Discharging|8528000|NA|1520000|37460000|38000000|NA|NA|NA|NA|0|cpu 329630 336 208452 12021490 3125 0 4039 0 0 0|795927|41000|3822904|3110404|1729698|874250|17457627|32703652|3|NA|NA
2010.015|2026-07-25T13:21:27.198Z|98|Discharging|8528000|NA|1542000|37460000|38000000|NA|NA|NA|NA|0|cpu 329728 336 208555 12022458 3125 0 4041 0 0 0|795927|41000|3822904|3106892|1729698|874378|17464781|32718158|3|NA|NA
2013.014|2026-07-25T13:21:30.199Z|98|Discharging|8498000|NA|1542000|37460000|38000000|NA|NA|NA|NA|0|cpu 329815 336 208611 12023495 3125 0 4041 0 0 0|795927|42000|3822904|3099216|1729698|874394|17466765|32721976|3|NA|NA
2016.014|2026-07-25T13:21:33.215Z|98|Discharging|8520000|NA|1520000|37460000|38000000|NA|NA|NA|NA|0|cpu 329850 336 208654 12024596 3126 0 4042 0 0 0|796335|42000|3822904|3097084|1729698|874634|17469829|32729546|3|NA|NA
2019.014|2026-07-25T13:21:36.197Z|98|Discharging|8516000|NA|1580000|37460000|38000000|NA|NA|NA|NA|0|cpu 329950 336 208755 12025562 3126 0 4044 0 0 0|795935|43000|3822904|3109180|1729698|874642|17476157|32741044|3|NA|NA
2022.014|2026-07-25T13:21:39.195Z|98|Discharging|8528000|NA|1565000|37460000|38000000|NA|NA|NA|NA|0|cpu 329984 336 208789 12026680 3126 0 4044 0 0 0|795927|41000|3822904|3097588|1729698|874650|17476241|32741044|3|NA|NA
2025.015|2026-07-25T13:21:42.184Z|98|Discharging|8516000|NA|1565000|37460000|38000000|NA|NA|NA|NA|0|cpu 330020 336 208838 12027764 3126 0 4046 0 0 0|795816|41000|3822904|3094220|1729698|874762|17479827|32750926|3|NA|NA
2028.014|2026-07-25T13:21:45.308Z|98|Discharging|8526000|NA|1527000|37460000|38000000|NA|NA|NA|NA|0|cpu 330056 336 208877 12028876 3126 0 4046 0 0 0|795570|42000|3822904|3105900|1729698|874778|17482317|32756300|3|NA|NA
2031.016|2026-07-25T13:21:48.204Z|98|Discharging|8526000|NA|1535000|37460000|38000000|NA|NA|NA|NA|0|cpu 330157 336 208964 12029867 3127 0 4046 0 0 0|795701|42000|3822904|3097516|1729698|874970|17485790|32761050|3|NA|NA
2034.014|2026-07-25T13:21:51.198Z|98|Discharging|8526000|NA|1520000|37460000|38000000|NA|NA|NA|NA|0|cpu 330193 336 209012 12030962 3127 0 4047 0 0 0|796378|42000|3822904|3098664|1729698|875090|17488112|32765574|3|NA|NA
2037.014|2026-07-25T13:21:54.194Z|98|Discharging|8524000|NA|1520000|37460000|38000000|NA|NA|NA|NA|0|cpu 330227 336 209046 12032080 3127 0 4047 0 0 0|795927|41000|3822904|3103228|1729698|875170|17488258|32765826|3|NA|NA
2040.018|2026-07-25T13:21:57.302Z|98|Discharging|8512000|NA|1520000|37460000|38000000|NA|NA|NA|NA|0|cpu 330473 336 209170 12032878 3128 0 4049 0 0 0|795919|44000|3822904|3083816|1729698|875242|17502931|32791490|3|NA|NA
2043.015|2026-07-25T13:22:00.197Z|98|Discharging|8514000|NA|1725000|37460000|38000000|NA|NA|NA|NA|0|cpu 330660 336 209294 12033738 3129 0 4053 0 0 0|795927|42000|3822904|3058248|1729698|875898|17512485|32806520|3|NA|NA
2046.015|2026-07-25T13:22:03.199Z|98|Discharging|8510000|NA|1725000|37460000|38000000|NA|NA|NA|NA|0|cpu 330720 336 209384 12034747 3131 0 4056 0 0 0|796114|42000|3822904|3068060|1729698|876370|17522693|32827614|3|NA|NA
2049.014|2026-07-25T13:22:06.260Z|98|Discharging|8522000|NA|1763000|37460000|38000000|NA|NA|NA|NA|0|cpu 330772 336 209433 12035830 3131 0 4056 0 0 0|795781|42000|3822904|3093908|1729698|876378|17522987|32827614|3|NA|NA
2052.014|2026-07-25T13:22:09.202Z|98|Discharging|8522000|NA|1634000|37460000|38000000|NA|NA|NA|NA|0|cpu 330828 336 209483 12036906 3131 0 4057 0 0 0|795761|41000|3822904|3099932|1729698|876450|17525743|32832404|3|NA|NA
2055.014|2026-07-25T13:22:12.210Z|98|Discharging|8526000|NA|1626000|37460000|38000000|NA|NA|NA|NA|0|cpu 330885 336 209546 12037956 3131 0 4058 0 0 0|795927|42000|3822904|3089036|1729698|876490|17531313|32845482|3|NA|NA
2058.015|2026-07-25T13:22:15.204Z|98|Discharging|8516000|NA|1603000|37460000|38000000|NA|NA|NA|NA|0|cpu 330923 336 209608 12039037 3131 0 4059 0 0 0|795927|42000|3822904|3094652|1729698|876498|17533957|32849798|3|NA|NA
2061.015|2026-07-25T13:22:18.218Z|98|Discharging|8524000|NA|1603000|37460000|38000000|NA|NA|NA|NA|0|cpu 330991 336 209666 12040091 3132 0 4060 0 0 0|795927|41000|3822904|3097980|1729698|876626|17535549|32852670|3|NA|NA
2064.015|2026-07-25T13:22:21.184Z|98|Discharging|8526000|NA|1565000|37460000|38000000|NA|NA|NA|NA|0|cpu 331036 336 209711 12041172 3132 0 4061 0 0 0|795927|41000|3822904|3101456|1729698|876642|17540020|32862736|3|NA|NA
2067.014|2026-07-25T13:22:24.185Z|98|Discharging|8508000|NA|1588000|37460000|38000000|NA|NA|NA|NA|0|cpu 331093 336 209770 12042228 3132 0 4062 0 0 0|795927|41000|3822904|3098364|1729698|876842|17543798|32869958|3|NA|NA
2070.015|2026-07-25T13:22:27.200Z|98|Discharging|8498000|NA|1588000|37460000|38000000|NA|NA|NA|NA|0|cpu 331167 336 209848 12043258 3132 0 4063 0 0 0|796691|41000|3822904|3097832|1729698|876850|17547586|32876320|3|NA|NA
2073.013|2026-07-25T13:22:30.264Z|98|Discharging|8522000|NA|1603000|37460000|38000000|NA|NA|NA|NA|0|cpu 331211 336 209894 12044352 3132 0 4063 0 0 0|795943|42000|3822904|3098064|1729698|876930|17548860|32878196|3|NA|NA
2076.015|2026-07-25T13:22:33.184Z|98|Discharging|8522000|NA|1520000|37460000|38000000|NA|NA|NA|NA|0|cpu 331321 336 209995 12045301 3132 0 4065 0 0 0|795575|41000|3822904|3101984|1729698|876954|17559024|32899502|3|NA|NA
2079.015|2026-07-25T13:22:36.229Z|98|Discharging|8526000|NA|1634000|37460000|38000000|NA|NA|NA|NA|0|cpu 331354 336 210035 12046421 3133 0 4066 0 0 0|795927|41000|3822904|3104236|1729698|877090|17560162|32901538|3|NA|NA
2082.016|2026-07-25T13:22:39.202Z|98|Discharging|8522000|NA|1634000|37460000|38000000|NA|NA|NA|NA|0|cpu 331456 336 210147 12047380 3133 0 4068 0 0 0|796299|41000|3822904|3101680|1729738|877178|17568944|32921020|3|NA|NA
2085.015|2026-07-25T13:22:42.219Z|98|Discharging|8508000|NA|1664000|37460000|38000000|NA|NA|NA|NA|0|cpu 331491 336 210192 12048481 3134 0 4069 0 0 0|795698|42000|3822904|3110184|1729738|877306|17572250|32927218|3|NA|NA
2088.015|2026-07-25T13:22:45.199Z|98|Discharging|8522000|NA|1527000|37460000|38000000|NA|NA|NA|NA|0|cpu 331554 336 210278 12049499 3134 0 4071 0 0 0|795927|42000|3822904|3101656|1729738|877402|17580227|32944262|3|NA|NA
2091.014|2026-07-25T13:22:48.204Z|98|Discharging|8516000|NA|1558000|37460000|38000000|NA|NA|NA|NA|0|cpu 331622 336 210337 12050550 3134 0 4072 0 0 0|795919|41000|3822904|3099388|1729738|877410|17582699|32949770|3|NA|NA
2094.015|2026-07-25T13:22:51.240Z|98|Discharging|8518000|NA|1527000|37460000|38000000|NA|NA|NA|NA|0|cpu 331682 336 210406 12051600 3134 0 4072 0 0 0|795590|43000|3822904|3096964|1729738|877482|17588169|32962778|3|NA|NA
2097.015|2026-07-25T13:22:54.204Z|98|Discharging|8522000|NA|1527000|37460000|38000000|NA|NA|NA|NA|0|cpu 331723 336 210465 12052674 3134 0 4074 0 0 0|795166|42000|3822904|3104580|1729738|877514|17592133|32969358|3|NA|NA
2100.014|2026-07-25T13:22:57.225Z|98|Discharging|8522000|NA|1520000|37460000|38000000|NA|NA|NA|NA|0|cpu 331774 336 210509 12053758 3135 0 4074 0 0 0|795935|41000|3822904|3101320|1729738|877594|17592733|32970146|3|NA|NA
2103.017|2026-07-25T13:23:00.222Z|98|Discharging|8520000|NA|1520000|37460000|38000000|NA|NA|NA|NA|0|cpu 331827 336 210569 12054827 3135 0 4075 0 0 0|795407|41000|3822904|3103096|1729738|877650|17597765|32982154|3|NA|NA
2106.015|2026-07-25T13:23:03.212Z|98|Discharging|8522000|NA|1520000|37460000|38000000|NA|NA|NA|NA|0|cpu 331941 336 210666 12055789 3135 0 4076 0 0 0|795935|42000|3822904|3094520|1729738|877786|17603199|32991518|3|NA|NA
2109.014|2026-07-25T13:23:06.198Z|98|Discharging|8518000|NA|1580000|37460000|38000000|NA|NA|NA|NA|0|cpu 331980 336 210705 12056893 3135 0 4076 0 0 0|794757|42000|3822904|3105256|1729738|877874|17604677|32994012|3|NA|NA
2112.014|2026-07-25T13:23:09.204Z|98|Discharging|8504000|NA|1520000|37460000|38000000|NA|NA|NA|NA|0|cpu 332048 336 210765 12057941 3135 0 4077 0 0 0|795927|42000|3822904|3097904|1729738|877882|17606925|32998438|3|NA|NA
2115.015|2026-07-25T13:23:12.216Z|98|Discharging|8524000|NA|1520000|37460000|38000000|NA|NA|NA|NA|0|cpu 332102 336 210827 12059005 3136 0 4079 0 0 0|795927|43000|3822904|3086068|1729738|877954|17611633|33009534|3|NA|NA
2118.015|2026-07-25T13:23:15.208Z|98|Discharging|8518000|NA|1520000|37460000|38000000|NA|NA|NA|NA|0|cpu 332145 336 210887 12060074 3136 0 4081 0 0 0|795927|41000|3822904|3086664|1729738|877986|17616947|33017632|3|NA|NA
2121.014|2026-07-25T13:23:18.200Z|98|Discharging|8522000|NA|1520000|37460000|38000000|NA|NA|NA|NA|0|cpu 332216 336 210939 12061129 3136 0 4081 0 0 0|795927|42000|3822904|3102936|1729738|878066|17617241|33017962|3|NA|NA
2124.014|2026-07-25T13:23:21.194Z|98|Discharging|8516000|NA|1520000|37460000|38000000|NA|NA|NA|NA|0|cpu 332250 336 210986 12062222 3136 0 4082 0 0 0|795566|41000|3822904|3096920|1729738|878130|17621531|33028108|3|NA|NA
2127.014|2026-07-25T13:23:24.196Z|98|Discharging|8502000|NA|1520000|37460000|38000000|NA|NA|NA|NA|0|cpu 332313 336 211067 12063253 3137 0 4083 0 0 0|795919|42000|3822904|3090104|1729738|878234|17628066|33039036|3|NA|NA
2130.015|2026-07-25T13:23:27.211Z|98|Discharging|8522000|NA|1535000|37460000|38000000|NA|NA|NA|NA|0|cpu 332348 336 211106 12064362 3137 0 4084 0 0 0|795739|42000|3822904|3093352|1729738|878322|17629132|33041194|3|NA|NA
2133.016|2026-07-25T13:23:30.202Z|98|Discharging|8508000|NA|1520000|37460000|38000000|NA|NA|NA|NA|0|cpu 332420 336 211169 12065410 3137 0 4084 0 0 0|795927|41000|3822904|3099684|1729738|878322|17631348|33045714|3|NA|NA
2136.014|2026-07-25T13:23:33.212Z|98|Discharging|8522000|NA|1520000|37460000|38000000|NA|NA|NA|NA|0|cpu 332506 336 211233 12066436 3137 0 4086 0 0 0|795927|41000|3822904|3097244|1729738|878410|17635614|33056412|3|NA|NA
2139.017|2026-07-25T13:23:36.202Z|98|Discharging|8520000|NA|1542000|37460000|38000000|NA|NA|NA|NA|0|cpu 332571 336 211310 12067470 3137 0 4086 0 0 0|795927|41000|3822904|3087784|1729738|878426|17639660|33062132|3|NA|NA
2142.014|2026-07-25T13:23:39.208Z|98|Discharging|8520000|NA|1542000|37460000|38000000|NA|NA|NA|NA|0|cpu 332639 336 211366 12068524 3138 0 4087 0 0 0|795935|42000|3822904|3087200|1729738|878642|17641649|33065196|3|NA|NA
2145.014|2026-07-25T13:23:42.203Z|98|Discharging|8522000|NA|1535000|37460000|38000000|NA|NA|NA|NA|0|cpu 332677 336 211409 12069626 3138 0 4087 0 0 0|795696|41000|3822904|3087432|1729738|878658|17643973|33069130|3|NA|NA
2148.014|2026-07-25T13:23:45.207Z|98|Discharging|8512000|NA|1520000|37460000|38000000|NA|NA|NA|NA|0|cpu 332711 336 211455 12070720 3138 0 4088 0 0 0|795475|41000|3822904|3103084|1729738|878858|17648233|33080514|3|NA|NA
2151.014|2026-07-25T13:23:48.216Z|98|Discharging|8514000|NA|1520000|37460000|38000000|NA|NA|NA|NA|0|cpu 332784 336 211523 12071743 3138 0 4089 0 0 0|796294|42000|3822904|3097080|1729738|878866|17650083|33084196|3|NA|NA
2154.016|2026-07-25T13:23:51.212Z|98|Discharging|8514000|NA|1520000|37460000|38000000|NA|NA|NA|NA|0|cpu 332840 336 211590 12072804 3139 0 4090 0 0 0|795628|41000|3822904|3090504|1729738|878970|17652205|33087598|3|NA|NA
2157.015|2026-07-25T13:23:54.201Z|98|Discharging|8516000|NA|1520000|37460000|38000000|NA|NA|NA|NA|0|cpu 332880 336 211629 12073901 3139 0 4091 0 0 0|795927|41000|3822904|3098076|1729738|879002|17653923|33090522|3|NA|NA
2160.014|2026-07-25T13:23:57.205Z|98|Discharging|8510000|NA|1520000|37460000|38000000|NA|NA|NA|NA|0|cpu 332917 336 211670 12075009 3140 0 4092 0 0 0|795927|41000|3822904|3102372|1729738|879090|17654589|33091848|3|NA|NA
2163.014|2026-07-25T13:24:00.199Z|98|Discharging|8508000|NA|1520000|37460000|38000000|NA|NA|NA|NA|0|cpu 332987 336 211736 12076041 3141 0 4093 0 0 0|795927|41000|3822904|3101616|1729738|880634|17657467|33099958|3|NA|NA
2166.014|2026-07-25T13:24:03.214Z|98|Discharging|8520000|NA|1520000|37460000|38000000|NA|NA|NA|NA|0|cpu 333151 336 211832 12076946 3141 0 4095 0 0 0|795927|42000|3822904|3095200|1729738|881074|17665388|33112607|3|NA|NA
2169.014|2026-07-25T13:24:06.204Z|98|Discharging|8518000|NA|1527000|37460000|38000000|NA|NA|NA|NA|0|cpu 333212 336 211893 12078005 3144 0 4097 0 0 0|796318|41000|3822904|3093284|1729738|881682|17671272|33120359|3|NA|NA
2172.015|2026-07-25T13:24:09.199Z|98|Discharging|8508000|NA|1588000|37460000|38000000|NA|NA|NA|NA|0|cpu 333286 336 211953 12079050 3144 0 4098 0 0 0|795935|42000|3822904|3101480|1729738|881690|17674686|33127469|3|NA|NA
2175.014|2026-07-25T13:24:12.223Z|98|Discharging|8516000|NA|1588000|37460000|38000000|NA|NA|NA|NA|0|cpu 333339 336 212012 12080121 3145 0 4099 0 0 0|795981|44000|3822904|3092132|1729738|881850|17678078|33135849|3|NA|NA
2178.016|2026-07-25T13:24:15.208Z|98|Discharging|8514000|NA|1588000|37460000|38000000|NA|NA|NA|NA|0|cpu 333389 336 212079 12081178 3145 0 4100 0 0 0|796289|41000|3822904|3100904|1729738|881954|17683636|33144003|3|NA|NA
2181.015|2026-07-25T13:24:18.209Z|98|Discharging|8520000|NA|1565000|37460000|38000000|NA|NA|NA|NA|0|cpu 333427 336 212118 12082289 3145 0 4100 0 0 0|795935|42000|3822904|3102436|1729738|882034|17684492|33145611|3|NA|NA
2184.014|2026-07-25T13:24:21.190Z|98|Discharging|8522000|NA|1520000|37460000|38000000|NA|NA|NA|NA|0|cpu 333497 336 212182 12083321 3146 0 4102 0 0 0|796328|42000|3822904|3109480|1729738|882090|17689184|33156601|3|NA|NA
2187.014|2026-07-25T13:24:24.200Z|98|Discharging|8514000|NA|1527000|37460000|38000000|NA|NA|NA|NA|0|cpu 333556 336 212255 12084371 3146 0 4103 0 0 0|795935|42000|3822904|3101616|1729738|882106|17693553|33164213|3|NA|NA
2190.015|2026-07-25T13:24:27.205Z|98|Discharging|8516000|NA|1527000|37460000|38000000|NA|NA|NA|NA|0|cpu 333593 336 212300 12085471 3146 0 4103 0 0 0|796245|42000|3822904|3090316|1729738|882314|17696039|33168991|3|NA|NA
2193.015|2026-07-25T13:24:30.205Z|98|Discharging|8522000|NA|1520000|37460000|38000000|NA|NA|NA|NA|0|cpu 333667 336 212357 12086522 3146 0 4103 0 0 0|795927|41000|3822904|3098744|1729738|882322|17696787|33170223|3|NA|NA
2196.014|2026-07-25T13:24:33.189Z|98|Discharging|8498000|NA|1520000|37460000|38000000|NA|NA|NA|NA|0|cpu 333755 336 212423 12087543 3147 0 4105 0 0 0|795927|42000|3822904|3104328|1729738|882458|17702006|33181475|3|NA|NA
2199.015|2026-07-25T13:24:36.199Z|98|Discharging|8520000|NA|1535000|37460000|38000000|NA|NA|NA|NA|0|cpu 333812 336 212494 12088590 3147 0 4106 0 0 0|795604|42000|3822904|3094780|1729738|882490|17706496|33189175|3|NA|NA
2202.014|2026-07-25T13:24:39.237Z|98|Discharging|8518000|NA|1535000|37460000|38000000|NA|NA|NA|NA|0|cpu 333868 336 212546 12089667 3148 0 4106 0 0 0|795935|42000|3822904|3107248|1729738|882602|17708232|33193053|3|NA|NA
2205.017|2026-07-25T13:24:42.200Z|98|Discharging|8500000|NA|1520000|37460000|38000000|NA|NA|NA|NA|0|cpu 333926 336 212597 12090741 3148 0 4106 0 0 0|795927|42000|3822904|3101124|1729738|882666|17710038|33196257|3|NA|NA
2208.015|2026-07-25T13:24:45.208Z|98|Discharging|8516000|NA|1520000|37460000|38000000|NA|NA|NA|NA|0|cpu 333962 336 212641 12091843 3148 0 4107 0 0 0|795574|41000|3822904|3096596|1729738|882778|17714110|33205421|3|NA|NA
2211.014|2026-07-25T13:24:48.187Z|98|Discharging|8514000|NA|1520000|37460000|38000000|NA|NA|NA|NA|0|cpu 334129 336 212751 12092715 3148 0 4108 0 0 0|795927|43000|3822904|3100332|1729738|882874|17717346|33211773|3|NA|NA
2214.015|2026-07-25T13:24:51.199Z|98|Discharging|8520000|NA|1520000|37460000|38000000|NA|NA|NA|NA|0|cpu 334199 336 212824 12093750 3149 0 4109 0 0 0|794914|42000|3822904|3105612|1729738|882946|17721382|33218065|3|NA|NA
2217.014|2026-07-25T13:24:54.208Z|98|Discharging|8518000|NA|1535000|37460000|38000000|NA|NA|NA|NA|0|cpu 334235 336 212866 12094856 3149 0 4109 0 0 0|795927|41000|3822904|3103456|1729738|882994|17722964|33220687|3|NA|NA
2220.014|2026-07-25T13:24:57.233Z|98|Discharging|8518000|NA|1520000|37460000|38000000|NA|NA|NA|NA|0|cpu 334286 336 212920 12095940 3149 0 4110 0 0 0|795917|43000|3822904|3108536|1729738|883002|17727848|33233073|3|NA|NA
2223.015|2026-07-25T13:25:00.197Z|98|Discharging|8488000|NA|1520000|37460000|38000000|NA|NA|NA|NA|0|cpu 334373 336 213007 12096931 3149 0 4111 0 0 0|796079|41000|3822904|3103568|1729738|883162|17731638|33239057|3|NA|NA
2226.014|2026-07-25T13:25:03.239Z|98|Discharging|8520000|NA|1520000|37460000|38000000|NA|NA|NA|NA|0|cpu 334413 336 213054 12098027 3149 0 4112 0 0 0|795927|43000|3822904|3094888|1729738|883178|17733720|33242435|3|NA|NA
2229.015|2026-07-25T13:25:06.198Z|98|Discharging|8520000|NA|1520000|37460000|38000000|NA|NA|NA|NA|0|cpu 334504 336 213108 12099065 3151 0 4113 0 0 0|795600|42000|3822904|3091436|1729738|883634|17735336|33245935|3|NA|NA
2232.015|2026-07-25T13:25:09.198Z|98|Discharging|8504000|NA|1520000|37460000|38000000|NA|NA|NA|NA|0|cpu 334539 336 213155 12100166 3151 0 4114 0 0 0|795717|41000|3822904|3095216|1729738|883762|17739674|33257031|3|NA|NA
2235.014|2026-07-25T13:25:12.210Z|98|Discharging|8520000|NA|1520000|37460000|38000000|NA|NA|NA|NA|0|cpu 334639 336 213253 12101137 3152 0 4115 0 0 0|795927|42000|3822904|3106652|1729738|883866|17744990|33265735|3|NA|NA
2238.014|2026-07-25T13:25:15.196Z|98|Discharging|8516000|NA|1558000|37460000|38000000|NA|NA|NA|NA|0|cpu 334675 336 213291 12102250 3152 0 4115 0 0 0|795927|41000|3822904|3097328|1729738|883898|17745104|33265923|3|NA|NA
2241.014|2026-07-25T13:25:18.186Z|98|Discharging|8512000|NA|1520000|37460000|38000000|NA|NA|NA|NA|0|cpu 334708 336 213336 12103345 3152 0 4116 0 0 0|795866|43000|3822904|3103652|1729738|883994|17750226|33276981|3|NA|NA
2244.015|2026-07-25T13:25:21.193Z|98|Discharging|8508000|NA|1520000|37460000|38000000|NA|NA|NA|NA|0|cpu 334800 336 213419 12104341 3153 0 4117 0 0 0|795943|43000|3822904|3106532|1729738|884074|17754044|33284107|3|NA|NA
2247.014|2026-07-25T13:25:24.207Z|98|Discharging|8516000|NA|1542000|37460000|38000000|NA|NA|NA|NA|0|cpu 334839 336 213475 12105432 3153 0 4118 0 0 0|795927|42000|3822904|3104292|1729738|884090|17757624|33289703|3|NA|NA
2250.015|2026-07-25T13:25:27.199Z|98|Discharging|8514000|NA|1542000|37460000|38000000|NA|NA|NA|NA|0|cpu 334877 336 213517 12106536 3154 0 4119 0 0 0|795903|43000|3822904|3110236|1729738|884306|17759916|33293359|3|NA|NA
2253.014|2026-07-25T13:25:30.238Z|98|Discharging|8512000|NA|1520000|37460000|38000000|NA|NA|NA|NA|0|cpu 334922 336 213570 12107620 3154 0 4120 0 0 0|795927|43000|3822904|3097792|1729738|884386|17764148|33302385|3|NA|NA
2256.024|2026-07-25T13:25:33.209Z|98|Discharging|8514000|NA|1520000|37460000|38000000|NA|NA|NA|NA|0|cpu 335013 336 213667 12108610 3154 0 4122 0 0 0|795927|42000|3822904|3090680|1729738|884426|17770826|33313711|3|NA|NA
2259.015|2026-07-25T13:25:36.211Z|98|Discharging|8518000|NA|1520000|37460000|38000000|NA|NA|NA|NA|0|cpu 335095 336 213719 12109655 3155 0 4122 0 0 0|795927|42000|3822904|3108648|1729738|884546|17770826|33313711|3|NA|NA
2262.015|2026-07-25T13:25:39.204Z|98|Discharging|8512000|NA|1535000|37460000|38000000|NA|NA|NA|NA|0|cpu 335136 336 213769 12110744 3155 0 4123 0 0 0|796032|42000|3822904|3106448|1729738|884650|17776982|33328293|3|NA|NA
2265.016|2026-07-25T13:25:42.212Z|98|Discharging|8514000|NA|1520000|37460000|38000000|NA|NA|NA|NA|0|cpu 335230 336 213855 12111736 3155 0 4124 0 0 0|795834|41000|3822904|3098456|1729738|884658|17780900|33334279|3|NA|NA
2268.014|2026-07-25T13:25:45.206Z|98|Discharging|8518000|NA|1520000|37460000|38000000|NA|NA|NA|NA|0|cpu 335269 336 213902 12112836 3155 0 4125 0 0 0|783709|41000|3822904|3102092|1729738|884786|17783164|33337995|3|NA|NA
2271.015|2026-07-25T13:25:48.209Z|98|Discharging|8516000|NA|1520000|37460000|38000000|NA|NA|NA|NA|0|cpu 335304 336 213943 12113942 3156 0 4125 0 0 0|795927|42000|3822904|3101596|1729738|884874|17785658|33342683|3|NA|NA
2274.014|2026-07-25T13:25:51.222Z|98|Discharging|8506000|NA|1520000|37460000|38000000|NA|NA|NA|NA|0|cpu 335385 336 214016 12114969 3156 0 4126 0 0 0|795903|44000|3822904|3103836|1729738|884938|17790438|33353959|3|NA|NA
2277.014|2026-07-25T13:25:54.207Z|98|Discharging|8508000|NA|1520000|37460000|38000000|NA|NA|NA|NA|0|cpu 335439 336 214089 12116014 3156 0 4127 0 0 0|795927|41000|3822904|3090740|1729738|885066|17795412|33362029|3|NA|NA
2280.015|2026-07-25T13:25:57.204Z|98|Discharging|8516000|NA|1542000|37460000|38000000|NA|NA|NA|NA|0|cpu 335474 336 214125 12117125 3157 0 4127 0 0 0|795927|41000|3822904|3096836|1729738|885162|17795658|33362405|3|NA|NA
2283.015|2026-07-25T13:26:00.184Z|98|Discharging|8510000|NA|1542000|37460000|38000000|NA|NA|NA|NA|0|cpu 335512 336 214170 12118218 3157 0 4128 0 0 0|795919|41000|3822904|3092776|1729738|885170|17798694|33369611|3|NA|NA
2286.014|2026-07-25T13:26:03.200Z|98|Discharging|8516000|NA|1520000|37460000|38000000|NA|NA|NA|NA|0|cpu 335619 336 214260 12119188 3157 0 4130 0 0 0|795943|42000|3822904|3097912|1729738|885226|17804283|33382036|3|NA|NA
2289.014|2026-07-25T13:26:06.200Z|98|Discharging|8516000|NA|1520000|37460000|38000000|NA|NA|NA|NA|0|cpu 335764 336 214336 12120155 3158 0 4131 0 0 0|796097|42000|3822904|3091808|1729738|885610|17811305|33390740|3|NA|NA
2292.015|2026-07-25T13:26:09.210Z|98|Discharging|8514000|NA|1603000|37460000|38000000|NA|NA|NA|NA|0|cpu 335797 336 214374 12121265 3159 0 4131 0 0 0|796115|41000|3822904|3092816|1729738|885962|17812831|33393586|3|NA|NA
2295.015|2026-07-25T13:26:12.199Z|98|Discharging|8488000|NA|1603000|37460000|38000000|NA|NA|NA|NA|0|cpu 335868 336 214432 12122314 3159 0 4132 0 0 0|795927|42000|3822904|3105900|1729738|885970|17814491|33396318|3|NA|NA
2298.015|2026-07-25T13:26:15.207Z|98|Discharging|8516000|NA|1520000|37460000|38000000|NA|NA|NA|NA|0|cpu 335924 336 214495 12123368 3159 0 4133 0 0 0|795919|41000|3822904|3104888|1729738|886082|17819897|33409578|3|NA|NA
2301.014|2026-07-25T13:26:18.199Z|98|Discharging|8516000|NA|1558000|37460000|38000000|NA|NA|NA|NA|0|cpu 335967 336 214554 12124447 3159 0 4134 0 0 0|795542|42000|3822904|3113400|1729738|886090|17823301|33414608|3|NA|NA
2304.014|2026-07-25T13:26:21.263Z|98|Discharging|8516000|NA|1542000|37460000|38000000|NA|NA|NA|NA|0|cpu 336000 336 214594 12125560 3160 0 4135 0 0 0|795927|42000|3822904|3103328|1729738|886234|17824797|33417232|3|NA|NA
2307.015|2026-07-25T13:26:24.201Z|98|Discharging|8516000|NA|1542000|37460000|38000000|NA|NA|NA|NA|0|cpu 336072 336 214658 12126609 3160 0 4136 0 0 0|796131|42000|3822904|3112572|1729738|886258|17827128|33421102|3|NA|NA
2310.015|2026-07-25T13:26:27.224Z|98|Discharging|8508000|NA|1520000|37460000|38000000|NA|NA|NA|NA|0|cpu 336126 336 214719 12127670 3161 0 4137 0 0 0|795927|42000|3822904|3101744|1729738|886490|17831418|33432578|3|NA|NA
2313.015|2026-07-25T13:26:30.202Z|98|Discharging|8510000|NA|1520000|37460000|38000000|NA|NA|NA|NA|0|cpu 336169 336 214779 12128738 3161 0 4138 0 0 0|796053|41000|3822904|3100304|1729738|886498|17835817|33439246|3|NA|NA
2316.015|2026-07-25T13:26:33.207Z|98|Discharging|8518000|NA|1520000|37460000|38000000|NA|NA|NA|NA|0|cpu 336235 336 214838 12129790 3162 0 4138 0 0 0|795927|41000|3822904|3104540|1729738|886602|17837495|33441750|3|NA|NA
2319.014|2026-07-25T13:26:36.187Z|98|Discharging|8514000|NA|1520000|37460000|38000000|NA|NA|NA|NA|0|cpu 336322 336 214897 12130816 3162 0 4139 0 0 0|795927|42000|3822904|3102276|1729738|886634|17841521|33451642|3|NA|NA
2322.014|2026-07-25T13:26:39.185Z|98|Discharging|8508000|NA|1520000|37460000|38000000|NA|NA|NA|NA|0|cpu 336386 336 214969 12131853 3163 0 4140 0 0 0|797063|42000|3822904|3099468|1729738|886762|17846769|33460534|3|NA|NA
2325.014|2026-07-25T13:26:42.198Z|98|Discharging|8514000|NA|1520000|37460000|38000000|NA|NA|NA|NA|0|cpu 336459 336 215025 12132902 3163 0 4141 0 0 0|796531|42000|3822904|3098276|1729738|886850|17849241|33464534|3|NA|NA
2328.015|2026-07-25T13:26:45.218Z|98|Discharging|8508000|NA|1542000|37460000|38000000|NA|NA|NA|NA|0|cpu 336492 336 215068 12134006 3163 0 4142 0 0 0|797030|41000|3822904|3100288|1729738|886866|17851625|33468492|3|NA|NA
2331.014|2026-07-25T13:26:48.208Z|98|Discharging|8516000|NA|1542000|37460000|38000000|NA|NA|NA|NA|0|cpu 336551 336 215130 12135053 3163 0 4143 0 0 0|795552|42000|3822904|3093588|1729738|887066|17856691|33480966|3|NA|NA
2334.017|2026-07-25T13:26:51.199Z|98|Discharging|8516000|NA|1527000|37460000|38000000|NA|NA|NA|NA|0|cpu 336594 336 215191 12136131 3163 0 4144 0 0 0|795935|42000|3822904|3090492|1729738|887074|17861219|33487756|3|NA|NA
2337.014|2026-07-25T13:26:54.200Z|98|Discharging|8502000|NA|1520000|37460000|38000000|NA|NA|NA|NA|0|cpu 336661 336 215248 12137182 3163 0 4145 0 0 0|795919|41000|3822904|3100140|1729738|887090|17862767|33489990|3|NA|NA
2340.015|2026-07-25T13:26:57.194Z|98|Discharging|8494000|NA|1520000|37460000|38000000|NA|NA|NA|NA|0|cpu 336725 336 215337 12138195 3165 0 4146 0 0 0|795927|42000|3822904|3105896|1729738|887226|17872593|33510074|3|NA|NA
2343.014|2026-07-25T13:27:00.204Z|98|Discharging|8516000|NA|1535000|37460000|38000000|NA|NA|NA|NA|0|cpu 336763 336 215374 12139311 3165 0 4146 0 0 0|795736|42000|3822904|3097584|1729738|887314|17872659|33510168|3|NA|NA
2346.015|2026-07-25T13:27:03.204Z|98|Discharging|8514000|NA|1520000|37460000|38000000|NA|NA|NA|NA|0|cpu 336834 336 215445 12140345 3165 0 4148 0 0 0|795809|41000|3822904|3099192|1729738|887378|17878137|33522104|3|NA|NA
2349.014|2026-07-25T13:27:06.198Z|98|Discharging|8506000|NA|1520000|37460000|38000000|NA|NA|NA|NA|0|cpu 336942 336 215528 12141321 3165 0 4149 0 0 0|795927|42000|3822904|3109004|1729738|887386|17881863|33529142|3|NA|NA
2352.015|2026-07-25T13:27:09.208Z|98|Discharging|8508000|NA|1626000|37460000|38000000|NA|NA|NA|NA|0|cpu 336977 336 215578 12142420 3165 0 4149 0 0 0|796302|41000|3822904|3098780|1729738|887530|17885187|33534942|3|NA|NA
2355.015|2026-07-25T13:27:12.256Z|98|Discharging|8506000|NA|1626000|37460000|38000000|NA|NA|NA|NA|0|cpu 337019 336 215616 12143526 3165 0 4150 0 0 0|795157|41000|3822904|3096876|1729738|887642|17886553|33537344|3|NA|NA
2358.015|2026-07-25T13:27:15.199Z|98|Discharging|8510000|NA|1520000|37460000|38000000|NA|NA|NA|NA|0|cpu 337093 336 215685 12144566 3165 0 4151 0 0 0|795773|42000|3822904|3093252|1729738|887650|17890663|33547064|3|NA|NA
2361.014|2026-07-25T13:27:18.199Z|98|Discharging|8494000|NA|1520000|37460000|38000000|NA|NA|NA|NA|0|cpu 337153 336 215758 12145603 3166 0 4152 0 0 0|796079|41000|3822904|3086324|1729738|887874|17895392|33555207|3|NA|NA
2364.014|2026-07-25T13:27:21.212Z|98|Discharging|8516000|NA|1520000|37460000|38000000|NA|NA|NA|NA|0|cpu 337186 336 215796 12146716 3166 0 4152 0 0 0|795927|41000|3822904|3096364|1729738|887890|17897122|33558051|3|NA|NA
2367.015|2026-07-25T13:27:24.206Z|98|Discharging|8498000|NA|1520000|37460000|38000000|NA|NA|NA|NA|0|cpu 337261 336 215859 12147760 3166 0 4153 0 0 0|795927|42000|3822904|3093196|1729738|887906|17899590|33562063|3|NA|NA
2370.014|2026-07-25T13:27:27.205Z|98|Discharging|8506000|NA|1520000|37460000|38000000|NA|NA|NA|NA|0|cpu 337298 336 215905 12148859 3166 0 4153 0 0 0|795927|42000|3822904|3106440|1729738|888138|17902654|33569761|3|NA|NA
2373.014|2026-07-25T13:27:30.184Z|98|Discharging|8506000|NA|1520000|37460000|38000000|NA|NA|NA|NA|0|cpu 337355 336 215974 12149899 3166 0 4154 0 0 0|795927|42000|3822904|3102300|1729738|888146|17906822|33576859|3|NA|NA
2376.015|2026-07-25T13:27:33.224Z|98|Discharging|8514000|NA|1520000|37460000|38000000|NA|NA|NA|NA|0|cpu 337428 336 216040 12150947 3166 0 4154 0 0 0|796668|43000|3822904|3094628|1729738|888210|17909599|33581871|3|NA|NA
2379.014|2026-07-25T13:27:36.281Z|98|Discharging|8506000|NA|1520000|37460000|38000000|NA|NA|NA|NA|0|cpu 337494 336 216113 12151974 3166 0 4156 0 0 0|795927|43000|3822904|3091572|1729738|888226|17916651|33598261|3|NA|NA
2382.016|2026-07-25T13:27:39.198Z|98|Discharging|8500000|NA|1520000|37460000|38000000|NA|NA|NA|NA|0|cpu 337587 336 216195 12152991 3167 0 4157 0 0 0|795517|42000|3822904|3104696|1729738|888354|17919987|33603767|3|NA|NA
2385.014|2026-07-25T13:27:42.182Z|98|Discharging|8506000|NA|1520000|37460000|38000000|NA|NA|NA|NA|0|cpu 337619 336 216239 12154090 3167 0 4158 0 0 0|795143|42000|3822904|3097180|1729738|888450|17923177|33610931|3|NA|NA
2388.014|2026-07-25T13:27:45.199Z|98|Discharging|8474000|NA|1520000|37460000|38000000|NA|NA|NA|NA|0|cpu 337716 336 216330 12155066 3167 0 4160 0 0 0|795927|42000|3822904|3091928|1729738|888466|17928637|33621849|3|NA|NA
2391.015|2026-07-25T13:27:48.201Z|98|Discharging|8498000|NA|1520000|37460000|38000000|NA|NA|NA|NA|0|cpu 337753 336 216381 12156167 3167 0 4161 0 0 0|796676|42000|3822904|3099948|1729738|888682|17931819|33627367|3|NA|NA
2394.014|2026-07-25T13:27:51.199Z|98|Discharging|8514000|NA|1535000|37460000|38000000|NA|NA|NA|NA|0|cpu 337784 336 216415 12157284 3167 0 4161 0 0 0|795927|42000|3822904|3100120|1729738|888690|17932319|33627949|3|NA|NA
2397.014|2026-07-25T13:27:54.193Z|98|Discharging|8502000|NA|1520000|37460000|38000000|NA|NA|NA|NA|0|cpu 337851 336 216483 12158318 3167 0 4163 0 0 0|795919|42000|3822904|3088600|1729738|888762|17936743|33637655|3|NA|NA
